Subject,Channel,Alpha Power,Beta Power,Theta Power,Delta Power
sub-001,Fp1,3.3851945095413e-12,9.019130783743251e-13,1.8404105405207962e-11,1.195847069879136e-10
sub-001,Fp2,3.795102087756e-12,1.0535434512849133e-12,1.9115630588235416e-11,1.343941471822309e-10
sub-001,F3,2.4941538707340774e-12,6.286869402174994e-13,1.0785983487417262e-11,8.764227197258804e-11
sub-001,F4,2.471508767849488e-12,6.254667770217577e-13,9.91754052882356e-12,8.505734583990496e-11
sub-001,C3,2.0648084769969924e-12,4.942061652743029e-13,8.467927917900328e-12,8.286616221007765e-11
sub-001,C4,2.0929083853349792e-12,4.988293417705145e-13,8.567119634971568e-12,8.284722685077875e-11
sub-001,P3,2.1426971435966145e-12,4.860913652070918e-13,9.077135683948528e-12,8.396968973246263e-11
sub-001,P4,2.279373933313508e-12,5.079174821712849e-13,9.709122131311192e-12,8.498322970504256e-11
sub-001,O1,2.570213496702692e-12,6.471142098931034e-13,1.0378393877982442e-11,8.733389515107356e-11
sub-001,O2,2.5528652470084564e-12,5.993880511139023e-13,1.064288298767567e-11,8.749408638803044e-11
sub-001,F7,2.756762990200447e-12,7.294877197373888e-13,1.2756882075682538e-11,9.421068239341692e-11
sub-001,F8,2.955105507895234e-12,7.172382145441726e-13,1.2455010403342165e-11,9.311249733429504e-11
sub-001,T3,2.347561980714803e-12,6.045118868728099e-13,9.765217485147113e-12,8.520975313766651e-11
sub-001,T4,2.398260308992577e-12,6.448231745734802e-13,9.856922459955042e-12,8.482497168101436e-11
sub-001,T5,2.7390779368428394e-12,7.638822886260964e-13,1.0221163058600516e-11,8.67664594492021e-11
sub-001,T6,2.494236520102788e-12,5.85487572438441e-13,1.0149384031711245e-11,8.659606543997636e-11
sub-001,Fz,2.4105814302290263e-12,5.4361661981848e-13,1.0167829856098662e-11,8.616252969779445e-11
sub-001,Cz,2.0895621205601802e-12,5.037235962611528e-13,8.710198480852433e-12,8.295999612435086e-11
sub-001,Pz,2.2250491669312877e-12,4.825738025382757e-13,9.987770824307357e-12,8.496476526347047e-11
sub-002,Fp1,6.459401581144208e-12,9.009734279002885e-13,1.0773869546282933e-11,9.968801112201563e-11
sub-002,Fp2,6.83666639758808e-12,1.0511315941037842e-12,1.0269856259512861e-11,8.92010345500151e-11
sub-002,F3,4.363176858493249e-12,7.747424254790842e-13,8.784485503181468e-12,7.635528977425126e-11
sub-002,F4,5.267431914974161e-12,8.890096408056925e-13,8.966954049028315e-12,7.617202364155449e-11
sub-002,C3,2.4643058749526472e-12,5.301191040308702e-13,7.878821301425084e-12,7.458809637079599e-11
sub-002,C4,2.4631873608843153e-12,5.336617297196029e-13,8.028056327880788e-12,7.407040085951776e-11
sub-002,P3,6.609400578143155e-12,6.638410927354208e-13,9.416198794173945e-12,7.583889179265217e-11
sub-002,P4,6.0292953944703416e-12,6.395509534962945e-13,9.20715164905817e-12,7.580627909614011e-11
sub-002,O1,1.168833336415872e-11,7.586676516250141e-13,1.0585494968792798e-11,7.692104080479267e-11
sub-002,O2,1.0376924106612057e-11,7.234922835689485e-13,1.0355164783904918e-11,7.635825034646667e-11
sub-002,F7,5.946118016067792e-12,9.878615924350002e-13,1.0882101238031458e-11,7.771800572148183e-11
sub-002,F8,5.076352323724743e-12,8.781521256311873e-13,1.0017897446163694e-11,7.661253731801594e-11
sub-002,T3,5.60997440284511e-12,9.289642967780297e-13,1.0525123814849412e-11,7.776748907498069e-11
sub-002,T4,4.059717902391434e-12,8.756628774388645e-13,9.472139437629016e-12,7.620237851641334e-11
sub-002,T5,1.0090903008246088e-11,8.085043290202394e-13,1.1372434787720347e-11,7.754566349240772e-11
sub-002,T6,1.0268119096978941e-11,7.643752207490636e-13,1.1028665017605906e-11,7.697908170964504e-11
sub-002,Fz,5.39713294543579e-12,7.07911192312809e-13,8.88200258897202e-12,7.62822801295265e-11
sub-002,Cz,3.2175179243948804e-12,6.041876677371363e-13,8.136745124267937e-12,7.508872688929797e-11
sub-002,Pz,6.429722293873958e-12,6.777363455391119e-13,9.373771774597802e-12,7.551420461863214e-11
sub-003,Fp1,8.012573734443742e-12,5.886790272066123e-13,1.4406115623394379e-11,6.863200567506993e-11
sub-003,Fp2,7.546298110034536e-12,5.845876074013941e-13,1.4710216827362223e-11,6.953000801264259e-11
sub-003,F3,5.6628161315578476e-12,5.697486510201073e-13,1.1672356388492698e-11,6.684194526160747e-11
sub-003,F4,4.720439628459017e-12,5.479687983333719e-13,1.1906894457681275e-11,6.609524608132119e-11
sub-003,C3,4.032171958274103e-12,5.12747489571102e-13,9.20078928084825e-12,6.230578055912412e-11
sub-003,C4,4.0478025115192086e-12,5.012855556665663e-13,9.31608243894882e-12,6.210760313897755e-11
sub-003,P3,6.812358276988226e-12,6.048602089124938e-13,1.2654498262535076e-11,6.613412394936116e-11
sub-003,P4,1.0396993831198985e-11,6.043683460268146e-13,1.1805773595221305e-11,6.474970780858788e-11
sub-003,O1,1.1083306578197548e-11,6.498609494397143e-13,1.6726755302383228e-11,7.036947832048986e-11
sub-003,O2,1.293307448370483e-11,6.900412052725496e-13,1.5639350349013476e-11,6.81993309801624e-11
sub-003,F7,7.814167601871191e-12,6.085187549964827e-13,1.4218391566445935e-11,6.959645228543175e-11
sub-003,F8,7.231609132334591e-12,6.084964458589752e-13,1.4610952175265253e-11,6.954438558447797e-11
sub-003,T3,6.509117899027615e-12,5.675037980100013e-13,1.2872764780760641e-11,6.699356737625991e-11
sub-003,T4,5.913453335008734e-12,5.556966016842992e-13,1.2431255420162592e-11,6.545770214441696e-11
sub-003,T5,1.304747505360876e-11,6.601446081765314e-13,1.9093687072626494e-11,7.20449812741227e-11
sub-003,T6,2.07781624001948e-11,6.768678689830868e-13,1.7691783633394808e-11,6.940673607755519e-11
sub-003,Fz,6.156312854533449e-12,5.406872884220523e-13,1.335820938187509e-11,6.58314254205083e-11
sub-003,Cz,3.5278448697583495e-12,5.281449264683571e-13,1.0234180925557292e-11,6.408938611051432e-11
sub-003,Pz,7.026623566271328e-12,5.670702371552481e-13,1.218940091869362e-11,6.26848024180694e-11
sub-004,Fp1,3.0326044748859953e-12,1.493050438273433e-12,1.390475288240293e-11,2.017956442690917e-10
sub-004,Fp2,2.9006243826849606e-12,1.373213088495944e-12,1.240028100245455e-11,1.047904687775709e-10
sub-004,F3,2.5946311788531685e-12,1.4860676487503232e-12,1.0540672900918045e-11,8.734731859898582e-11
sub-004,F4,2.422303838255539e-12,8.722864580195028e-13,1.043298613204164e-11,8.542276397925525e-11
sub-004,C3,2.104653201326675e-12,5.838007479304742e-13,9.375250062851597e-12,8.145680349969653e-11
sub-004,C4,2.026322168594769e-12,5.695898209814733e-13,9.52936708282811e-12,8.08173766873561e-11
sub-004,P3,2.1320280018990667e-12,5.41768894326979e-13,9.641808485029248e-12,8.437786400156681e-11
sub-004,P4,2.1021979988923156e-12,6.084656320576918e-13,9.79717877413844e-12,8.454985981678874e-11
sub-004,O1,2.298436134486353e-12,6.396967370220092e-13,1.0188505689571808e-11,8.809569155964742e-11
sub-004,O2,2.220707675396002e-12,6.620842547146457e-13,1.0250910439049356e-11,8.92787850231257e-11
sub-004,F7,2.8681911638548774e-12,1.4538100186138127e-12,1.2857146181130661e-11,1.0079333993036119e-10
sub-004,F8,2.8938478403443807e-12,9.770264126288535e-13,1.2185034392759247e-11,8.883219216390327e-11
sub-004,T3,2.470342634694007e-12,1.0901428969026185e-12,1.2242097649699136e-11,9.132526219258886e-11
sub-004,T4,2.513981280677131e-12,1.2484101260107448e-12,1.1026626069315526e-11,8.494094842570122e-11
sub-004,T5,2.1900410643205208e-12,6.123855816308227e-13,1.0028128302066448e-11,8.592744340811332e-11
sub-004,T6,2.1691719870168975e-12,6.658952764812418e-13,1.01480380166518e-11,8.539227943974398e-11
sub-004,Fz,2.360010580674388e-12,6.182031052226913e-13,1.0651204479327558e-11,8.781463970003398e-11
sub-004,Cz,2.127485935055273e-12,5.660940990448804e-13,9.090518367607796e-12,8.433444704495159e-11
sub-004,Pz,2.079426993410866e-12,5.445455719225305e-13,9.3468074027163e-12,8.371384846273455e-11
sub-005,Fp1,3.4376562101228574e-12,1.5777567192071306e-12,1.3484876766638739e-11,1.6736005001393163e-10
sub-005,Fp2,3.4374286412746027e-12,1.3888831938264704e-12,1.2999407663501695e-11,1.3527910528185685e-10
sub-005,F3,3.905622694652946e-12,1.1203578320405357e-12,1.3795018788337722e-11,1.1768758252903238e-10
sub-005,F4,4.148942161150498e-12,1.1117660238589792e-12,1.488628499366323e-11,1.2945483710022818e-10
sub-005,C3,2.58615310191093e-12,5.799196276428638e-13,9.81203653127959e-12,8.912463599703417e-11
sub-005,C4,2.5438684466285884e-12,5.662766145968906e-13,9.814878782639461e-12,8.78228379758849e-11
sub-005,P3,3.074787794663569e-12,6.537064397296594e-13,1.0138944379179836e-11,9.927256599112694e-11
sub-005,P4,2.9497490031634923e-12,6.777895512051567e-13,9.972307269546665e-12,9.19872735236435e-11
sub-005,O1,3.7296250725438145e-12,8.84621293509117e-13,1.0897347224674899e-11,1.0042195689944314e-10
sub-005,O2,3.715626959707909e-12,9.40645144471382e-13,1.0499187672112823e-11,9.09398388740428e-11
sub-005,F7,3.4068088909088705e-12,1.2777672467255633e-12,1.2633730982798772e-11,1.2856966743079258e-10
sub-005,F8,3.548283180742767e-12,9.675749742574514e-13,1.2813324983691088e-11,1.0630550824981632e-10
sub-005,T3,3.283062007967893e-12,1.2033518335535703e-12,1.2085390643400388e-11,9.358001002576237e-11
sub-005,T4,3.1931059282210817e-12,8.55014326736185e-13,1.1428712786548156e-11,9.071766851009368e-11
sub-005,T5,3.8390901206547916e-12,8.497868702046229e-13,1.137255019159008e-11,9.313974040574457e-11
sub-005,T6,3.48867664479565e-12,8.71480070243636e-13,1.0532897719238811e-11,9.046701129679454e-11
sub-005,Fz,2.7172861097060196e-12,6.550513644036093e-13,1.0195033581448019e-11,9.225843138547195e-11
sub-005,Cz,2.460312937159967e-12,5.628197214398377e-13,9.611609442360457e-12,9.160209332580242e-11
sub-005,Pz,2.796534211012274e-12,6.248575802891212e-13,9.697133358593024e-12,9.149729385184384e-11
sub-006,Fp1,1.399161035746467e-11,1.3650101823848863e-12,9.749930448617572e-12,1.0039645060721772e-10
sub-006,Fp2,1.3904107765792243e-11,1.224771443745649e-12,9.368426793695564e-12,9.657360495328352e-11
sub-006,F3,9.634945781178838e-12,1.2048649805364639e-12,8.569134750825152e-12,8.542777582957053e-11
sub-006,F4,8.818941709053479e-12,1.1185048564083105e-12,8.528276475853594e-12,8.515478352021384e-11
sub-006,C3,3.1969703344220788e-12,7.414988446060799e-13,7.926746894204433e-12,8.257586783692418e-11
sub-006,C4,3.338928898267487e-12,7.643926208198726e-13,7.906887257587094e-12,8.275724357623988e-11
sub-006,P3,1.3285654791958752e-11,7.929933735351319e-13,8.137668594928587e-12,8.380552739198811e-11
sub-006,P4,1.420509882356842e-11,8.32894160379467e-13,8.291644129993922e-12,8.365691618633819e-11
sub-006,O1,1.8409079317904295e-11,9.235692989304955e-13,8.577533288067587e-12,8.549499342272577e-11
sub-006,O2,1.2569776289328645e-11,8.587994833682479e-13,8.569778362632126e-12,8.616718185738372e-11
sub-006,F7,1.3366228075927206e-11,1.348792050369264e-12,9.41253774804833e-12,8.976291795276849e-11
sub-006,F8,1.368371945384688e-11,1.0201871619319851e-12,8.885039162929691e-12,9.04807898228448e-11
sub-006,T3,8.071438933586623e-12,1.0904599993094926e-12,8.565195187177913e-12,8.619261389860288e-11
sub-006,T4,7.724482380504362e-12,8.89473862610439e-13,8.42230697405309e-12,8.58603880128265e-11
sub-006,T5,9.464662903874977e-12,9.538727725558683e-13,8.548324397061516e-12,8.523955593220234e-11
sub-006,T6,1.004217551945947e-11,9.735941763751824e-13,8.578102371550004e-12,8.487685869547313e-11
sub-006,Fz,9.265576442897287e-12,9.835461036916652e-13,8.435552361621757e-12,8.507260661385572e-11
sub-006,Cz,2.471638302165979e-12,6.692686400718043e-13,7.950818439822735e-12,8.305917501911146e-11
sub-006,Pz,1.2047517902416311e-11,6.316555329394628e-13,7.97300017192107e-12,8.3305529463987e-11
sub-007,Fp1,3.034611522712598e-12,7.908275689418712e-13,1.4904153202964846e-11,1.1341299592365938e-10
sub-007,Fp2,3.0793079761105697e-12,8.802828577640301e-13,1.4310187421746341e-11,1.1458588436452508e-10
sub-007,F3,2.701393374445448e-12,7.315181172557296e-13,1.1329576363437136e-11,8.754827719632198e-11
sub-007,F4,2.4469269816776847e-12,6.536868256027634e-13,1.0146610811086185e-11,8.559657961973941e-11
sub-007,C3,2.2452526656689126e-12,5.349182185726291e-13,8.932374942012278e-12,8.151843286228759e-11
sub-007,C4,2.1734015261011003e-12,5.409923411498634e-13,9.018250502673276e-12,8.207929426632054e-11
sub-007,P3,2.6514778087181083e-12,5.694619502138039e-13,1.089180852050154e-11,8.484642494719028e-11
sub-007,P4,2.438333498103218e-12,5.783994315700166e-13,9.745516248641582e-12,8.485586421595541e-11
sub-007,O1,2.7485732910847796e-12,5.893731997791414e-13,1.0944866694648993e-11,8.62963668734035e-11
sub-007,O2,2.6303297816903612e-12,6.208721837819591e-13,1.0404265940906138e-11,8.713182144324616e-11
sub-007,F7,3.0071901635262762e-12,7.270058758734081e-13,1.2204395847647568e-11,9.245352546550804e-11
sub-007,F8,2.9650691012729788e-12,7.051210666616351e-13,1.1667149824177885e-11,9.182199821273593e-11
sub-007,T3,2.9096068188899003e-12,6.815229977444877e-13,1.1782257899899657e-11,8.873167785742923e-11
sub-007,T4,2.779001882606572e-12,6.94731662333978e-13,1.0908486946511351e-11,8.713591251833976e-11
sub-007,T5,3.0163321101468476e-12,6.559929111939143e-13,1.2041372155699064e-11,8.810361915697771e-11
sub-007,T6,2.8512200390576607e-12,6.823567056321505e-13,1.080210479698667e-11,8.602220260054937e-11
sub-007,Fz,2.682940920424667e-12,6.117657469000555e-13,1.2599512538135088e-11,8.868090838888027e-11
sub-007,Cz,2.3327809217023187e-12,5.399828231034475e-13,9.121486494131259e-12,8.300064693145991e-11
sub-007,Pz,2.2087848911915405e-12,5.016983476516644e-13,9.006673569717615e-12,8.41912902957497e-11
sub-008,Fp1,5.5682446761951694e-11,8.159394113664158e-12,3.8305894993828115e-10,2.5433895897524686e-09
sub-008,Fp2,5.516147291485891e-11,8.000324982804809e-12,3.830141592105768e-10,2.4776969743025363e-09
sub-008,F3,5.544788213213778e-11,8.0603440373252e-12,3.816295158267159e-10,2.4495923532271053e-09
sub-008,F4,5.438016167228227e-11,7.58243345950218e-12,3.805361516897827e-10,2.447544438966217e-09
sub-008,C3,5.4430337411859e-11,7.535112826560219e-12,3.8003891289185554e-10,2.415381835032302e-09
sub-008,C4,5.4305014075934426e-11,7.539620729504941e-12,3.793219722330368e-10,2.425089817381673e-09
sub-008,P3,5.486050159911855e-11,7.47271861272125e-12,3.811952253177829e-10,2.4260231647567814e-09
sub-008,P4,4.0790549290103714e-10,9.774716994879687e-11,1.4465693402555598e-09,3.57746522546848e-09
sub-008,O1,5.6537800647091266e-11,7.798836569369698e-12,3.8597955606624297e-10,2.4624166398283064e-09
sub-008,O2,5.4531388582931256e-11,7.008394388316504e-12,3.8137667902944105e-10,2.4478826112953176e-09
sub-008,F7,7.015950873856163e-11,1.1890109337662306e-11,4.158440836862057e-10,2.570420542315398e-09
sub-008,F8,5.462122330556369e-11,7.648127571172676e-12,3.8043498986445337e-10,2.447968983981102e-09
sub-008,T3,5.40255451976279e-11,7.071536531064485e-12,3.8083618207341774e-10,2.454161517426855e-09
sub-008,T4,6.735116435632879e-11,9.044566168227606e-12,4.555153042943837e-10,2.7038174981329507e-09
sub-008,T5,5.455621366960531e-11,7.264975018384976e-12,3.818074463029226e-10,2.4434483589690327e-09
sub-008,T6,5.4687571534478127e-11,7.24928053113493e-12,3.8043683513206605e-10,2.488647131622331e-09
sub-008,Fz,5.5007157843100853e-11,7.768283365734648e-12,3.832626585049141e-10,2.455700696052869e-09
sub-008,Cz,5.5247808436600524e-11,7.698617357142372e-12,3.8200882175474024e-10,2.4342814198920865e-09
sub-008,Pz,5.566179354837226e-11,7.380381679701263e-12,3.8227567993404536e-10,2.478318490354938e-09
sub-009,Fp1,8.105978194219397e-12,1.2407268860361738e-12,1.2622239267448684e-11,1.098633011972918e-10
sub-009,Fp2,7.713682042459418e-12,1.3439178432121942e-12,1.2414504101442271e-11,1.1273364230076732e-10
sub-009,F3,6.650864423049766e-12,9.442836409396328e-13,1.1217065171439583e-11,8.577834085797782e-11
sub-009,F4,5.371395667650546e-12,1.076897015936807e-12,1.015695096402667e-11,8.607685598857662e-11
sub-009,C3,3.251682335675771e-12,6.470665753445951e-13,8.386524121574421e-12,8.464379323251125e-11
sub-009,C4,3.480301974153936e-12,6.69636037343351e-13,8.47598315108186e-12,8.511726178559363e-11
sub-009,P3,4.360232526800426e-12,6.941545324553003e-13,8.824484016290303e-12,8.619110823465582e-11
sub-009,P4,7.436181114084554e-12,7.60438259179921e-13,9.243445214223385e-12,8.641327804360699e-11
sub-009,O1,6.1902689701827055e-12,8.247472031604676e-13,9.35976378016177e-12,8.717566496355336e-11
sub-009,O2,8.367160950829591e-12,8.162018108073848e-13,9.250203449163982e-12,8.650857827164058e-11
sub-009,F7,8.127053295664369e-12,1.1006097812659181e-12,1.0498581143159723e-11,9.02725434166315e-11
sub-009,F8,7.0897178671930785e-12,1.2340523771547487e-12,1.036299710258819e-11,9.233607785192756e-11
sub-009,T3,6.839002284797432e-12,8.347434044151678e-13,1.0119296020136617e-11,8.781876516754201e-11
sub-009,T4,5.101322282924581e-12,1.8950932412878967e-12,9.428334776888832e-12,8.735424237129272e-11
sub-009,T5,6.2801380010471044e-12,8.974039956291197e-13,9.842440525470462e-12,8.776515785623233e-11
sub-009,T6,7.557914191063742e-12,9.355595395228686e-13,9.968716698703486e-12,8.754180047292672e-11
sub-009,Fz,7.468103315742947e-12,9.574315659865758e-13,1.2870971437512125e-11,8.589347569973055e-11
sub-009,Cz,4.542916786840932e-12,7.040740525091439e-13,9.677776159261683e-12,8.477762201201442e-11
sub-009,Pz,4.010223321098949e-12,5.997876892964835e-13,8.30275349476324e-12,8.567832324972546e-11
sub-010,Fp1,2.440718365849306e-12,6.979229770163942e-13,7.939571382698799e-12,8.259425970687207e-11
sub-010,Fp2,2.3652855152033585e-12,6.747309967856906e-13,7.81694680910056e-12,8.13839362288772e-11
sub-010,F3,2.183914453721099e-12,5.733454099934577e-13,7.391765997388072e-12,7.497477071037607e-11
sub-010,F4,2.1668945769833898e-12,5.853576700244129e-13,7.424357776384398e-12,7.463868432191035e-11
sub-010,C3,1.9811031478849875e-12,5.195835070105307e-13,7.2192408607193155e-12,7.330619859608124e-11
sub-010,C4,2.012490388342951e-12,5.273174058096686e-13,7.200578095026951e-12,7.376372727492305e-11
sub-010,P3,2.504649257041844e-12,5.823516301346482e-13,7.326060558496539e-12,7.420047702070398e-11
sub-010,P4,3.0910165309705e-12,6.523466915181573e-13,7.320742018501267e-12,7.454306813412895e-11
sub-010,O1,4.225397109898129e-12,7.278759171782918e-13,7.422505200045822e-12,7.473664080834495e-11
sub-010,O2,4.7029964530610546e-12,8.531291569708547e-13,7.51775918468495e-12,7.544438561162505e-11
sub-010,F7,2.6610316120480065e-12,7.45644581561342e-13,7.624193919574852e-12,7.500752435642339e-11
sub-010,F8,2.6464280624881195e-12,8.081858736850373e-13,7.555804359513741e-12,7.456230032022453e-11
sub-010,T3,3.0438310455640947e-12,7.533637508211546e-13,7.682845083504331e-12,7.530070050168969e-11
sub-010,T4,3.640359598213736e-12,1.0844810733730053e-12,7.670617544184769e-12,7.552513775152603e-11
sub-010,T5,4.050884256031471e-12,7.298075302753218e-13,7.49422011280481e-12,7.516996131710498e-11
sub-010,T6,5.828386584632563e-12,9.643738919929077e-13,7.568524586786267e-12,7.533941827624022e-11
sub-010,Fz,2.225279469310961e-12,5.388814174734098e-13,7.469211548866158e-12,7.521204952115299e-11
sub-010,Cz,2.069223146976569e-12,4.900959862647978e-13,7.420067935153144e-12,7.443093487227081e-11
sub-010,Pz,2.4280284569101917e-12,5.65563312546803e-13,7.356537221669307e-12,7.472261365201441e-11
sub-011,Fp1,5.173351950959891e-11,2.2072036419734743e-11,9.614034943250252e-11,5.513648142011888e-10
sub-011,Fp2,6.126938021224367e-11,2.3153907937798137e-11,1.1592478080823133e-10,6.305665035313699e-10
sub-011,F3,6.388567260666184e-11,2.3547180406166667e-11,1.1397479036530708e-10,3.970440261713505e-10
sub-011,F4,5.880735066156976e-11,2.1596814097331484e-11,1.0849957716848803e-10,4.0332383206107907e-10
sub-011,C3,6.149428573384708e-11,2.162215857637339e-11,1.1151310206859225e-10,3.894771112203643e-10
sub-011,C4,6.022124131516542e-11,2.165663243207986e-11,1.1192374188874005e-10,4.286334903508764e-10
sub-011,P3,6.835515053416677e-11,2.206989071977657e-11,1.1696745732179643e-10,4.0282643773444697e-10
sub-011,P4,9.797832965993103e-11,3.3371693990982315e-11,2.679338645005312e-10,8.321912769525207e-10
sub-011,O1,6.400029582133888e-11,2.0649188784101965e-11,1.0893692185088824e-10,3.8213964332587733e-10
sub-011,O2,8.507021911989108e-11,2.7509353510056793e-11,1.3890796203825006e-10,4.203676046694674e-10
sub-011,F7,6.510465315221224e-11,2.26675965064937e-11,1.1653441722988414e-10,4.033704120241325e-10
sub-011,F8,6.700556449505919e-11,2.350210120744838e-11,1.2136217545925538e-10,4.694794211168234e-10
sub-011,T3,7.670651422546623e-11,2.637681067735581e-11,1.3719165442995654e-10,4.50007279964841e-10
sub-011,T4,6.646118785426204e-11,2.2349932650420606e-11,1.2174038816730788e-10,4.043170913372346e-10
sub-011,T5,7.533308102884914e-11,2.5056650691059868e-11,1.2864796906697537e-10,4.1158393464686997e-10
sub-011,T6,8.015462672150173e-11,2.387146671686475e-11,1.4904437344883417e-10,5.116866809875333e-10
sub-011,Fz,6.335903234385448e-11,2.2020207413460518e-11,1.2032901925753149e-10,4.410002726756187e-10
sub-011,Cz,5.7685047175336745e-11,1.995486136868735e-11,1.065898168055544e-10,4.2885430244943684e-10
sub-011,Pz,6.665720580894013e-11,2.3209209599515265e-11,1.2453466081176815e-10,4.405204096958033e-10
sub-012,Fp1,6.103246369249245e-11,3.894911867154081e-11,1.4711125610214013e-10,9.057570855947652e-10
sub-012,Fp2,6.53796512063114e-11,3.929076566901763e-11,1.4543544028362438e-10,1.0069018383302065e-09
sub-012,F3,5.974768888104286e-11,3.834100566199274e-11,1.3469498501504027e-10,8.416792609725771e-10
sub-012,F4,6.201043335263197e-11,3.884122669977916e-11,1.343838451648221e-10,8.647267112590348e-10
sub-012,C3,5.284076626671137e-11,3.432331846679817e-11,1.1078292180748631e-10,8.464247641923493e-10
sub-012,C4,5.555876418310577e-11,3.3258657114108096e-11,1.3174240070644667e-10,8.091187884227738e-10
sub-012,P3,1.0498469377503279e-10,4.793244906757418e-11,5.140938228979009e-10,2.3129014977987965e-09
sub-012,P4,5.814919696849909e-11,3.3117447480202564e-11,1.4493686225084327e-10,1.0173641106840808e-09
sub-012,O1,8.917317243233756e-10,9.884441474596383e-11,1.5304622905402128e-09,8.674526176842744e-09
sub-012,O2,1.3749683029082991e-10,5.035369919127709e-11,4.3045829294183953e-10,2.1718506107463524e-09
sub-012,F7,6.18413540812879e-11,3.525901839418485e-11,1.368204536390983e-10,8.481151092423783e-10
sub-012,F8,6.244226644734832e-11,3.716524583253083e-11,1.3835878219338393e-10,8.41310377762865e-10
sub-012,T3,6.32482146984809e-11,3.76176687744218e-11,1.428182450428963e-10,8.404676523612707e-10
sub-012,T4,6.088431797948663e-11,3.5121953522829394e-11,1.3603331574272333e-10,8.433058366394543e-10
sub-012,T5,4.712967703522523e-10,9.381054439611754e-11,1.8101544033171e-09,2.0917283918168437e-08
sub-012,T6,6.374489741187623e-11,3.671420783935852e-11,1.412681586144916e-10,8.367751582652618e-10
sub-012,Fz,6.061137590243572e-11,3.567067887125047e-11,1.5905824389930804e-10,9.394623467876703e-10
sub-012,Cz,6.252717010371413e-11,3.0852177668554085e-11,1.4943504939538404e-10,1.3522321325733196e-09
sub-012,Pz,6.032529173321224e-11,3.445492753743634e-11,1.3350414581907519e-10,1.0390717294742623e-09
sub-013,Fp1,4.580826153351429e-12,1.1893647357394632e-12,2.0681628999795344e-11,2.4216854781837266e-10
sub-013,Fp2,4.605611426224835e-12,1.0298509291542477e-12,1.8756144514591756e-11,2.0754241966819096e-10
sub-013,F3,3.5120860187046106e-12,7.279930303862683e-13,1.5864262579558062e-11,1.3279662048733404e-10
sub-013,F4,4.335147864440572e-12,8.787770418912775e-13,1.873634198255642e-11,2.2183941216514628e-10
sub-013,C3,3.491425787037372e-12,6.287409409941002e-13,1.4748875611178064e-11,1.288016547444603e-10
sub-013,C4,3.664115205660187e-12,6.455501768044315e-13,1.5043923067344625e-11,1.2700742905755672e-10
sub-013,P3,3.9546193195631446e-12,7.09016532996959e-13,1.6570655318301388e-11,1.6705008185146712e-10
sub-013,P4,5.875513693268916e-12,8.966674586884922e-13,1.8274749080330162e-11,1.449751739781374e-10
sub-013,O1,6.372643297436484e-12,1.0435805397813948e-12,2.421512696364859e-11,2.7231159963328194e-10
sub-013,O2,7.375648823564776e-12,9.124593140410534e-13,1.8413271139455076e-11,1.4203529691909437e-10
sub-013,F7,3.961241581695712e-12,1.0074507597090178e-12,1.803981039720016e-11,1.488443767952355e-10
sub-013,F8,4.241005532553537e-12,9.921932195841067e-13,1.6709820177413736e-11,1.653536083364782e-10
sub-013,T3,4.0597214971984774e-12,1.0098345622591002e-12,1.695493836430951e-11,1.3573414425806463e-10
sub-013,T4,4.158266231202381e-12,8.81764668696741e-13,1.611389685845004e-11,1.2763691930502585e-10
sub-013,T5,2.378082984281924e-11,2.3135223664504585e-12,9.823385326892792e-11,3.329749008170033e-10
sub-013,T6,6.415801850854434e-12,1.2348336062479193e-12,3.187812801300032e-11,3.214380733298554e-10
sub-013,Fz,3.5154730055164617e-12,6.483557811508865e-13,1.6241669562587798e-11,1.2966327365290787e-10
sub-013,Cz,3.5731968495688127e-12,6.315080391328971e-13,1.490806794297283e-11,1.2995798959163872e-10
sub-013,Pz,4.377402617846041e-12,7.46950106728599e-13,1.74657836140874e-11,2.0435743519873762e-10
sub-014,Fp1,1.3245712258667237e-11,5.165594158322639e-12,4.0341159799377925e-11,4.856607943919755e-10
sub-014,Fp2,1.8367398964540493e-10,4.5652177934237076e-11,6.05953661064786e-10,2.639457919282113e-09
sub-014,F3,1.3521380701804446e-11,5.629915508605183e-12,3.509429968294831e-11,2.415355833583457e-10
sub-014,F4,1.1795649745835443e-11,4.631126869185671e-12,3.3517240990454124e-11,2.512646713881323e-10
sub-014,C3,1.2733877820453946e-11,5.000036086266102e-12,3.3760937961217056e-11,2.2810549474998677e-10
sub-014,C4,1.1682376390238843e-11,4.297447733847043e-12,3.2961588242456325e-11,2.2645176746165782e-10
sub-014,P3,1.4075578329863377e-11,5.698315193851626e-12,3.546059191179853e-11,2.306284463429871e-10
sub-014,P4,1.2038551961800194e-11,4.271246289883906e-12,3.3599006820180274e-11,2.2851345366240416e-10
sub-014,O1,1.269586091259693e-11,4.49314618619995e-12,3.504978756337896e-11,2.3542781220328045e-10
sub-014,O2,1.2624106281325037e-11,4.4899556089544756e-12,3.4626241733709994e-11,2.338208006292418e-10
sub-014,F7,1.3303981215920811e-11,5.127936187456089e-12,3.6203875985805384e-11,2.4764411562697293e-10
sub-014,F8,1.267148951555421e-11,4.299319571339699e-12,3.726956181589488e-11,3.1059269136644364e-10
sub-014,T3,1.2845912148445689e-11,4.81118144162029e-12,3.539995570085515e-11,2.350170710499657e-10
sub-014,T4,1.2159081937198436e-11,4.3544509497518576e-12,3.437330392010078e-11,2.330550019938327e-10
sub-014,T5,1.2913140923565667e-11,4.8967832601524416e-12,3.518546845618118e-11,2.33548365851858e-10
sub-014,T6,1.251170068124801e-11,4.407865595542146e-12,3.447297220163138e-11,2.334936159827431e-10
sub-014,Fz,1.1220329078763458e-11,4.152010835036711e-12,3.3144352320162524e-11,2.3122904720971408e-10
sub-014,Cz,1.1771405703892039e-11,4.445386800636944e-12,3.322423282082532e-11,2.2695958579558575e-10
sub-014,Pz,1.194276046321587e-11,4.444788848198428e-12,3.364945382415597e-11,2.2905311174031607e-10
sub-015,Fp1,3.833579580540238e-12,9.917973129348453e-13,1.0088013787961806e-11,1.0446438413387252e-10
sub-015,Fp2,3.729460095389882e-12,1.2966047881100393e-12,1.0705705257969745e-11,1.1316691257606835e-10
sub-015,F3,3.2535715974330077e-12,6.53184198817658e-13,9.408688032819725e-12,9.563629574322009e-11
sub-015,F4,3.191446251151523e-12,6.943166908361406e-13,9.720667379122266e-12,9.697007567978922e-11
sub-015,C3,2.6023317132750695e-12,5.075963598267043e-13,8.964139608019984e-12,9.405527103850506e-11
sub-015,C4,2.528934721387677e-12,5.04102574605192e-13,9.124186148746698e-12,9.440184169947994e-11
sub-015,P3,6.44984757845553e-12,6.063658440998795e-13,9.742618582936646e-12,9.488619896010018e-11
sub-015,P4,5.064866365723063e-12,5.684376391622074e-13,9.463873790764468e-12,9.439345762177198e-11
sub-015,O1,9.784037657847676e-12,7.109045282533781e-13,1.028461780166343e-11,9.573826675319404e-11
sub-015,O2,1.056455900386823e-11,7.324033385461191e-13,1.0310141650552153e-11,9.58969487264695e-11
sub-015,F7,4.0049809551807246e-12,7.097036230555899e-13,9.910935961561878e-12,9.727809232522454e-11
sub-015,F8,3.964186895016128e-12,6.373019103155629e-13,1.0154513768986999e-11,1.0033157098003715e-10
sub-015,T3,5.3241468090237095e-12,6.100420319598286e-13,9.981185265462674e-12,9.562958994893781e-11
sub-015,T4,3.9681667961081405e-12,8.260098574505781e-13,9.901003139058861e-12,9.517321519555814e-11
sub-015,T5,1.3516666410432777e-11,7.204344548718878e-13,1.0986966528232084e-11,9.615253587825436e-11
sub-015,T6,9.826604670011198e-12,6.735925983749366e-13,1.041507747853886e-11,9.56040479732352e-11
sub-015,Fz,3.50469632096413e-12,5.763460263676532e-13,9.704686086930954e-12,9.598185638878466e-11
sub-015,Cz,2.9096955616688494e-12,5.058202976932769e-13,9.022687347183676e-12,9.417688145610338e-11
sub-015,Pz,6.060924710820604e-12,5.96574872857111e-13,9.430103450509417e-12,9.439323678517743e-11
sub-016,Fp1,5.780021954275452e-12,1.0859755764041315e-12,2.5949333619479122e-11,2.1942477569265675e-10
sub-016,Fp2,5.730943426839443e-12,1.0621863407899912e-12,2.6478295987722763e-11,2.0480627931054996e-10
sub-016,F3,7.609320964091714e-12,1.5497975950399637e-12,3.1398986275926384e-11,2.2740220406579603e-10
sub-016,F4,5.440713970798972e-12,9.405050788402797e-13,2.4373493787644574e-11,1.8991023688650942e-10
sub-016,C3,5.84419841810319e-12,9.385502408240071e-13,2.4718998220399094e-11,2.0484066360078858e-10
sub-016,C4,5.349371605572784e-12,9.165689695105437e-13,2.389118847658033e-11,1.772778582682884e-10
sub-016,P3,5.389621288128769e-12,9.050110595288172e-13,2.4106681988022407e-11,1.7604357854566435e-10
sub-016,P4,5.775297151550683e-12,9.858211738163025e-13,2.5673672227958065e-11,1.9809272207475634e-10
sub-016,O1,5.7403558527954945e-12,9.878616091419738e-13,2.5595294294877263e-11,1.8082734193722934e-10
sub-016,O2,6.128060320663154e-12,1.0845486430188278e-12,2.7605799366668073e-11,2.0613178008787453e-10
sub-016,F7,7.884160841549138e-11,2.6531842915280092e-11,4.737359099817721e-10,1.9563912453427305e-09
sub-016,F8,5.815170388321382e-12,1.0222159070653686e-12,2.5792320695209132e-11,2.0917466790161955e-10
sub-016,T3,5.713965526761663e-12,9.762035089827796e-13,2.510223609023087e-11,1.7694758571293623e-10
sub-016,T4,3.084613980071796e-10,1.3764911032265625e-10,7.90321497334984e-10,4.772548786579724e-09
sub-016,T5,5.606804986633556e-12,9.51716059500261e-13,2.489727005845047e-11,1.8857823017915756e-10
sub-016,T6,5.978089615111493e-12,1.0468884246535453e-12,2.6216879872846626e-11,1.8742685709847777e-10
sub-016,Fz,5.487060954111815e-12,9.244329327149777e-13,2.537204404002222e-11,1.7883211064443044e-10
sub-016,Cz,5.318451977628911e-12,9.125666349924049e-13,2.4088154196863368e-11,1.7990814844411696e-10
sub-016,Pz,5.422761448675458e-12,9.270520174345697e-13,2.4304378529628195e-11,1.7872761496249135e-10
sub-017,Fp1,3.4408768985699017e-12,7.157293455002273e-13,1.591639577004582e-11,1.5121920847038706e-10
sub-017,Fp2,3.364082073156311e-12,7.670528435120933e-13,1.5250617457734906e-11,1.5427361983719997e-10
sub-017,F3,3.430328085939764e-12,6.900117270105635e-13,1.6075884563529242e-11,1.2251419436032027e-10
sub-017,F4,2.951181399397203e-12,6.418587979973454e-13,1.3032728134771197e-11,1.180707810027704e-10
sub-017,C3,2.4750542251968024e-12,5.461708518204356e-13,1.0816437541825344e-11,1.0827846202800725e-10
sub-017,C4,2.5388726198360738e-12,5.502894447832893e-13,1.1495140802219075e-11,1.1047865754164962e-10
sub-017,P3,3.0452440567184255e-12,5.885724444538033e-13,1.1236374135590627e-11,1.1488150048733048e-10
sub-017,P4,3.155257103578259e-12,5.50188658842901e-13,1.176851664782654e-11,1.0856630449400969e-10
sub-017,O1,4.8036585135229555e-12,8.597094935048374e-13,1.5931460531015185e-11,1.8634671971719538e-10
sub-017,O2,4.6381822031822135e-12,7.102742010582721e-13,1.3774722545529758e-11,1.3417838184586053e-10
sub-017,F7,3.4626335065238973e-12,8.126118269398714e-13,1.5247350546057153e-11,1.2854139529891765e-10
sub-017,F8,3.558839897196548e-12,8.822227075839024e-13,1.526107009848339e-11,1.4145391949235518e-10
sub-017,T3,3.0161551228709873e-12,6.805092159687111e-13,1.367347685273067e-11,1.1750837594570175e-10
sub-017,T4,3.604214433144061e-12,9.653925964085864e-13,1.526202964130763e-11,2.016354487134953e-10
sub-017,T5,3.139292583049815e-12,6.52840384260886e-13,1.2513547698450445e-11,1.1612128709767317e-10
sub-017,T6,4.0286442434578525e-12,6.967023803492469e-13,1.4653565345363576e-11,1.259292024103367e-10
sub-017,Fz,3.001018766382583e-12,5.863301134937443e-13,1.442452946361156e-11,1.1314850434627938e-10
sub-017,Cz,2.710937109989181e-12,7.66749955011182e-13,1.0704980891874996e-11,1.217461881911652e-10
sub-017,Pz,3.221436804881278e-12,5.885582287003485e-13,1.106679365966758e-11,1.1177125881849366e-10
sub-018,Fp1,5.596360991106737e-12,1.4848001131653674e-12,1.5169693825644087e-11,1.2236136021224512e-10
sub-018,Fp2,5.280561087620484e-12,1.773502753079014e-12,1.3859362350230006e-11,1.1001982311319263e-10
sub-018,F3,6.204695138363473e-12,1.4889998436452826e-12,1.524573920108371e-11,1.0977096615779317e-10
sub-018,F4,5.554435064937214e-12,1.5904763215721944e-12,1.41878472363987e-11,1.0240174705360518e-10
sub-018,C3,4.2498889368675735e-12,1.0035055040379125e-12,1.1581542825067268e-11,1.0219412078710415e-10
sub-018,C4,4.1634959156527365e-12,1.0072657858450325e-12,1.1923556393643037e-11,9.975521843899322e-11
sub-018,P3,6.133783338112693e-12,9.795735545775307e-13,1.6426591724896442e-11,1.0719027971184861e-10
sub-018,P4,4.620610993301132e-12,8.508955346571403e-13,1.336030440378444e-11,1.0243498341879454e-10
sub-018,O1,7.0564838123293585e-12,1.050402310775083e-12,1.705442482168943e-11,1.0936202042869486e-10
sub-018,O2,8.415393295371852e-12,1.1328556683644949e-12,1.8320607222654754e-11,1.1060118509286364e-10
sub-018,F7,6.254293610927248e-12,1.4765125264116677e-12,1.8879599915426326e-11,1.203575356496724e-10
sub-018,F8,6.613547903627111e-12,1.8236217787688304e-12,1.4711585404856604e-11,1.0510778207372433e-10
sub-018,T3,5.823211094550616e-12,1.1732450563361145e-12,2.2470330272398457e-11,1.1556599050859202e-10
sub-018,T4,6.60592338772795e-12,1.2064972428334326e-12,1.4810069732769025e-11,1.0383926229987054e-10
sub-018,T5,6.685429597446891e-12,1.101920440503232e-12,2.2783282657087365e-11,1.1198253026618818e-10
sub-018,T6,8.437264851799745e-12,1.0284982777620117e-12,1.859404838437459e-11,1.0399536950385678e-10
sub-018,Fz,5.149189449309079e-12,1.4180396133997115e-12,1.447371629373027e-11,1.0446560755040082e-10
sub-018,Cz,3.997426059044036e-12,1.8661141939831803e-12,1.1669115654673908e-11,1.0120354491670684e-10
sub-018,Pz,5.9557651333883346e-12,8.98560072372025e-13,1.4757002181670696e-11,1.0443073428839527e-10
sub-019,Fp1,3.020112842672076e-12,8.352424639994689e-13,9.983124498092492e-12,1.0777169548472824e-10
sub-019,Fp2,2.965334785640779e-12,8.181854571997332e-13,9.576138168570514e-12,1.0187024362498303e-10
sub-019,F3,2.4153212438391287e-12,8.579945643100152e-13,8.580317792912439e-12,8.600971292059176e-11
sub-019,F4,2.541518881643115e-12,7.612664010517528e-13,8.66910574027254e-12,8.689057997278023e-11
sub-019,C3,2.241115764950604e-12,5.385830913294972e-13,8.397940533043308e-12,8.46163961028402e-11
sub-019,C4,2.2272206515024926e-12,5.45731387324014e-13,8.389502129656287e-12,8.436504083479349e-11
sub-019,P3,2.6934654070960925e-12,5.900015823537484e-13,8.552916163423024e-12,8.463613516047618e-11
sub-019,P4,2.653431487096392e-12,5.686746914085712e-13,8.503015665514826e-12,8.506222864847566e-11
sub-019,O1,4.2396366398666384e-12,7.57633406726406e-13,8.897995947575102e-12,8.64914484178576e-11
sub-019,O2,4.489462760825508e-12,7.646629305874251e-13,8.9964362107292e-12,8.778790559817894e-11
sub-019,F7,3.3865150691050654e-12,2.316584477540065e-12,9.001700069836202e-12,9.044390365416552e-11
sub-019,F8,3.3739568716604947e-12,1.0021529079683447e-12,9.26260224756723e-12,9.379968841743432e-11
sub-019,T3,2.801745240695026e-12,9.267182901548757e-13,8.817317661975384e-12,8.614258819262181e-11
sub-019,T4,3.206039253327357e-12,2.0874956822165943e-12,8.804645032210377e-12,8.615057625427447e-11
sub-019,T5,2.9754706894002678e-12,6.970540429418357e-13,8.750509953690362e-12,8.568509228083404e-11
sub-019,T6,3.1069235300414205e-12,7.186983390958006e-13,8.739715049626882e-12,8.643217176459595e-11
sub-019,Fz,2.357406033515862e-12,6.077114213105056e-13,8.551446246459048e-12,8.59690986307145e-11
sub-019,Cz,2.1768569498536815e-12,5.063169375607747e-13,8.40803509300884e-12,8.456952711388204e-11
sub-019,Pz,2.7073474046091678e-12,5.576761834955221e-13,8.499688334655886e-12,8.492007387487355e-11
sub-020,Fp1,2.9808094776605693e-12,8.032796067609132e-13,1.2717108132678207e-11,1.5349727840018849e-10
sub-020,Fp2,3.1456514409634327e-12,8.50035713724528e-13,1.3646507254094813e-11,1.595163698727846e-10
sub-020,F3,2.4912466072380476e-12,6.363367573538644e-13,9.813779042695929e-12,1.0529630323701981e-10
sub-020,F4,2.569455875778213e-12,6.373243831735332e-13,1.0055916312213302e-11,1.0608475743055417e-10
sub-020,C3,2.121804613969498e-12,5.010882005676475e-13,9.036290267817189e-12,9.875970286942694e-11
sub-020,C4,2.1291080941251772e-12,5.013175130863785e-13,8.952551804140632e-12,9.881395257748517e-11
sub-020,P3,2.3642456866622467e-12,5.166406589299656e-13,9.405910324444393e-12,9.884340717522756e-11
sub-020,P4,2.492666148327193e-12,5.317754996822201e-13,9.402760105571806e-12,9.92200066827753e-11
sub-020,O1,3.1280588322385e-12,6.33348245725759e-13,1.021754428793242e-11,1.003750714319409e-10
sub-020,O2,3.2607274618423176e-12,6.43799031669371e-13,1.0242050683806928e-11,1.0062492549761274e-10
sub-020,F7,3.275203951723356e-12,1.259962106935412e-12,1.2235232053330672e-11,1.1276979515901174e-10
sub-020,F8,3.1195215594451337e-12,8.524326153227497e-13,1.165592745885857e-11,1.0946254425094567e-10
sub-020,T3,2.8065265431958298e-12,7.837572862608037e-13,1.1180899893325189e-11,1.0234623867547292e-10
sub-020,T4,2.8248663281548173e-12,8.288471440473958e-13,1.04036146969682e-11,1.0232366161853078e-10
sub-020,T5,2.9367660682199305e-12,6.545443427016871e-13,1.0422310926785424e-11,9.969463837798586e-11
sub-020,T6,3.1872266660210547e-12,6.770364742503505e-13,1.0328846883382516e-11,1.0069125072923263e-10
sub-020,Fz,2.4699649252755615e-12,5.405052771496172e-13,9.591296417050929e-12,1.057631840452903e-10
sub-020,Cz,2.2025950692524045e-12,4.916251424787856e-13,9.076696998668342e-12,9.976076685550279e-11
sub-020,Pz,2.268649406344904e-12,4.961855586351132e-13,9.196287063313382e-12,9.885554153149728e-11
sub-021,Fp1,3.2082353196721137e-12,1.425675085113886e-12,1.2898446014840055e-11,1.2584939057962596e-10
sub-021,Fp2,2.988832168414246e-12,1.3061024501840906e-12,1.1554387080113188e-11,1.1991809772015088e-10
sub-021,F3,2.729796170782027e-12,8.564633056301603e-13,1.0164294528983024e-11,1.0018718973977517e-10
sub-021,F4,2.682252010130304e-12,1.046184956698746e-12,1.0089251577805387e-11,1.0116628362693644e-10
sub-021,C3,2.316076436009549e-12,5.627417937439961e-13,9.348474617801208e-12,9.753156835771017e-11
sub-021,C4,2.3105576004411434e-12,5.771971864029991e-13,9.456154856360246e-12,9.833630551468991e-11
sub-021,P3,3.032259488326523e-12,7.960399858807969e-13,1.0525172614836442e-11,1.0701903467032268e-10
sub-021,P4,2.7396493368190054e-12,6.97841654877289e-13,9.928686988325685e-12,9.984590326333517e-11
sub-021,O1,3.5489181388791225e-12,1.1513917413331388e-12,1.0773242095138245e-11,1.0252953465966808e-10
sub-021,O2,3.395679547077741e-12,1.0051467121953404e-12,1.0741948972293712e-11,1.0221072607846498e-10
sub-021,F7,4.3047182044104e-12,1.0681938543293439e-12,1.1612788506389771e-11,1.063856330237453e-10
sub-021,F8,3.812381646196379e-12,1.1515986417585109e-12,1.2006807495083836e-11,1.1389640372921918e-10
sub-021,T3,4.0076879536790585e-12,8.90075357822239e-13,1.076130683643863e-11,1.0077288419102746e-10
sub-021,T4,3.570470305286194e-12,9.097729062181066e-13,1.0855897670697778e-11,1.025054229219635e-10
sub-021,T5,3.948278659086251e-12,1.0679445631623556e-12,1.0418179166945299e-11,9.9734625957445e-11
sub-021,T6,3.800890473187968e-12,9.990854046273038e-13,1.1105011686885094e-11,1.0319283097105325e-10
sub-021,Fz,2.743583118927593e-12,6.943033217080804e-13,1.0348899234642963e-11,9.898042246954503e-11
sub-021,Cz,2.2775532905958155e-12,5.716536811577525e-13,9.403020937465272e-12,9.817261618081336e-11
sub-021,Pz,2.518029521693861e-12,6.540400829289496e-13,9.702296573160135e-12,9.92657649877293e-11
sub-022,Fp1,4.210290075203279e-12,1.3216401538588193e-12,1.7241410599409516e-11,1.5106931301120756e-10
sub-022,Fp2,4.5036264126084614e-12,1.3322856211263532e-12,1.7159188912751253e-11,1.6145312609662173e-10
sub-022,F3,3.7765738184999494e-12,1.1216659581170188e-12,1.4828661408661096e-11,1.1046150467541979e-10
sub-022,F4,3.76385620967989e-12,1.0753643123493265e-12,1.469058608508271e-11,1.1001544925567014e-10
sub-022,C3,3.0196344527288768e-12,8.16743756413843e-13,1.2655435101332193e-11,9.514272451704457e-11
sub-022,C4,3.07492104653573e-12,8.11395538818711e-13,1.2671548964407401e-11,9.834769392757239e-11
sub-022,P3,4.5120938753626454e-12,8.493711659200132e-13,1.5113947515258846e-11,9.936707626319946e-11
sub-022,P4,4.038749902586019e-12,7.855152811847113e-13,1.4371115861808655e-11,1.0405622490907163e-10
sub-022,O1,8.216829239070553e-12,1.0015356182631106e-12,1.8885120955370504e-11,1.1558440147246414e-10
sub-022,O2,5.189526117548669e-12,9.009587712625579e-13,1.610493937962447e-11,1.126647838615196e-10
sub-022,F7,4.339418170300923e-12,2.356999845172106e-12,1.6556024538816253e-11,1.1944727671276493e-10
sub-022,F8,3.075010950546574e-11,6.649888398766707e-12,1.1581420595543405e-10,2.874579138379242e-10
sub-022,T3,4.2438675589711085e-12,1.0000980552119877e-12,1.523803910838248e-11,1.0419676816542832e-10
sub-022,T4,4.475999704883662e-12,1.0540873380556092e-12,1.5492988240815595e-11,1.0956398980354544e-10
sub-022,T5,9.801276108143578e-12,1.0871044656538475e-12,1.9230845269031302e-11,1.0969343654340897e-10
sub-022,T6,5.498227996272384e-12,9.210512242072131e-13,1.6207630480496794e-11,1.0743867041305768e-10
sub-022,Fz,3.5947750840914074e-12,8.891009299794541e-13,1.4173045433186825e-11,1.0706683790792832e-10
sub-022,Cz,3.49249824905067e-12,8.879946459232454e-13,1.3042194569960958e-11,9.508569458873637e-11
sub-022,Pz,4.384483331829018e-12,9.542341960911827e-13,1.5896979462034225e-11,1.1053892580139444e-10
sub-023,Fp1,3.066055476841071e-11,9.229241866426479e-12,1.3398020876360026e-10,5.769187306054315e-10
sub-023,Fp2,3.078165806071694e-11,8.982621909572755e-12,1.346812098852687e-10,5.764528886117643e-10
sub-023,F3,3.05936182307028e-11,8.845139800532302e-12,1.3547036067602757e-10,5.330395555784463e-10
sub-023,F4,2.4545574286475952e-11,7.013057882547244e-12,1.1590316217064749e-10,5.06481480131579e-10
sub-023,C3,3.1810687455232815e-11,9.152700094334094e-12,1.429053190363834e-10,5.390080772780557e-10
sub-023,C4,4.6702553665124645e-11,7.379087725542586e-12,1.5185997571571893e-10,6.225173601336831e-10
sub-023,P3,3.217641412060718e-11,8.578579082510377e-12,1.3914304921470297e-10,5.404305597343992e-10
sub-023,P4,1.5737590210560385e-10,5.010394791628005e-11,4.1162793692896364e-10,1.7474115116211129e-09
sub-023,O1,3.7829834306524734e-11,7.341754843359241e-12,1.2567435340894738e-10,7.729045084293744e-10
sub-023,O2,1.158674503771301e-10,2.302091918370031e-11,5.447218266333273e-10,3.1145719236017303e-09
sub-023,F7,2.7217153903758837e-11,8.107020122802812e-12,1.2349125689191091e-10,5.216915982598802e-10
sub-023,F8,7.468879778876355e-11,1.1868910853869522e-11,2.603767854371423e-10,7.188662723141106e-10
sub-023,T3,3.234164574166804e-11,9.758985888133414e-12,1.4358067858148737e-10,5.383869894591481e-10
sub-023,T4,3.2107546640452736e-11,1.0011720202541251e-11,1.3882281526420166e-10,5.247495871134075e-10
sub-023,T5,3.705248391996584e-11,9.407480788642551e-12,1.469528645846167e-10,5.409767099100902e-10
sub-023,T6,1.024137681123066e-10,2.4830544318354712e-11,3.0491017576651125e-10,9.603924789897615e-10
sub-023,Fz,3.3321413395303207e-11,9.005648722085853e-12,1.4452517858743468e-10,5.419292849028366e-10
sub-023,Cz,2.924364335493058e-11,8.592520949926343e-12,1.3356317851344984e-10,5.271723141057434e-10
sub-023,Pz,3.134571775410802e-11,8.230983993580013e-12,1.42882333565603e-10,5.976122452725088e-10
sub-024,Fp1,4.56389691548194e-12,1.1315852012453494e-12,1.973643906818963e-11,1.285826158267759e-10
sub-024,Fp2,4.312811031760084e-12,9.196575277940371e-13,2.022110304507773e-11,1.322214173554439e-10
sub-024,F3,3.718727971708942e-12,7.269707729830456e-13,1.5527626719436544e-11,9.516855658778194e-11
sub-024,F4,3.5130254659665773e-12,6.820698064958175e-13,1.4301553036581846e-11,9.420933186232176e-11
sub-024,C3,2.567254067124321e-12,5.441392991011844e-13,1.1067629850034818e-11,8.988446592156761e-11
sub-024,C4,2.5692082911605355e-12,5.479949293595389e-13,1.0500063528997859e-11,8.791505098682618e-11
sub-024,P3,3.0302105988930363e-12,5.694661108065277e-13,1.1719640298485851e-11,9.130943945968688e-11
sub-024,P4,2.963222895656348e-12,5.628990641041788e-13,1.1764142560629286e-11,9.040196481234702e-11
sub-024,O1,3.478911686166644e-12,6.703890699328667e-13,1.211215313979175e-11,9.212171378694598e-11
sub-024,O2,3.5393375635566307e-12,6.77979961280768e-13,1.2516233658584173e-11,9.197619302776166e-11
sub-024,F7,4.294830230385744e-12,7.968703048474568e-13,1.847487819646554e-11,1.1047570660318916e-10
sub-024,F8,3.9176497809852825e-12,7.672863533781176e-13,1.6321895191710103e-11,1.038214467055459e-10
sub-024,T3,3.909750664017261e-12,7.115262299051528e-13,1.7032786015895423e-11,1.0099910872169684e-10
sub-024,T4,3.5566944930122294e-12,6.979301447871112e-13,1.4729258740872815e-11,9.506563659168182e-11
sub-024,T5,3.696635723154773e-12,7.041900146843258e-13,1.4394767691410457e-11,9.400342966928099e-11
sub-024,T6,3.5560204454534404e-12,6.896797105160685e-13,1.4067160852858036e-11,9.127326107392685e-11
sub-024,Fz,3.5594682960652692e-12,6.37782313156743e-13,1.5152418225393725e-11,9.402309915136083e-11
sub-024,Cz,2.4881733887149024e-12,5.690872787870816e-13,9.60397211703015e-12,8.820509463712032e-11
sub-024,Pz,2.7646791353060454e-12,5.227056102729208e-13,1.0638222654197114e-11,9.054363999573162e-11
sub-025,Fp1,5.82626721524052e-12,1.2408509289814804e-12,1.3158379591452793e-11,1.496243327999643e-10
sub-025,Fp2,5.905538811617011e-12,1.1766444839249408e-12,1.4144472567814563e-11,2.15546325814358e-10
sub-025,F3,4.291173451573969e-12,9.905642026176728e-13,1.1441125710062594e-11,1.183622610018651e-10
sub-025,F4,4.793755174857216e-12,1.2264401937233451e-12,1.284041135506078e-11,1.2901196011450927e-10
sub-025,C3,2.7981355927302678e-12,7.63790323463856e-13,1.1215909649581182e-11,1.1782262241236092e-10
sub-025,C4,2.8019008073064618e-12,7.297848008107322e-13,1.1272937027069192e-11,1.1786253334333016e-10
sub-025,P3,9.057761007112229e-12,8.413093758952558e-13,1.155752436081637e-11,1.1874450642312563e-10
sub-025,P4,1.1565545789416677e-11,9.166354137393684e-13,1.1917919326285758e-11,1.2089818523594538e-10
sub-025,O1,2.881924115191977e-11,1.3419458051775365e-12,1.3611652623299574e-11,1.2959822486765087e-10
sub-025,O2,3.027320587689665e-11,1.338018282040466e-12,1.3596644534777573e-11,1.25344271857963e-10
sub-025,F7,4.504968287091907e-12,3.253984264898951e-12,1.1658014470683017e-11,1.202870725999527e-10
sub-025,F8,4.4050498837161e-12,2.7423902439076857e-12,1.1985996457118406e-11,1.2385375668182168e-10
sub-025,T3,4.841274688183071e-12,2.817584790543305e-12,1.195627865454356e-11,1.1939435175344098e-10
sub-025,T4,5.031380983828152e-12,2.0994299792514378e-12,1.2129827210417462e-11,1.2212984985920375e-10
sub-025,T5,1.585510001582079e-11,1.3996600501082386e-12,1.2841232895187911e-11,1.206512263749069e-10
sub-025,T6,2.0126316002095635e-11,1.3029824380955777e-12,1.3134093776420566e-11,1.2119700872808718e-10
sub-025,Fz,4.7947735947902935e-12,7.377684213551848e-13,1.1391079454257373e-11,1.1807702513671732e-10
sub-025,Cz,3.043779963370662e-12,6.486440919100136e-13,1.1257140359311876e-11,1.184945438479568e-10
sub-025,Pz,7.990600105227772e-12,7.599444277695203e-13,1.1443002561182811e-11,1.191717053253997e-10
sub-026,Fp1,5.465648805744038e-12,2.355315081381287e-12,2.5776494299136762e-11,1.892534519787088e-10
sub-026,Fp2,5.60406154659463e-12,2.3469573185985603e-12,2.9173461407667967e-11,2.335879748694688e-10
sub-026,F3,3.1204670273384907e-12,2.1007739553119927e-12,1.2895035648979953e-11,9.889380607843378e-11
sub-026,F4,3.3707780882278983e-12,3.046204008149154e-12,1.3191315230905935e-11,1.0501270076425819e-10
sub-026,C3,2.5088367759078685e-12,1.4301205267595942e-12,9.732150512926751e-12,9.225519151812445e-11
sub-026,C4,2.481033536418792e-12,1.4667906332435297e-12,9.541088172421123e-12,9.196803406683644e-11
sub-026,P3,2.8222730035714653e-12,1.3035234851519136e-12,1.1077503630441149e-11,9.655396344992853e-11
sub-026,P4,2.849128559761736e-12,1.4155412483657627e-12,1.1313598248123743e-11,9.455678120416652e-11
sub-026,O1,4.113611821706375e-12,2.1591179022079884e-12,1.3864953020982523e-11,1.0217171570635403e-10
sub-026,O2,4.533575693246516e-12,2.293045767877873e-12,1.5632069466419932e-11,1.0960870412297536e-10
sub-026,F7,6.0683430304659825e-12,1.0689360195039234e-11,1.6987533515521526e-11,1.1378578920341591e-10
sub-026,F8,4.8689869610174045e-12,5.358918902403168e-12,1.7137792170248527e-11,1.3705779409111583e-10
sub-026,T3,3.5502467883574506e-12,3.5725208634366624e-12,1.1820918267845164e-11,9.842612917439157e-11
sub-026,T4,3.819893787149378e-12,3.802730321406619e-12,1.2043398957358315e-11,1.0350639420497573e-10
sub-026,T5,3.1631860754274776e-12,1.8300861393829387e-12,1.1486130024893916e-11,9.609719545696196e-11
sub-026,T6,3.873620123809953e-12,1.942741886661511e-12,1.4297245494420219e-11,1.002873315512595e-10
sub-026,Fz,2.9038598810633967e-12,1.1940896558938697e-12,1.2036452169581814e-11,9.692318270684978e-11
sub-026,Cz,2.7147250969809496e-12,1.1992715970914006e-12,1.0013988962628964e-11,9.284945547047046e-11
sub-026,Pz,2.8677287401805422e-12,1.4197891075777548e-12,1.1023961538998377e-11,9.855243399975064e-11
sub-027,Fp1,6.427186559511246e-12,1.957806146407855e-12,3.155780499619163e-11,3.543533998990895e-10
sub-027,Fp2,6.464214020878985e-12,1.8172573412002347e-12,3.4089843335187176e-11,2.1794046221537712e-10
sub-027,F3,5.923051333316786e-12,1.6060455888219187e-12,3.427301115133996e-11,1.734077417363068e-10
sub-027,F4,6.0366232385690134e-12,1.7101449489513237e-12,3.245584105537505e-11,1.6552576329891954e-10
sub-027,C3,5.368048278849114e-12,1.4812373240954026e-12,1.785751731762267e-11,1.340565849098534e-10
sub-027,C4,5.583604832099431e-12,1.4892074150426193e-12,1.7782298891973945e-11,1.338438495252919e-10
sub-027,P3,5.9462045433874835e-12,1.5139272791194651e-12,2.107394395843869e-11,1.3754484379309719e-10
sub-027,P4,5.815663895833718e-12,1.4159877253461549e-12,2.3052786828405705e-11,1.434466432208493e-10
sub-027,O1,7.182037488646639e-12,1.6670295642623228e-12,2.5821458335608063e-11,1.4422115926546624e-10
sub-027,O2,6.88912216860058e-12,1.5673297730786751e-12,2.7429817407650394e-11,1.4896766742787782e-10
sub-027,F7,7.244864295022765e-12,2.456794831082778e-12,2.6368454430625995e-11,1.838688059888243e-10
sub-027,F8,7.101529213272476e-12,2.7234061001599805e-12,3.1025151450798015e-11,1.900892868010445e-10
sub-027,T3,6.576425586068578e-12,2.132059143203059e-12,2.2044696303048832e-11,1.5039173421951183e-10
sub-027,T4,4.38445959010437e-11,1.7831125620866395e-11,9.534937188884719e-11,5.548280484048642e-10
sub-027,T5,6.359281189142712e-12,1.8480666734831627e-12,2.2138553976688673e-11,1.412566765822126e-10
sub-027,T6,6.559616289140029e-12,1.6276058599488262e-12,2.6054210194303624e-11,1.4301901753388794e-10
sub-027,Fz,7.56241432060178e-12,1.6684435951206065e-12,4.232498858092993e-11,1.6929232502005296e-10
sub-027,Cz,6.024712917064444e-12,1.7687173577694587e-12,1.942006487280183e-11,1.5805519690144728e-10
sub-027,Pz,5.902140040805063e-12,1.4660739699785546e-12,2.2667893260628245e-11,1.4336655771560177e-10
sub-028,Fp1,4.066111353384246e-12,8.519835030969363e-13,1.957918719213897e-11,1.335868986383917e-10
sub-028,Fp2,3.916961621148887e-12,7.879370952938823e-13,1.8501919367975907e-11,1.176261873212735e-10
sub-028,F3,3.1693905962872136e-12,6.235506666215742e-13,1.450504072954473e-11,8.787090765379668e-11
sub-028,F4,3.065236607838176e-12,6.405968432287981e-13,1.2729211447093137e-11,8.541766461063015e-11
sub-028,C3,2.3444643557035084e-12,4.850699871370978e-13,9.92325527448301e-12,8.13966194047469e-11
sub-028,C4,2.371669956038594e-12,5.295189831539919e-13,9.928676710608698e-12,8.136248920975355e-11
sub-028,P3,2.7948219024785383e-12,5.875967502335855e-13,1.086991416919042e-11,8.340991183066624e-11
sub-028,P4,2.4651368442473437e-12,5.38229771529376e-13,1.0299744724190458e-11,8.323078270325838e-11
sub-028,O1,3.0034940325633878e-12,6.459029002381469e-13,1.1052056273951037e-11,8.239259116257327e-11
sub-028,O2,2.7218505731729625e-12,6.017327548843858e-13,1.0302525962749635e-11,8.242602624982232e-11
sub-028,F7,3.5528720498048936e-12,6.768239786406726e-13,1.7073076628320035e-11,9.692340784103372e-11
sub-028,F8,3.5021856206490715e-12,7.151224852257135e-13,1.514809450808342e-11,9.517251427971727e-11
sub-028,T3,3.328772628081642e-12,6.386626845068742e-13,1.5296448409790897e-11,8.812543831539263e-11
sub-028,T4,2.891680885759322e-12,6.076608055858406e-13,1.1919284713224175e-11,8.364674102661749e-11
sub-028,T5,2.9907848746147555e-12,6.355422025993801e-13,1.2125404525949088e-11,8.22065416452986e-11
sub-028,T6,2.7815844819487228e-12,5.882660638846686e-13,1.0852511715902143e-11,8.271510094474162e-11
sub-028,Fz,3.1216599876822575e-12,5.94922140017672e-13,1.3796726516141164e-11,8.698059951122452e-11
sub-028,Cz,2.424965785903441e-12,5.73080275081191e-13,9.289567444528706e-12,8.129980746916361e-11
sub-028,Pz,2.3979513567292894e-12,5.213519335768314e-13,9.365388023713726e-12,8.110261018763061e-11
sub-029,Fp1,1.259217876607656e-11,2.747652642325255e-12,1.009547649571421e-10,1.914594060376457e-09
sub-029,Fp2,1.205901603739864e-11,2.611480393405352e-12,9.170212740641109e-11,1.885879479724234e-09
sub-029,F3,1.2267629862929084e-11,2.422791935317534e-12,9.219817070599142e-11,1.9101554924269094e-09
sub-029,F4,1.1933757379761975e-11,2.615485768183352e-12,9.07522628409846e-11,1.869793445637925e-09
sub-029,C3,1.1211632715957784e-11,2.200670647796688e-12,8.677832379837524e-11,1.8621681374166823e-09
sub-029,C4,1.1016575891912332e-11,2.22513892038392e-12,8.669448409502434e-11,1.8710271222278963e-09
sub-029,P3,1.14550698920296e-11,2.2195292018315026e-12,8.734043141062516e-11,1.8554067174564444e-09
sub-029,P4,1.1343305112264529e-11,2.2354042352635177e-12,8.712238788749744e-11,1.8520721213475193e-09
sub-029,O1,1.245860872595156e-11,2.4112989320638827e-12,8.866200054158641e-11,1.8667163802012935e-09
sub-029,O2,1.2349644119444815e-11,2.4454864006403923e-12,8.815131599000293e-11,1.8734172326213976e-09
sub-029,F7,1.178703121625511e-11,2.4551169078689776e-12,8.968050801082698e-11,1.8536891263577917e-09
sub-029,F8,1.1901440792770123e-10,3.934928533803849e-11,4.435916416221129e-10,2.5233057630640033e-09
sub-029,T3,1.1517596221149153e-11,2.340727948738002e-12,9.006934352104478e-11,1.8667287430861406e-09
sub-029,T4,1.1329097123096245e-11,2.3766065523288777e-12,9.014372325615454e-11,1.858419186944337e-09
sub-029,T5,1.1568331175833075e-11,2.2408719855692824e-12,8.814832733467385e-11,1.853993118192442e-09
sub-029,T6,1.1771920940774709e-11,2.34072427319577e-12,8.967897900456718e-11,1.8852582895757517e-09
sub-029,Fz,1.1454024798227084e-11,2.262373416646084e-12,8.981012739905435e-11,1.8708167780357667e-09
sub-029,Cz,1.1282536984610997e-11,2.309679896923376e-12,8.560202639360171e-11,1.8610583314952067e-09
sub-029,Pz,1.1583274273947438e-11,2.260283920286394e-12,8.738786449073237e-11,1.8682284799715157e-09
sub-030,Fp1,7.899902534936589e-12,2.4255156138951878e-12,3.6372888300263376e-11,3.433268279982812e-10
sub-030,Fp2,7.354736003454206e-12,3.791350031406322e-12,3.376665436059742e-11,2.9546053501380956e-10
sub-030,F3,6.054981078210995e-12,1.030277478584617e-12,3.258242718657318e-11,2.1612740385416124e-10
sub-030,F4,5.469014591392706e-12,1.6600500072417437e-12,2.654575626302916e-11,1.6933600753102065e-10
sub-030,C3,4.069497666257372e-12,7.527513435848584e-13,1.5943638301546914e-11,1.392985663422991e-10
sub-030,C4,4.194193166474202e-12,7.316058031221637e-13,1.5674396272964552e-11,1.3701952366337512e-10
sub-030,P3,4.430325701543278e-12,7.911676935123732e-13,1.710215154569077e-11,1.4244124152042178e-10
sub-030,P4,5.130252744433123e-12,1.0706242674214368e-12,1.89673326579476e-11,1.5546252008199692e-10
sub-030,O1,5.818163959254107e-12,1.5412265908598087e-12,2.1767650039754656e-11,1.5626527283831948e-10
sub-030,O2,6.238936008707494e-10,1.8808602267677424e-10,1.980715291832033e-09,1.4470671822228997e-08
sub-030,F7,8.353689168852298e-12,1.2274732495082176e-12,3.50685295824037e-11,2.530864058161465e-10
sub-030,F8,7.185081814441294e-12,1.4064989055228823e-12,3.0060343797244534e-11,1.916886217938012e-10
sub-030,T3,7.331854396874973e-12,1.003040075336221e-12,3.1025162832786804e-11,2.355803258242317e-10
sub-030,T4,6.2242518732698146e-12,1.2045197253271615e-12,2.4077102048905416e-11,1.7413044420285265e-10
sub-030,T5,6.512900240695854e-12,1.0385531116609394e-12,2.4196019063329497e-11,1.800205157766869e-10
sub-030,T6,5.509978615259419e-12,1.1719197063575457e-12,2.03047138384647e-11,1.6043680592241904e-10
sub-030,Fz,5.408951899473714e-12,9.207164434469252e-13,3.906740644776613e-11,2.0277831660529e-10
sub-030,Cz,3.6327264389068294e-12,8.108914838884777e-13,1.7300468499818767e-11,1.5566004990664096e-10
sub-030,Pz,3.965904411981013e-12,8.44936363685012e-13,1.6739721473425294e-11,1.3914629016570436e-10
sub-031,Fp1,1.4275814875165758e-11,4.062620107545127e-12,4.431172067760065e-11,3.6007847294793834e-10
sub-031,Fp2,1.4474657368279783e-11,4.21303115015399e-12,4.5063120572806795e-11,3.734879171443743e-10
sub-031,F3,1.3198453901057574e-11,3.666239216213182e-12,4.20272443164987e-11,3.4509506696568095e-10
sub-031,F4,1.3611905109053098e-11,3.85075717695036e-12,4.3010356994420985e-11,3.5288219513783216e-10
sub-031,C3,1.2654206590156253e-11,3.623132996159659e-12,4.143192155204107e-11,3.4458019482572737e-10
sub-031,C4,1.3061840209609776e-11,3.703660711754262e-12,4.234006453358599e-11,3.5034716789801763e-10
sub-031,P3,1.4020730348746318e-11,3.4665905608800278e-12,3.9168036286881206e-11,3.2515957828296835e-10
sub-031,P4,1.4018987027750629e-11,3.5735032161886842e-12,4.253927031499253e-11,3.5184583062513954e-10
sub-031,O1,1.903543464276562e-11,3.988156728407825e-12,4.36714948866005e-11,3.511766134392015e-10
sub-031,O2,2.24484263790719e-11,3.974064412583194e-12,4.4111943882340377e-11,3.600065873963831e-10
sub-031,F7,1.3818536823401126e-11,4.461893268152333e-12,4.327952324147623e-11,3.560718089439211e-10
sub-031,F8,1.3606861895979537e-11,3.9568329413294766e-12,4.346209312977895e-11,3.5608148630379363e-10
sub-031,T3,1.4562036886640838e-11,4.214135773318128e-12,4.349817460955941e-11,3.5170245037353826e-10
sub-031,T4,1.376961153091699e-11,4.547969145458221e-12,4.2685879301229946e-11,3.507997956665701e-10
sub-031,T5,2.0093815557245303e-11,3.890071066799972e-12,4.344543722327148e-11,3.465980203306045e-10
sub-031,T6,1.835501730571431e-11,3.886862644195914e-12,4.412847627753519e-11,3.585408745362141e-10
sub-031,Fz,1.4169838711796408e-11,3.800812448786494e-12,4.3343506489158564e-11,3.5217841186176427e-10
sub-031,Cz,1.347144122923771e-11,3.7502397563653465e-12,4.2449339611933e-11,3.509439824536917e-10
sub-031,Pz,1.4124226281129744e-11,3.650714742558174e-12,4.117127531310225e-11,3.4428554585226147e-10
sub-032,Fp1,1.869590676086283e-10,6.900827420213729e-11,2.9660972236202444e-10,7.731875040494221e-10
sub-032,Fp2,1.867405424778587e-10,6.929948330827083e-11,2.9700291266767536e-10,7.521035575610953e-10
sub-032,F3,1.8553113274538427e-10,6.870477283331941e-11,2.898051515879243e-10,7.138261939579663e-10
sub-032,F4,1.8615297019695914e-10,6.882326071822315e-11,2.916036829545546e-10,7.124774749760622e-10
sub-032,C3,1.8475010174726564e-10,6.872399948820174e-11,2.8700954555211955e-10,7.073515884124197e-10
sub-032,C4,1.8532751100483553e-10,6.878193556924191e-11,2.883872149285358e-10,7.072926959733351e-10
sub-032,P3,1.8479500762335823e-10,6.884813375722821e-11,2.882559191917812e-10,7.070702684113631e-10
sub-032,P4,1.8557796491506052e-10,6.89462841606753e-11,2.9031433283305675e-10,7.068759153183868e-10
sub-032,O1,1.86147566275629e-10,6.905242382041603e-11,2.919369498823557e-10,7.102715750284007e-10
sub-032,O2,1.8754642496345794e-10,6.92050890513112e-11,2.9315980110911787e-10,7.11566067779159e-10
sub-032,F7,1.8650083887975681e-10,6.890374429179815e-11,2.914656874629451e-10,7.2087600609945e-10
sub-032,F8,1.8710382364832418e-10,6.91450501612811e-11,2.9506931784762783e-10,7.344664918885228e-10
sub-032,T3,1.8640187021816954e-10,6.887848162145924e-11,2.9051133344713907e-10,7.133807088552606e-10
sub-032,T4,1.8650256588189843e-10,6.897265595263207e-11,2.9313064367526165e-10,7.145234124658495e-10
sub-032,T5,1.8567778773726067e-10,6.899682283478067e-11,2.909281330396834e-10,7.107642860192501e-10
sub-032,T6,1.8747439272207956e-10,6.924319861777326e-11,2.9529432068504186e-10,7.121629674813112e-10
sub-032,Fz,1.8600502771627903e-10,6.869049048833389e-11,2.9144273146714827e-10,7.144726597522286e-10
sub-032,Cz,1.8492557372593195e-10,6.859461254414274e-11,2.869801100466374e-10,7.078232668427065e-10
sub-032,Pz,1.8493053604312124e-10,6.87692074624569e-11,2.890287894154429e-10,7.06956087587113e-10
sub-033,Fp1,3.840197723486319e-12,1.9541180059240315e-12,1.0075095297559395e-11,9.491057558194682e-11
sub-033,Fp2,3.7294339094263605e-12,2.2103905357904274e-12,1.0370440431004146e-11,9.766761206593267e-11
sub-033,F3,3.1920462356488107e-12,1.4774596151012173e-12,9.210764153400084e-12,8.29808131577605e-11
sub-033,F4,3.0052632658380554e-12,1.6237177406245083e-12,9.435958933828458e-12,8.222164155010055e-11
sub-033,C3,2.631283021739353e-12,7.33944723273348e-13,8.38406231431566e-12,7.941521512081698e-11
sub-033,C4,2.7127814569278987e-12,7.432879956502298e-13,8.513270437101014e-12,7.937635642240985e-11
sub-033,P3,3.3959954633787884e-12,8.807281720978629e-13,8.706959803133841e-12,7.995636605378042e-11
sub-033,P4,3.6535558459984565e-12,8.732046531773726e-13,9.040293555887592e-12,8.003529795198318e-11
sub-033,O1,4.603340758165506e-12,1.1116027562856413e-12,9.622449373110052e-12,8.115267451838847e-11
sub-033,O2,3.60556990954293e-12,9.288304660224255e-13,9.540536534225717e-12,8.12930217195932e-11
sub-033,F7,6.228638411549964e-12,1.2906233144416608e-12,1.0807784043810516e-11,8.821754537867875e-11
sub-033,F8,4.2153484680123265e-12,1.7035271909961985e-12,9.960535665130188e-12,8.653698111252377e-11
sub-033,T3,7.008111138345398e-12,1.3049322392955561e-12,1.0178712239621121e-11,8.311552495911184e-11
sub-033,T4,6.20354919285866e-12,1.2710440290543534e-12,1.0455375184178673e-11,8.271376296028619e-11
sub-033,T5,5.545482883651147e-12,1.148309509711738e-12,9.60719283070061e-12,8.123459955578768e-11
sub-033,T6,4.694034365117829e-12,1.0633200516193793e-12,9.69511650455813e-12,8.068888309609224e-11
sub-033,Fz,3.141753806844719e-12,1.2721769444600622e-12,1.0295091664072434e-11,8.232850100758896e-11
sub-033,Cz,2.5086075374591385e-12,7.878551883163943e-13,8.997971346598728e-12,7.999610815493069e-11
sub-033,Pz,2.609416733780035e-12,6.75685800116171e-13,8.798695825961432e-12,7.970923671829734e-11
sub-034,Fp1,2.699077779429991e-12,7.237057738573413e-13,1.3446823241386328e-11,1.32908851368754e-10
sub-034,Fp2,2.7229784644023806e-12,7.317144250057489e-13,1.2593377007974289e-11,1.255142262154675e-10
sub-034,F3,2.5265268681794943e-12,6.523480233805354e-13,1.1162626608143972e-11,1.1077875981854953e-10
sub-034,F4,2.397707745796823e-12,5.852893395158151e-13,1.017601024848372e-11,1.0197995727035243e-10
sub-034,C3,2.365396092116925e-12,5.904772213250816e-13,9.958103158521687e-12,1.0247339460316531e-10
sub-034,C4,2.523660365697243e-12,6.432117148500128e-13,1.0218209152782781e-11,1.0555031227016086e-10
sub-034,P3,2.9258746230418112e-12,7.859958039017709e-13,1.1402064724304137e-11,1.122366317632105e-10
sub-034,P4,2.7238298723424856e-12,7.032490261728131e-13,1.0290013683629137e-11,1.042638052220416e-10
sub-034,O1,3.185579718199775e-12,7.727073034199525e-13,1.1148796871472063e-11,1.0282839434953778e-10
sub-034,O2,3.403755879193575e-12,8.075621488784274e-13,1.163568486693029e-11,1.0816211932623513e-10
sub-034,F7,3.161846909258509e-10,4.6569559684312754e-11,1.2025279745738127e-09,1.185249354716549e-08
sub-034,F8,2.722928896910958e-12,6.63594580332584e-13,1.1575118575548386e-11,1.0594249617984396e-10
sub-034,T3,2.5860981790602776e-12,7.757557567057661e-13,1.1364115147486187e-11,1.0384725927407864e-10
sub-034,T4,2.7615746760614005e-12,6.285414018478688e-13,1.1703438096785195e-11,1.0192741172053383e-10
sub-034,T5,2.868052068874374e-12,7.307287251776517e-13,1.1066069382699074e-11,1.0231193902769815e-10
sub-034,T6,3.190297981070063e-12,7.316359230705577e-13,1.1761841493293669e-11,1.023289277642056e-10
sub-034,Fz,2.310725510861685e-12,5.593533701953616e-13,1.0034736228648128e-11,1.0230789953145134e-10
sub-034,Cz,2.2236190670674624e-12,5.1745974924687e-13,9.6622061594055e-12,1.0163568285830299e-10
sub-034,Pz,2.392914149127881e-12,6.042414218319936e-13,1.0000566947661399e-11,1.0203658323426706e-10
sub-035,Fp1,3.4805149535874776e-12,8.770208741614024e-13,1.1022454174922668e-11,1.1066485874768695e-10
sub-035,Fp2,3.502502758233345e-12,1.0183106535329586e-12,1.1208211011667966e-11,1.0547565850793318e-10
sub-035,F3,2.7320599432512074e-12,6.218052896724251e-13,9.660278213749937e-12,8.704869742290033e-11
sub-035,F4,2.715235114168565e-12,6.313605759480999e-13,9.792319732519485e-12,8.450304034936878e-11
sub-035,C3,2.157867920272854e-12,4.747602253180352e-13,8.80989323358098e-12,8.108047101930444e-11
sub-035,C4,2.138227675227784e-12,4.779254492144894e-13,8.852024695160192e-12,8.084887047705101e-11
sub-035,P3,2.317972579875681e-12,5.310548845948225e-13,9.08734337023917e-12,8.329113562916948e-11
sub-035,P4,2.3064968175655483e-12,4.904022649026432e-13,9.07289464933664e-12,8.393698800664061e-11
sub-035,O1,2.505511200581989e-12,6.360696488631109e-13,9.59550415131444e-12,8.602771474870225e-11
sub-035,O2,2.460637779240816e-12,5.493102327644468e-13,9.520581470355675e-12,8.670008441359888e-11
sub-035,F7,3.8523401851897514e-12,7.878707703426862e-13,1.3203823658415197e-11,9.478943408354019e-11
sub-035,F8,3.5071322068087355e-12,7.931370750143091e-13,1.3310739732575e-11,9.176687530012642e-11
sub-035,T3,3.1406502842718983e-12,1.0440397388011706e-12,1.1432853069252542e-11,8.853248902732992e-11
sub-035,T4,3.1025963677269854e-12,9.640730292154652e-13,1.1473394952141177e-11,8.459978962626822e-11
sub-035,T5,2.6189894887867118e-12,7.330717407582537e-13,9.85388430887177e-12,8.643482167166368e-11
sub-035,T6,2.6100457899726946e-12,6.168247703988295e-13,9.867507308661277e-12,8.865255621984196e-11
sub-035,Fz,2.784007811917758e-12,5.228052428303659e-13,9.60210896445431e-12,8.588524146038303e-11
sub-035,Cz,2.260762793668869e-12,4.584996328587384e-13,8.67683373523687e-12,8.084611584222924e-11
sub-035,Pz,2.2564190487460536e-12,4.629284100014524e-13,8.910844457605904e-12,8.326459246023146e-11
sub-036,Fp1,9.224825821502615e-12,2.0746227979255452e-12,1.185412098807384e-11,9.519040255777235e-11
sub-036,Fp2,8.002207212640421e-12,2.041602079274595e-12,1.1181374364652413e-11,8.870113412076216e-11
sub-036,F3,6.80422361310372e-12,1.7323173278595536e-12,1.0033130080796272e-11,8.002082843350632e-11
sub-036,F4,6.531343584935696e-12,1.7426331069327663e-12,1.0023665941504195e-11,7.938187340882773e-11
sub-036,C3,6.843443509035063e-12,1.3978353860436805e-12,9.448624906585107e-12,7.939606790091497e-11
sub-036,C4,7.0301553495579355e-12,1.3826715572396373e-12,9.391466383334294e-12,7.853592379525359e-11
sub-036,P3,9.274699563510424e-12,2.040387605342335e-12,1.023621584088392e-11,8.030296760845166e-11
sub-036,P4,1.0853233409263956e-11,1.7928150696250317e-12,1.0773833831058071e-11,8.035485971378937e-11
sub-036,O1,1.0083749787330363e-11,2.0340554343139387e-12,1.0878427257510292e-11,8.112675376736535e-11
sub-036,O2,1.0322173863040868e-11,1.8086916782060997e-12,1.146108189974303e-11,8.112688590549717e-11
sub-036,F7,1.1669745222122986e-11,1.962012547381181e-12,1.2766464718543219e-11,9.489512674778395e-11
sub-036,F8,9.466383852551276e-12,1.881597301142153e-12,1.1837228855128367e-11,8.856431699438178e-11
sub-036,T3,1.3841100838759955e-11,2.1299310509885844e-12,1.2699848088338277e-11,8.54108410180842e-11
sub-036,T4,1.1810140007261142e-11,1.884626204441213e-12,1.2273993734348833e-11,8.275639787984658e-11
sub-036,T5,9.722703340880434e-12,1.8067533633369166e-12,1.1043497238516096e-11,8.09816761432893e-11
sub-036,T6,1.5017096351814627e-11,2.3710546834994415e-12,1.2476210344801855e-11,8.1097316337742e-11
sub-036,Fz,6.8834004377442156e-12,1.7984160987801187e-12,1.0492131638388627e-11,7.806072707942319e-11
sub-036,Cz,5.913655994954573e-12,1.5330657823076268e-12,9.612799588062157e-12,8.000291289945944e-11
sub-036,Pz,7.153007164398644e-12,1.4898024155053317e-12,9.979396414580769e-12,8.038859124909426e-11
sub-037,Fp1,9.656570235650445e-12,1.1087346522069887e-12,1.6860314879537547e-11,1.2135687035980446e-10
sub-037,Fp2,9.464307189415617e-12,1.0815275401181098e-12,1.6315965964004886e-11,1.2296353623797705e-10
sub-037,F3,6.570600765366986e-12,1.0162091519684492e-12,1.51113654025403e-11,1.0968824876710194e-10
sub-037,F4,7.422719031750198e-12,9.537292171855714e-13,1.5475647731725536e-11,1.1159095473283564e-10
sub-037,C3,4.469619121465252e-12,7.447808334542355e-13,1.3633415988293123e-11,1.0678413171957367e-10
sub-037,C4,4.654672497577173e-12,8.116564215025954e-13,1.4590570431952712e-11,1.0761581531405846e-10
sub-037,P3,1.6692775196122586e-11,9.028901376488085e-13,1.7112764192636644e-11,1.1052521790384863e-10
sub-037,P4,1.050534657389248e-11,9.118887340480922e-13,1.603257737659216e-11,1.0930818327151371e-10
sub-037,O1,2.9740936548355324e-11,1.0359995597069622e-12,1.9925787900980022e-11,1.0697413767724007e-10
sub-037,O2,2.5542139018341528e-11,1.0504121352885779e-12,1.8935923388135523e-11,1.0934268241262561e-10
sub-037,F7,8.67693794973853e-12,1.378704792313206e-12,1.770577681698392e-11,1.168604089329756e-10
sub-037,F8,9.144891925128552e-12,1.057496472453992e-12,1.647389627417731e-11,1.1401411108151902e-10
sub-037,T3,7.262277762499888e-12,1.0761033534923262e-12,1.6695131359487678e-11,1.1144734286995756e-10
sub-037,T4,6.8510703108565525e-12,1.0237012028079155e-12,1.5873604363199412e-11,1.1182101847467767e-10
sub-037,T5,2.211139655427166e-11,1.4089196969549836e-12,2.7609861219892556e-11,3.214403054692472e-10
sub-037,T6,1.446055604488941e-11,1.084123232892997e-12,1.774705091598399e-11,1.0935184011898807e-10
sub-037,Fz,7.452262309819071e-12,9.038952799841421e-13,1.5205664108951554e-11,1.0964779585159794e-10
sub-037,Cz,5.14784243119016e-12,7.573149810561137e-13,1.3793452930787675e-11,1.0673375771315606e-10
sub-037,Pz,1.6811611887964636e-11,6.953654933645737e-13,1.5153740836995994e-11,1.0399968456735796e-10
sub-038,Fp1,4.113615103699913e-12,1.1187509303814222e-12,1.0136645108566049e-11,9.774420840269916e-11
sub-038,Fp2,3.969477645389475e-12,1.2566702558866725e-12,1.0099581978870292e-11,9.8636109589069e-11
sub-038,F3,3.0923532146964526e-12,1.0330606108321979e-12,9.618292277294094e-12,8.77715075253831e-11
sub-038,F4,3.1587632668799036e-12,1.1401150192771196e-12,9.68063955807342e-12,8.918274319169547e-11
sub-038,C3,2.4806305435025634e-12,8.187664934238162e-13,9.169838525823354e-12,8.576755891323448e-11
sub-038,C4,2.539517648703778e-12,7.999476895334161e-13,9.100073365107586e-12,8.526320928546708e-11
sub-038,P3,4.311568363559281e-12,9.4831512688706e-13,1.1329850302201904e-11,1.211641510393541e-10
sub-038,P4,4.682752498189438e-12,9.719871845872575e-13,1.1983100169810357e-11,1.7861385189111642e-10
sub-038,O1,7.97142918830413e-12,1.1151877184250985e-12,1.0673445028179283e-11,9.012588395972103e-11
sub-038,O2,1.0925179575077624e-11,1.148699431178436e-12,1.1759301389156154e-11,1.0960291380416069e-10
sub-038,F7,4.141206936577502e-12,1.2180991585202282e-12,9.725001571673725e-12,9.052807270905411e-11
sub-038,F8,4.152495082285463e-12,1.3655171159023075e-12,1.0094235935589194e-11,9.2611803521468e-11
sub-038,T3,3.594823889912916e-12,8.989063329416663e-13,9.546511431840286e-12,8.743680487826117e-11
sub-038,T4,3.543142838545447e-12,1.0577248323221006e-12,9.74764319554441e-12,9.457736014659679e-11
sub-038,T5,7.088683807796594e-12,1.169125524836912e-12,1.586253581246625e-11,1.4333141042144895e-10
sub-038,T6,7.677456741984213e-12,1.2396844679633989e-12,1.2721216319290718e-11,1.9349500687510366e-10
sub-038,Fz,2.9040720880302173e-12,9.744082880658603e-13,9.613489641895164e-12,8.711455848870414e-11
sub-038,Cz,3.0263221392488206e-12,8.462407848464218e-13,1.1057181920340328e-11,1.3080226576738392e-10
sub-038,Pz,3.977374517497709e-12,8.18020566144767e-13,1.0964572958032019e-11,1.9913818925464495e-10
sub-039,Fp1,1.7455758193228387e-11,2.0110475102036244e-12,1.127935240648751e-11,1.0219727839956339e-10
sub-039,Fp2,1.76260240143448e-11,2.0349579972413705e-12,1.1403627592584273e-11,1.0193848957562126e-10
sub-039,F3,1.1622016430764065e-11,1.1987468649204984e-12,1.0590354746852829e-11,9.910406743279288e-11
sub-039,F4,1.3946457524591595e-11,1.2745157520541642e-12,1.0717173461734502e-11,9.680442242554467e-11
sub-039,C3,8.223852009426591e-12,8.661763011325818e-13,9.667488000220639e-12,9.537378333837959e-11
sub-039,C4,8.00485692376506e-12,8.614890768410485e-13,9.375994450466114e-12,9.006351326339184e-11
sub-039,P3,2.3724900154677958e-11,1.1609136493954762e-12,1.171566913967737e-11,9.604437060095028e-11
sub-039,P4,1.3270749943948474e-11,1.0029174722587724e-12,1.292872493657256e-11,1.5391290448887637e-10
sub-039,O1,4.2835423040899104e-11,1.3218351533699399e-12,1.4806050143280574e-11,9.727430470052831e-11
sub-039,O2,3.624531670527752e-11,1.5741917669279176e-12,1.4670459367194253e-11,1.6713808448745845e-10
sub-039,F7,1.4809115789090934e-11,1.3352200538198668e-12,1.0740070182154559e-11,9.864791554028411e-11
sub-039,F8,1.641871323930125e-11,1.3551677848355896e-12,1.1272211231928897e-11,9.988307425768074e-11
sub-039,T3,1.5284322206443525e-11,1.0172818444679778e-12,1.1146191594134547e-11,9.748186732256264e-11
sub-039,T4,1.4313120618596878e-11,1.2005730131395226e-12,1.1463064610622754e-11,2.7926520661484743e-10
sub-039,T5,3.5507547250891293e-11,1.261583892083406e-12,1.4203487930669793e-11,9.73332786866315e-11
sub-039,T6,3.257627195559341e-11,1.352348442090176e-12,2.525286059488737e-11,3.073244540271205e-10
sub-039,Fz,1.46464994680769e-11,1.0918186525308672e-12,1.1191329391286318e-11,9.92658877900263e-11
sub-039,Cz,4.187727758509743e-12,8.037985735970776e-13,9.31387888284784e-12,9.472495944048374e-11
sub-039,Pz,2.1491206796052436e-11,9.63052456415251e-13,1.1831173932042161e-11,9.602622603467764e-11
sub-040,Fp1,6.4615103612739546e-12,1.0101264644858143e-12,2.0358739130330277e-11,1.7916854891896633e-10
sub-040,Fp2,6.203823202895435e-12,1.2284027341365857e-12,2.0173480231464286e-11,1.8142239140356534e-10
sub-040,F3,5.100692528012872e-12,8.293550143893557e-13,1.9091706719136806e-11,1.6684610937497433e-10
sub-040,F4,7.505257959318149e-12,1.3426204580808076e-12,2.8808862862891034e-11,1.8627840536120445e-10
sub-040,C3,3.403745376291519e-12,7.394329131169039e-13,1.9363446185167415e-11,1.6815190989395595e-10
sub-040,C4,4.240974728535222e-12,8.265026866297369e-13,2.3617671564872022e-11,1.8208302794355722e-10
sub-040,P3,8.048284090229293e-12,8.739699733992314e-13,2.000757091602038e-11,1.732340630241563e-10
sub-040,P4,7.62074880285203e-12,8.823507965537134e-13,1.9062805094682176e-11,1.6846915937947092e-10
sub-040,O1,2.218186931194257e-11,1.421951929135042e-12,2.6908983119183364e-11,1.9553072433923194e-10
sub-040,O2,2.1833251124178567e-11,1.3905473330030678e-12,2.0711562168762535e-11,1.7931797164616923e-10
sub-040,F7,6.503507611493946e-12,1.0407521670384739e-12,1.9828483073856402e-11,1.7063294465429284e-10
sub-040,F8,6.227259621574944e-12,1.1373039538739785e-12,2.140315118620718e-11,1.8033481290895173e-10
sub-040,T3,7.605597400277647e-12,1.2312611902218106e-12,2.0042130024640565e-11,1.6733865601574746e-10
sub-040,T4,2.7825325326941313e-11,3.871908539084954e-12,1.2204062485512985e-10,4.721732043522647e-10
sub-040,T5,1.3870552744107387e-11,1.1172912923044335e-12,1.907846504709865e-11,1.613324997125975e-10
sub-040,T6,2.1554779399087903e-11,3.6293798802016392e-12,9.294424219943088e-11,1.0451989411169522e-09
sub-040,Fz,4.459202607692458e-12,6.762982158104758e-13,1.870899261421502e-11,1.6440221938667154e-10
sub-040,Cz,3.314278369559295e-12,6.676390489323824e-13,1.8908111092949075e-11,1.6909019717804193e-10
sub-040,Pz,8.774880416725505e-12,8.643409628951642e-13,1.6600414654141378e-11,1.641312389970804e-10
sub-041,Fp1,3.1587729167881107e-12,1.0482011754854003e-12,9.353964977548312e-12,9.916946686000074e-11
sub-041,Fp2,3.0554686212737332e-12,9.758334760844753e-13,9.14539449139796e-12,9.941125171690833e-11
sub-041,F3,2.7741371970818653e-12,1.0720423047279799e-12,8.40085077536378e-12,8.993627466777683e-11
sub-041,F4,2.7841873754185414e-12,9.133906549628175e-13,8.386094446359189e-12,9.08740810744221e-11
sub-041,C3,2.238110870703102e-12,5.895074714573548e-13,8.068088506314943e-12,8.865998417331365e-11
sub-041,C4,2.2759556280954458e-12,5.909250505453032e-13,8.195893840466932e-12,8.854538299549689e-11
sub-041,P3,4.337284869664254e-12,9.534131146540285e-13,8.36649567363889e-12,8.898704262009661e-11
sub-041,P4,4.491411136434769e-12,9.540909948980154e-13,8.35472235047146e-12,8.906650030218207e-11
sub-041,O1,7.96930086409587e-12,1.5724761553399319e-12,8.596739318015135e-12,8.984748568804592e-11
sub-041,O2,1.0959388722871253e-11,2.4604074076499094e-12,8.723723991334147e-12,8.955859244412678e-11
sub-041,F7,3.1047867204517852e-12,1.8658677710249665e-12,8.571587043584511e-12,9.142144171791132e-11
sub-041,F8,3.080031463813702e-12,1.0016478902920565e-12,8.630594603714604e-12,9.12505262303509e-11
sub-041,T3,3.207151183764618e-12,1.0471969651674465e-12,8.312959406305787e-12,8.89466067487926e-11
sub-041,T4,3.3828985831842417e-12,1.2055911810821954e-12,8.4344538050892e-12,8.888414185227623e-11
sub-041,T5,7.915066101321858e-12,1.3078916796853295e-12,8.475288424503612e-12,8.91136708521781e-11
sub-041,T6,8.429477029966214e-12,1.3049671069268591e-12,8.570510287387948e-12,8.896485852577984e-11
sub-041,Fz,2.8453977009452823e-12,8.476036613705475e-13,8.43569750474444e-12,9.0336712858928e-11
sub-041,Cz,2.3535484947481388e-12,6.104777709470913e-13,8.368710111645037e-12,9.006890983449085e-11
sub-041,Pz,4.63282113806828e-12,8.270266579582384e-13,8.368165649188197e-12,9.02637480220853e-11
sub-042,Fp1,5.786638032619934e-12,1.1495952478841547e-12,1.0270150644499348e-11,1.0341710236507624e-10
sub-042,Fp2,5.564894099809852e-12,1.213207125775974e-12,1.0481458373311454e-11,1.0599397669078429e-10
sub-042,F3,4.30475955169338e-12,9.416297397591865e-13,9.075001516706456e-12,9.036154124870537e-11
sub-042,F4,4.334896559491483e-12,8.352927525443322e-13,9.087742425125674e-12,9.28816972718364e-11
sub-042,C3,3.2813562425389617e-12,6.787479476050163e-13,8.120509586360147e-12,8.500047452602905e-11
sub-042,C4,3.073007843772997e-12,6.888547602576059e-13,8.085464713389282e-12,8.524381215266383e-11
sub-042,P3,7.93482398863125e-12,1.0968692392285497e-12,9.067734237284033e-12,8.950379174541311e-11
sub-042,P4,5.6716015786571815e-12,1.0299862312748721e-12,8.691392364869152e-12,8.907884855771638e-11
sub-042,O1,1.2630764804726576e-11,1.4737689992745603e-12,1.0289277866642382e-11,9.604430708808335e-11
sub-042,O2,1.6939500222816715e-11,1.5576722183666527e-12,1.0562072482733165e-11,9.300872798010435e-11
sub-042,F7,5.6689017319340685e-12,1.1710761138782833e-12,9.782998384886802e-12,9.577905305518545e-11
sub-042,F8,5.2634548259065606e-12,1.2594358405378181e-12,1.0396670773532886e-11,9.988961915684185e-11
sub-042,T3,7.56444661263663e-12,1.3115923984734562e-12,9.375488110531028e-12,9.285361968487658e-11
sub-042,T4,5.907431305887074e-12,1.399501508801481e-12,1.0157519141737338e-11,9.759521125563588e-11
sub-042,T5,2.068264492615323e-11,1.7521883130760855e-12,9.831520522181281e-12,9.097866565164934e-11
sub-042,T6,1.0889656270639259e-11,1.3011088881816579e-12,9.531715126632081e-12,9.061896306504225e-11
sub-042,Fz,4.875669308258593e-12,7.011298398411967e-13,8.683495788396139e-12,8.868405336999925e-11
sub-042,Cz,3.2252611228980922e-12,6.021331824552951e-13,8.296000252740165e-12,8.779676987888036e-11
sub-042,Pz,4.2134879594558535e-12,9.238909147714221e-13,8.90936798780309e-12,8.865725921024715e-11
sub-043,Fp1,1.4924999789452907e-11,3.020539059711285e-12,5.560381339163613e-11,3.119014954712364e-10
sub-043,Fp2,1.4026133675960466e-11,2.6115754476843255e-12,5.328843919029072e-11,3.0507332742406363e-10
sub-043,F3,1.5174920199925203e-11,2.9758353673772113e-12,5.626367514252289e-11,3.111916163161724e-10
sub-043,F4,1.531076076904399e-11,3.1856996074684952e-12,5.672559097749517e-11,3.093943615564692e-10
sub-043,C3,1.4446399400968194e-11,2.5851324061048042e-12,5.6008077312209884e-11,3.077610288631278e-10
sub-043,C4,1.381894482523622e-11,2.3122148640029794e-12,5.425481095041419e-11,3.070065322269007e-10
sub-043,P3,9.492374929088147e-12,9.1975321873496e-13,4.265452407638614e-11,2.8755765673890806e-10
sub-043,P4,1.4272181046765297e-11,2.1048195763426548e-12,5.440539104012473e-11,3.0482366006967736e-10
sub-043,O1,1.1734302779891102e-11,1.1243746683317977e-12,4.592787052270778e-11,2.903493793867618e-10
sub-043,O2,5.895286136750228e-11,2.7092954873796547e-11,1.2141070148057682e-10,5.486701082208457e-10
sub-043,F7,1.492182538641714e-11,2.6744094222799722e-12,5.497463620312058e-11,3.080341010704882e-10
sub-043,F8,1.2985722476781247e-11,1.7589947197697861e-12,5.09366142389709e-11,2.984515149705676e-10
sub-043,T3,1.6015084439741436e-11,3.873400982180889e-12,5.722919783475868e-11,3.1003641005564535e-10
sub-043,T4,1.3806843828150703e-11,2.0393063221899738e-12,5.2384474412824675e-11,3.026858658280127e-10
sub-043,T5,7.214563702065653e-12,7.967058582889091e-13,2.709328304170811e-11,2.4702950292699237e-10
sub-043,T6,1.5857073726904846e-11,1.833675498136643e-12,6.99818145389293e-11,4.679805143307474e-10
sub-043,Fz,1.1829528373852915e-11,1.5997413764457643e-12,4.868164278808137e-11,2.9515747756448584e-10
sub-043,Cz,1.1534481392731939e-11,1.535940119453662e-12,4.861183076554176e-11,2.937673277770165e-10
sub-043,Pz,9.560996880462298e-12,1.0149774029053213e-12,3.991200618925898e-11,2.7544893940064757e-10
sub-044,Fp1,7.059965269193313e-12,8.811685505188164e-13,1.1795975691803234e-11,1.1457956767247975e-10
sub-044,Fp2,9.691799733660481e-12,9.436723726279395e-13,1.1461049523822042e-11,1.0944128091404558e-10
sub-044,F3,4.6735858480457475e-12,7.030965764419025e-13,9.879444116560689e-12,9.533779119189063e-11
sub-044,F4,8.471950541555353e-12,8.090943792428459e-13,1.0031017710805237e-11,9.414799228772843e-11
sub-044,C3,2.795439488393008e-12,5.881670691400104e-13,9.032548416998391e-12,9.241504507557713e-11
sub-044,C4,2.842224917622465e-12,5.820316286787466e-13,8.929896419503772e-12,9.176066345150298e-11
sub-044,P3,1.1278016457633287e-11,9.619460254218567e-13,9.505525384583147e-12,9.428192432624848e-11
sub-044,P4,8.604191185192301e-12,8.712195649698519e-13,9.358772531434451e-12,9.359384305005047e-11
sub-044,O1,3.147261964714113e-11,1.3134994067241858e-12,1.0229443052362392e-11,9.73896355981975e-11
sub-044,O2,2.7758402062331395e-11,1.259329973871511e-12,1.013248717067358e-11,9.736390952683296e-11
sub-044,F7,4.693657756896766e-12,8.418180224999783e-13,1.042556621550058e-11,9.900718817973316e-11
sub-044,F8,6.516177540043253e-12,8.595615664441528e-13,1.044556816225128e-11,1.0029848365743501e-10
sub-044,T3,6.698291534473538e-12,9.631517849027012e-13,9.993061808635333e-12,9.637299507516351e-11
sub-044,T4,5.037421470554603e-12,7.964733662267794e-13,9.824628898628413e-12,9.632177531594085e-11
sub-044,T5,2.2137756500134857e-11,1.2472028353411392e-12,1.0050094175899333e-11,9.623063049142179e-11
sub-044,T6,1.3755671939361031e-11,1.0625663514243924e-12,9.84401903087789e-12,9.556589496449227e-11
sub-044,Fz,6.6619378638421334e-12,7.601524713173596e-13,9.85346649834161e-12,9.428616316133676e-11
sub-044,Cz,3.4366289574143687e-12,5.907481026208935e-13,9.219428024346435e-12,9.317348137917472e-11
sub-044,Pz,1.1675990992044642e-11,9.453331590557784e-13,9.493655100917305e-12,9.472300405037174e-11
sub-045,Fp1,6.6602856627454376e-12,2.2031173991096246e-12,3.195451301703986e-11,2.659287779335369e-10
sub-045,Fp2,8.643217519638733e-12,4.112910154857775e-12,3.053211608458567e-11,2.532964051507237e-10
sub-045,F3,6.2721965305836794e-12,2.0752691068770586e-12,3.0651316306349076e-11,2.5973193183944357e-10
sub-045,F4,9.043665509357065e-12,5.524200383633195e-12,4.781609518990306e-11,3.4163010746687757e-10
sub-045,C3,5.82845700689248e-12,1.939236778444522e-12,3.055689624261463e-11,2.5453456333736383e-10
sub-045,C4,7.240962890012793e-12,2.322649478711902e-12,3.3169050993721727e-11,2.63625599925508e-10
sub-045,P3,6.669581278382703e-12,2.083216098289374e-12,2.962910599998076e-11,2.5203310683084707e-10
sub-045,P4,6.57272732105691e-12,2.0045494652090663e-12,2.928247193714847e-11,2.502603577133531e-10
sub-045,O1,7.997926918445223e-12,2.256110229977123e-12,3.076984721996256e-11,2.5573179428203896e-10
sub-045,O2,9.453715821735812e-12,2.3723616524238653e-12,3.538983268086234e-11,2.5907043331336947e-10
sub-045,F7,6.800759004950736e-12,2.1975063770963894e-12,3.0628740779107736e-11,2.5651826645149087e-10
sub-045,F8,6.886902322464968e-12,2.195035386748559e-12,2.8276630267372134e-11,2.668334242968608e-10
sub-045,T3,9.141701924602486e-12,2.4748495886402203e-12,3.2883682918831824e-11,2.696367259839616e-10
sub-045,T4,2.6554468701995306e-10,5.884154417838804e-11,6.918297542592651e-10,2.1430930197276314e-09
sub-045,T5,8.47765999525817e-12,2.3987397324024326e-12,3.0966773251612143e-11,2.550879938236173e-10
sub-045,T6,7.392280247345767e-12,2.114286967886415e-12,3.02741502909776e-11,2.529446188395932e-10
sub-045,Fz,6.165104957477824e-12,2.0335220161454596e-12,3.0373740448014605e-11,2.551609455768337e-10
sub-045,Cz,5.4323288673498745e-12,1.927211489291944e-12,2.9275309958175016e-11,2.5229169110980455e-10
sub-045,Pz,5.9294925388587094e-12,1.9439769724543923e-12,2.967127375071642e-11,2.530314928268385e-10
sub-046,Fp1,7.43764641663091e-12,1.5659152123554226e-12,1.3175419239437162e-11,9.945312840784312e-11
sub-046,Fp2,7.893868849760696e-12,1.6709121423336986e-12,1.4001276371297634e-11,1.1400842822556269e-10
sub-046,F3,5.572861658340142e-12,1.4433778256228232e-12,1.1935741092010674e-11,9.14087013512201e-11
sub-046,F4,6.425293513923089e-12,1.6008205441672566e-12,1.2760324403185273e-11,9.433643533652622e-11
sub-046,C3,5.012973278483825e-12,1.0480954965163274e-12,1.1095149284615695e-11,9.086386151848374e-11
sub-046,C4,4.884607926241211e-12,1.0671240263570258e-12,1.1407378030192769e-11,9.16518254075116e-11
sub-046,P3,1.1616818593029728e-11,1.5421321760888597e-12,1.456987068313331e-11,9.240232957445922e-11
sub-046,P4,1.2173350872419382e-11,1.5877299476294752e-12,1.4000450432036458e-11,9.647911946054198e-11
sub-046,O1,2.0162868906896954e-11,2.0553951956461045e-12,1.56638946251462e-11,9.242462308098927e-11
sub-046,O2,2.3779833442041637e-11,2.302083113611404e-12,1.7497271807266407e-11,1.0229337618920795e-10
sub-046,F7,7.574868524916365e-12,1.8906719144761478e-12,1.3266572051981282e-11,9.725792151263767e-11
sub-046,F8,8.05829349282252e-12,1.594909413357365e-12,1.3413327710595908e-11,9.833637405606087e-11
sub-046,T3,7.593786124634716e-12,1.6664756081841154e-12,1.2514125185105796e-11,9.316911947099398e-11
sub-046,T4,1.4398632420860735e-11,3.646430381616424e-12,2.7191324543645126e-11,1.704490123482036e-10
sub-046,T5,1.7336278792396157e-11,2.1594492226865746e-12,1.5486878706085804e-11,9.208375801245219e-11
sub-046,T6,1.592214750803758e-11,1.8614931731996897e-12,1.5909408926799784e-11,1.8351941199774412e-10
sub-046,Fz,5.702615771765027e-12,1.3905949505155408e-12,1.2820736242988508e-11,9.163681567288944e-11
sub-046,Cz,5.175525606081851e-12,1.877933553041856e-12,1.8128957399578285e-11,2.5023100513614943e-10
sub-046,Pz,9.43600076859471e-12,1.444242845748812e-12,1.3494441963906356e-11,9.140332516561944e-11
sub-047,Fp1,7.82754214849608e-12,9.740882707948159e-13,1.1943517116976206e-11,1.0931990875407455e-10
sub-047,Fp2,6.8908744078565895e-12,9.508817498867583e-13,1.1682636846268348e-11,1.0373697970585835e-10
sub-047,F3,5.0179351071193855e-12,7.775763844225405e-13,9.925454525277902e-12,9.327571547718875e-11
sub-047,F4,4.693852398846746e-12,8.411978051296856e-13,1.020340748904356e-11,9.37047850811278e-11
sub-047,C3,3.5194821757795437e-12,6.290384530474925e-13,9.508836763359626e-12,9.152970054442832e-11
sub-047,C4,3.4991278667094816e-12,6.510523223595596e-13,9.541002840514742e-12,9.142852798031915e-11
sub-047,P3,7.916235169222002e-12,9.601997261270474e-13,1.822207466053122e-11,4.76611905905493e-10
sub-047,P4,5.728783179255082e-12,7.456647118093947e-13,9.856126953355414e-12,9.122738208433884e-11
sub-047,O1,1.0733733475814425e-10,2.446699430842827e-11,2.4597022703151164e-10,8.017190131737403e-10
sub-047,O2,1.5030709136194184e-11,1.1144646647803224e-12,1.1016116300365779e-11,9.29726123191536e-11
sub-047,F7,7.232745193020525e-12,9.77027728500155e-13,1.0799376606325422e-11,9.366521371219613e-11
sub-047,F8,6.4635879727366815e-12,9.482883988679537e-13,1.0862410906169676e-11,9.358549783172697e-11
sub-047,T3,7.614962843985168e-12,1.1100328153150144e-12,1.0677525835569289e-11,9.255702715144408e-11
sub-047,T4,5.186129887374973e-12,8.785586235707802e-13,1.025601420108579e-11,9.237092848601745e-11
sub-047,T5,1.3311681042165716e-11,1.310915618937621e-12,1.1309186862470295e-11,9.260284141187282e-11
sub-047,T6,1.2033627548828093e-11,1.1140278948871567e-12,1.09440926768734e-11,9.252423667887146e-11
sub-047,Fz,4.685863933518413e-12,7.642113864438437e-13,1.0279298159413845e-11,9.67187557126835e-11
sub-047,Cz,5.5966267514622395e-12,6.672280690654779e-13,3.4650255247317875e-11,2.77141444047992e-10
sub-047,Pz,5.295679638323948e-12,7.105954448385453e-13,9.821165702336367e-12,9.159657455115414e-11
sub-048,Fp1,2.6771956961362155e-11,4.073180643601775e-12,1.486859133735618e-10,6.45302944274822e-10
sub-048,Fp2,1.6074811766077215e-11,3.3738340611816077e-12,6.075898919519212e-11,3.5582181912862055e-10
sub-048,F3,1.3848159809832827e-11,3.0294931963425386e-12,5.451075989462551e-11,3.482929537734124e-10
sub-048,F4,1.2573651195253821e-11,2.559621613743136e-12,5.120702803507027e-11,3.362930072753775e-10
sub-048,C3,1.2902689034028128e-11,2.3856738062350973e-12,5.751847245801929e-11,3.414387242444047e-10
sub-048,C4,1.2793021354798389e-11,2.3735530045234855e-12,5.831658522785103e-11,3.372495099325977e-10
sub-048,P3,1.6951764072825444e-11,2.7688854110741903e-12,6.465580151366175e-11,3.7043818166121827e-10
sub-048,P4,2.85227296610005e-11,4.434315013138368e-12,1.6378629256584276e-10,9.89132513466138e-10
sub-048,O1,2.842037526652169e-11,3.1979919126033347e-12,6.605714923091412e-11,3.666280282915461e-10
sub-048,O2,1.1432584894167536e-10,2.3865957022975678e-11,2.8850434945495966e-10,2.459232819727661e-09
sub-048,F7,1.4506153462533098e-11,3.3586707039872895e-12,5.340041473745594e-11,3.4548274320068065e-10
sub-048,F8,1.53364748967596e-11,3.074126063275408e-12,5.929789661305175e-11,3.486249704400866e-10
sub-048,T3,1.577609054848556e-11,3.3800695080234297e-12,6.074644455400964e-11,3.460904317752136e-10
sub-048,T4,1.4283278591547712e-11,2.8625444220057768e-12,5.977713305969174e-11,3.441203114753502e-10
sub-048,T5,2.6803431822259396e-11,3.035774582125647e-12,6.24046656395248e-11,3.6017362614483056e-10
sub-048,T6,2.248183183505794e-11,2.9077933686511117e-12,6.375480189335903e-11,4.3090577081797817e-10
sub-048,Fz,1.9415346651532488e-11,4.528149374330385e-12,6.695014626362955e-11,3.6030949049110005e-10
sub-048,Cz,1.3554243848331604e-11,2.4140625927154374e-12,6.136078576791378e-11,3.4669050711107493e-10
sub-048,Pz,2.974560190929877e-11,5.403548923514805e-12,2.1774733882892286e-10,8.587887734824224e-10
sub-049,Fp1,4.420476296817347e-12,9.199296750982632e-13,9.597791409814203e-12,9.387230174570757e-11
sub-049,Fp2,4.436318403061267e-12,1.0275568512972386e-12,9.445468574665298e-12,9.27694496084866e-11
sub-049,F3,3.7453793232245505e-12,6.596379243702189e-13,8.92253565138098e-12,8.876757819311531e-11
sub-049,F4,3.6142503695370158e-12,6.838828895400164e-13,8.872164257168355e-12,8.855492113299825e-11
sub-049,C3,2.6197960484903024e-12,6.005024623794565e-13,8.680511581330358e-12,8.759359579477768e-11
sub-049,C4,2.5044257390870656e-12,5.979220886615852e-13,8.608629135126752e-12,8.718161457840801e-11
sub-049,P3,8.64601716991339e-12,8.648883243426511e-13,9.148727714778473e-12,8.815215250329674e-11
sub-049,P4,9.452042784116333e-12,8.190869301178885e-13,9.130770945373753e-12,8.784260531710951e-11
sub-049,O1,2.4699701835555355e-11,1.6510652757127252e-12,1.0677975452702895e-11,9.090548974455688e-11
sub-049,O2,3.018076506798205e-11,1.787021017104836e-12,1.1368439980659772e-11,9.081634460040925e-11
sub-049,F7,2.027304355820851e-12,4.3557656658544245e-13,8.479498321740108e-12,8.933873543620236e-11
sub-049,F8,3.763379842531984e-12,8.017788179126656e-13,9.341102579736983e-12,9.101385523912238e-11
sub-049,T3,3.9171923633124646e-12,9.202066784883968e-13,9.220069445262189e-12,8.853108058671672e-11
sub-049,T4,3.6313735738283885e-12,1.0101143403235922e-12,9.129548651055968e-12,8.863377911915295e-11
sub-049,T5,1.717476492763462e-11,1.47737205801602e-12,1.0131012760511003e-11,8.957545630811065e-11
sub-049,T6,2.2165482543313212e-11,1.4593085853617288e-12,1.024672174032145e-11,8.919037412828373e-11
sub-049,Fz,4.076413610715373e-12,6.535980703071826e-13,9.039729645117454e-12,8.935513993217159e-11
sub-049,Cz,2.5590601453321026e-12,5.585562774750761e-13,8.694072500810052e-12,8.828394876251279e-11
sub-049,Pz,8.23393069676617e-12,7.642506516286325e-13,9.09994353531658e-12,8.823305295496637e-11
sub-050,Fp1,3.542279372230377e-12,8.115902549053855e-13,1.1179393444053883e-11,1.1704938363445995e-10
sub-050,Fp2,3.498034749448838e-12,8.127013778667977e-13,1.1546716454208357e-11,1.2368482604544428e-10
sub-050,F3,3.039325027152293e-12,7.97106546322082e-13,9.729392307835119e-12,9.748522243431875e-11
sub-050,F4,2.9833055685317194e-12,7.203546629752372e-13,9.5687812901725e-12,9.488541343107896e-11
sub-050,C3,2.3462378541620096e-12,6.229701866796691e-13,8.713573219378179e-12,9.163893866390246e-11
sub-050,C4,2.3718147742136777e-12,6.272064489175785e-13,8.689344796800898e-12,9.163946461721731e-11
sub-050,P3,5.42040204841826e-12,6.890612529565233e-13,1.0045678006771486e-11,9.286971256852634e-11
sub-050,P4,4.8565546540749144e-12,6.509365709473909e-13,9.857515640718698e-12,9.398838754048798e-11
sub-050,O1,9.524466590363415e-12,9.10515270392634e-13,1.388687575655153e-11,9.425341622923815e-11
sub-050,O2,1.1991462218326829e-11,9.479587141003883e-13,1.4782416626880205e-11,9.667429108421402e-11
sub-050,F7,3.9941533963204186e-12,1.4413415678692654e-12,1.1380910116444162e-11,1.1058013380910602e-10
sub-050,F8,3.4971643684260553e-12,9.927618492384253e-13,1.0085658137303618e-11,9.769567356272296e-11
sub-050,T3,4.150061020146162e-12,1.602686664031131e-12,1.0572913830223065e-11,9.404991202463711e-11
sub-050,T4,3.977261915661079e-12,1.5451349873530938e-12,1.070908298029066e-11,9.253152070702703e-11
sub-050,T5,7.752561508214216e-12,9.696581310034114e-13,1.440065912581353e-11,9.24280347914435e-11
sub-050,T6,8.210480384332434e-12,9.66269546638389e-13,1.470400350635096e-11,9.259549296958713e-11
sub-050,Fz,3.2041632356730224e-12,6.009208969860401e-13,1.0062845035800944e-11,9.433654469594756e-11
sub-050,Cz,2.619050941914281e-12,5.459531090365875e-13,9.10255802393173e-12,9.223889899474005e-11
sub-050,Pz,5.5487031423943875e-12,6.539010140511402e-13,9.591654009441943e-12,9.210416258431012e-11
sub-051,Fp1,4.298801771030343e-12,9.503516151197299e-13,1.2587626585641539e-11,1.217428883413242e-10
sub-051,Fp2,4.608447770886409e-12,9.215073250343814e-13,1.2923949082119022e-11,1.2349459962368242e-10
sub-051,F3,3.6016753594153193e-12,7.987930273742332e-13,1.0522316662903333e-11,9.995868459617723e-11
sub-051,F4,3.823548995996736e-12,7.116535366243199e-13,1.0027665494906633e-11,9.561092461932253e-11
sub-051,C3,2.4118980429679707e-12,5.611031971710077e-13,8.779236018087544e-12,8.970938756878895e-11
sub-051,C4,2.5120457455585227e-12,5.507753714380093e-13,8.870785189897362e-12,9.005420120394114e-11
sub-051,P3,4.027171165395845e-12,6.46859763400376e-13,9.077868998540763e-12,9.025810643994966e-11
sub-051,P4,3.6887215749323895e-12,6.219165478135047e-13,8.978797395137908e-12,9.025194745417317e-11
sub-051,O1,6.850887022694902e-12,1.1079290689395003e-12,1.0163026715807091e-11,9.34476635433334e-11
sub-051,O2,7.59402462974796e-12,1.4621793991675308e-12,1.0545058530730069e-11,9.508377865024635e-11
sub-051,F7,3.8251575458843e-12,9.690139185999186e-13,1.0452622842118121e-11,9.682722338669378e-11
sub-051,F8,3.9147991417273e-12,7.893202259396041e-13,1.018947591291304e-11,9.533425820704955e-11
sub-051,T3,3.650795106898917e-12,9.68506221822948e-13,9.552895030417284e-12,9.143707385076027e-11
sub-051,T4,3.6166256799425003e-12,9.064724600874358e-13,9.798074572282334e-12,9.421242354712718e-11
sub-051,T5,5.424886549424847e-12,8.405103034339787e-13,9.810053258859476e-12,9.184381949227733e-11
sub-051,T6,6.928410392294462e-12,1.0890380010441926e-12,1.030033405356778e-11,9.514006244046461e-11
sub-051,Fz,3.7476799256844564e-12,6.686934693782606e-13,9.859071616400976e-12,9.186704186584838e-11
sub-051,Cz,2.65931445813256e-12,5.696068475200447e-13,9.111571586036662e-12,9.016527632669877e-11
sub-051,Pz,3.900980260974009e-12,5.841805343081334e-13,8.98179203840543e-12,8.995176222084481e-11
sub-052,Fp1,5.296395827461617e-12,1.3623867943027935e-12,1.109027557859316e-11,1.1151455152529e-10
sub-052,Fp2,5.271607761764622e-12,1.6235073818397738e-12,1.11047928803126e-11,1.1438118879878072e-10
sub-052,F3,4.38560979594994e-12,1.0899316539467908e-12,9.732025886124017e-12,8.972482289519491e-11
sub-052,F4,4.33333124278673e-12,1.1228356724182041e-12,9.531117194957036e-12,9.114393699623422e-11
sub-052,C3,3.4417268535602374e-12,7.689311305838273e-13,9.080398141204852e-12,8.429653659634962e-11
sub-052,C4,3.3779497106787975e-12,7.499449830568079e-13,8.985001186985356e-12,8.37663608691284e-11
sub-052,P3,6.869316392810831e-12,1.0027189223496794e-12,9.939869907021121e-12,8.505226533026839e-11
sub-052,P4,5.373724361879196e-12,9.234422995087107e-13,9.593002563543056e-12,8.372928869245584e-11
sub-052,O1,1.819598512454404e-11,1.281397852487916e-12,1.1686550188704309e-11,8.78796616186475e-11
sub-052,O2,1.5010265219142177e-11,1.262033350226246e-12,1.1575551174907044e-11,8.683161732879461e-11
sub-052,F7,4.804205963181711e-12,1.3312025064210903e-12,1.0332257046289898e-11,9.16764275573596e-11
sub-052,F8,5.099460207851349e-12,1.2852618724341302e-12,1.0230486096701255e-11,9.340228107709724e-11
sub-052,T3,5.167678517718836e-12,1.3671077033899593e-12,1.0305625405417208e-11,8.681775692698182e-11
sub-052,T4,4.6302514236370915e-12,1.3763266056802268e-12,9.775903489918062e-12,8.599403281674774e-11
sub-052,T5,1.1326383391708459e-11,1.3073338896591103e-12,1.0945618987432045e-11,8.674205119299196e-11
sub-052,T6,7.963963738055142e-12,1.1736196539529168e-12,1.0491626282903591e-11,8.51998573635345e-11
sub-052,Fz,4.4815475808020575e-12,9.524720432541784e-13,9.574290950368547e-12,9.035593115661506e-11
sub-052,Cz,3.0823418629561677e-12,8.945202659960127e-13,9.270736810390028e-12,8.580093969331771e-11
sub-052,Pz,4.932870596830184e-12,8.488975026209771e-13,9.522004524021748e-12,8.462483879156354e-11
sub-053,Fp1,9.40757180925899e-12,2.370917003315249e-12,2.022601812688055e-11,3.3938429601077844e-10
sub-053,Fp2,8.909318955404721e-12,1.5540602832989606e-12,1.9914338665862508e-11,3.4001137371688816e-10
sub-053,F3,5.9902651994450544e-12,1.2081304346138835e-12,1.5971492931524748e-11,3.0305502029802333e-10
sub-053,F4,6.169162148771754e-12,1.2405925364385378e-12,1.538466930395075e-11,3.0263214859639075e-10
sub-053,C3,3.3465377156553635e-12,6.054750353161178e-13,1.4136167203948453e-11,2.958293650441897e-10
sub-053,C4,3.510286415934333e-12,6.312817088517257e-13,1.4182771525424214e-11,2.988214161167621e-10
sub-053,P3,1.0565424758483278e-11,9.104978401461491e-13,1.7230100796479308e-11,3.0650001622281556e-10
sub-053,P4,3.0366670390964337e-12,5.689570635658212e-13,1.393975250635258e-11,3.0733374757064666e-10
sub-053,O1,2.3481075033120873e-11,1.4520749589663045e-12,2.1983125214839716e-11,3.139541278070796e-10
sub-053,O2,2.0721973807552204e-11,1.593830773926605e-12,2.1885073901552823e-11,3.1579780653730496e-10
sub-053,F7,6.76513317594561e-10,1.332689040954482e-10,2.286979094816121e-09,1.3949424662326988e-08
sub-053,F8,9.32219911679602e-12,1.1633961207544457e-12,1.9713109591991455e-11,3.100750081198656e-10
sub-053,T3,1.0545517331128835e-11,1.937832126109538e-12,2.0372959598334568e-11,3.1205578056607084e-10
sub-053,T4,8.076096465696553e-12,1.1345817828288653e-12,1.8154467028802898e-11,3.0734839184510664e-10
sub-053,T5,1.8754447979636686e-11,1.4224397124317037e-12,2.171147064458102e-11,3.067485749726794e-10
sub-053,T6,1.2316164491846736e-11,1.4534584952441155e-12,1.9546530032551147e-11,3.0741388869720903e-10
sub-053,Fz,6.468637819372633e-12,8.26934997415272e-13,1.6604682744614925e-11,3.0556575126015466e-10
sub-053,Cz,4.376287468707475e-12,6.918309012818436e-13,1.589668487922364e-11,3.06755320248664e-10
sub-053,Pz,9.361954681136453e-12,8.38837082695725e-13,1.672575020826885e-11,3.101450394412462e-10
sub-054,Fp1,1.0100737549345561e-11,1.3651211270547138e-12,1.2779950557584014e-11,1.0944807394829849e-10
sub-054,Fp2,1.0731670385126686e-11,1.4402512659710124e-12,1.286894634410172e-11,9.86698685778773e-11
sub-054,F3,6.220146394969144e-12,1.1633775596945627e-12,1.099770685936974e-11,8.80743639817022e-11
sub-054,F4,7.856353452144312e-12,1.1784874876957972e-12,1.2182979244685803e-11,9.145905855494874e-11
sub-054,C3,4.206601351251848e-12,7.981176939018486e-13,1.0425276392390604e-11,8.552223234239485e-11
sub-054,C4,4.203439684370855e-12,7.828481859163463e-13,1.0702639928242127e-11,8.572520717242646e-11
sub-054,P3,1.2523268741528594e-11,1.154101334873331e-12,1.1658421797768784e-11,8.601431426040416e-11
sub-054,P4,1.2290569481460226e-11,1.0764602634745298e-12,1.0786406394606277e-11,8.584004319764194e-11
sub-054,O1,2.139628852767262e-12,4.239794060871986e-13,8.6922634611944e-12,8.780794527346306e-11
sub-054,O2,2.459309915510104e-11,1.5735046740157663e-12,1.2520704736799925e-11,8.728986037253289e-11
sub-054,F7,8.581369861395124e-12,1.5196516204749155e-12,1.2152663633726229e-11,9.467622056211586e-11
sub-054,F8,1.0222067927556079e-11,1.8167343542188111e-12,1.3695017036407432e-11,9.33981927933333e-11
sub-054,T3,8.525733721660338e-12,1.3482881830460996e-12,1.2102178277262108e-11,8.7514324382625e-11
sub-054,T4,6.464467280425286e-12,1.1444648635247941e-12,1.2376591797737697e-11,8.677580099209415e-11
sub-054,T5,2.551211293917609e-11,1.6416114709109592e-12,1.4531767473326987e-11,8.700818977681246e-11
sub-054,T6,1.8364096045133014e-11,1.296185320138714e-12,1.2718163772980293e-11,8.697292222309461e-11
sub-054,Fz,6.95320951282991e-12,1.0006945412231598e-12,1.1043287404787617e-11,8.676749088865092e-11
sub-054,Cz,3.970746396038282e-12,7.957963927313295e-13,1.007601820037322e-11,8.62756196589996e-11
sub-054,Pz,9.719624225426039e-12,1.1050072753969901e-12,1.040301165995293e-11,8.819192311364549e-11
sub-055,Fp1,4.422933282367403e-12,2.0391602117965468e-12,1.1055056188217863e-11,9.356059219150034e-11
sub-055,Fp2,4.260539038985895e-12,1.957740008796258e-12,1.0630295891558555e-11,9.167916720125337e-11
sub-055,F3,3.503338599564609e-12,1.4012930396158643e-12,9.910641098625646e-12,8.658952338595023e-11
sub-055,F4,3.426220045556174e-12,1.3210995836095513e-12,9.943910268714293e-12,8.715682604701183e-11
sub-055,C3,3.020235988054295e-12,1.1039825739508405e-12,9.172385147584672e-12,8.379021031972562e-11
sub-055,C4,3.044002085660316e-12,1.1105175401793771e-12,9.342704313469235e-12,8.320857302046419e-11
sub-055,P3,5.67768985862861e-12,1.548339015858644e-12,9.451433825202037e-12,8.364022249550074e-11
sub-055,P4,5.110847858642461e-12,1.304247451544976e-12,9.402961229917883e-12,8.359804772216567e-11
sub-055,O1,2.1221877348017466e-11,1.85881687039369e-12,1.0020205025802573e-11,8.409730840129315e-11
sub-055,O2,2.0847347090614005e-11,1.8256197559066656e-12,9.97728254979467e-12,8.40822987488859e-11
sub-055,F7,4.226142358160987e-12,1.5074824257540803e-12,1.0299362949594707e-11,8.839341846352854e-11
sub-055,F8,4.6075851190876565e-12,1.4880791995648467e-12,1.036450072222386e-11,8.736688548896083e-11
sub-055,T3,4.4428133053550316e-12,1.5920495933653825e-12,1.0113950975597568e-11,8.498087240977068e-11
sub-055,T4,4.594511523244097e-12,1.5181103574530499e-12,1.010422806548956e-11,8.462449939058212e-11
sub-055,T5,1.1303317228542831e-11,2.1427890990661683e-12,1.0125460964065738e-11,8.446379446048419e-11
sub-055,T6,8.947332074572752e-12,2.089509531896334e-12,9.972014283168098e-12,8.464613034094627e-11
sub-055,Fz,3.172904960053683e-12,1.254122291995779e-12,9.794689986989904e-12,8.51155982984626e-11
sub-055,Cz,2.6122134591270137e-12,1.0006171138852611e-12,9.223998640061618e-12,8.387167845607611e-11
sub-055,Pz,6.115389976906736e-12,9.930897077595158e-13,9.341367432785264e-12,8.451644988897638e-11
sub-056,Fp1,2.7468763756118296e-10,8.08320223427839e-11,7.311477312770237e-10,1.5753749058494263e-09
sub-056,Fp2,2.7624575441180227e-10,8.08469405828731e-11,7.307338597884758e-10,1.5781386990758336e-09
sub-056,F3,2.696854536958713e-10,8.066560284318476e-11,7.297964843273599e-10,1.5641967233773637e-09
sub-056,F4,2.72032379007532e-10,8.064911091709055e-11,7.287759399552222e-10,1.5604404222333608e-09
sub-056,C3,2.6593433663022203e-10,8.048588323235283e-11,7.284980871024934e-10,1.5654041424778266e-09
sub-056,C4,2.676864025387892e-10,8.044839599810611e-11,7.288409892309876e-10,1.5587063219982072e-09
sub-056,P3,2.7542050877739605e-10,8.047433666873398e-11,7.281966068357436e-10,1.5647981542308893e-09
sub-056,P4,2.7492661188445257e-10,8.042155925212026e-11,7.293007955086293e-10,1.5605478553664863e-09
sub-056,O1,2.8176019534101917e-10,8.053092942963477e-11,7.297472565685245e-10,1.5654488202874475e-09
sub-056,O2,2.8287783215216065e-10,8.055950986574886e-11,7.302021710111726e-10,1.5632052898328546e-09
sub-056,F7,2.7181843217205214e-10,8.083394223532021e-11,7.298738741648477e-10,1.5672132210151488e-09
sub-056,F8,2.757799176314719e-10,8.086435462532882e-11,7.284580833956189e-10,1.563307735840152e-09
sub-056,T3,2.7201543747565385e-10,8.078182264571658e-11,7.29104126652706e-10,1.5676747828528634e-09
sub-056,T4,2.7343966802479513e-10,8.068910754708696e-11,7.292165832430538e-10,1.5606482058571065e-09
sub-056,T5,2.854920124854645e-10,8.067951042542706e-11,7.299826693862011e-10,1.5673350490425558e-09
sub-056,T6,2.8574245495620494e-10,8.071775755598718e-11,7.308383217098848e-10,1.562230083433858e-09
sub-056,Fz,2.713994319699044e-10,8.057363034750138e-11,7.294937027153203e-10,1.5617101700424152e-09
sub-056,Cz,2.6720472512668424e-10,8.036976533393293e-11,7.290285497107588e-10,1.5603440427290682e-09
sub-056,Pz,2.72549931730875e-10,8.02980286496505e-11,7.281974927312559e-10,1.5613627161289105e-09
sub-057,Fp1,4.484695789158979e-12,1.0133046029567956e-12,1.0678464932029999e-11,1.0141937991463706e-10
sub-057,Fp2,4.2975906896488105e-12,9.92219614843661e-13,1.039246329570291e-11,1.0171524954919857e-10
sub-057,F3,3.4537049540306223e-12,8.04072399199283e-13,8.99119861847575e-12,8.777484682304009e-11
sub-057,F4,3.421879543149907e-12,7.51918766973074e-13,9.103222942776593e-12,8.940332586338596e-11
sub-057,C3,2.5942762253592213e-12,5.890766967014649e-13,8.236860001880481e-12,8.46842970942987e-11
sub-057,C4,2.5268202041029972e-12,5.816901835541439e-13,8.351308761213593e-12,8.573902809638913e-11
sub-057,P3,5.250382177114629e-12,8.305090593226454e-13,8.762252575805082e-12,8.557068340191684e-11
sub-057,P4,5.710883563535574e-12,6.931666548312661e-13,8.748652280827165e-12,8.614631138830584e-11
sub-057,O1,1.6593643595488603e-11,1.2047340938683197e-12,1.0925480763498794e-11,8.889034583611712e-11
sub-057,O2,2.1841151492109458e-11,1.2215551321788064e-12,1.1947577233867267e-11,8.883830510180538e-11
sub-057,F7,5.088354543468604e-12,1.0068673357231145e-12,1.044797182177545e-11,9.219289989645546e-11
sub-057,F8,5.572354835987093e-12,1.036958699293118e-12,1.1080432796805575e-11,1.0185066941546026e-10
sub-057,T3,4.5672623934927234e-12,1.0725045433713534e-12,9.624667548089377e-12,8.757612336660849e-11
sub-057,T4,4.767398500267462e-12,1.0127362824509336e-12,9.77993523826444e-12,8.992417184975053e-11
sub-057,T5,5.855198794965755e-12,1.0546458942659216e-12,9.476901573855064e-12,8.718550163443546e-11
sub-057,T6,6.0441996099136144e-12,8.855773642936014e-13,9.529869753622034e-12,8.776081033525185e-11
sub-057,Fz,3.079931900884153e-12,6.559222182603545e-13,9.114402383216672e-12,8.66280960635144e-11
sub-057,Cz,2.4592945758686094e-12,5.76475651904596e-13,8.49068757249111e-12,8.50689656392128e-11
sub-057,Pz,6.2372988525616974e-12,6.906626844148486e-13,8.834409425136487e-12,8.547426616273302e-11
sub-058,Fp1,6.815083256020757e-12,1.8380360662257982e-12,9.407712644221193e-12,9.23939966875801e-11
sub-058,Fp2,6.374527791773346e-12,2.0070942957971597e-12,9.566432195712284e-12,9.390653789239414e-11
sub-058,F3,5.281863534822528e-12,1.2963899244585536e-12,8.848890940626153e-12,8.655628587762006e-11
sub-058,F4,4.718798299695167e-12,1.538353211991838e-12,8.832374635861315e-12,8.718388576010163e-11
sub-058,C3,3.2926574188494105e-12,7.284777326788387e-13,8.43988017373319e-12,8.575822171897436e-11
sub-058,C4,3.2883868539880636e-12,7.418554713231773e-13,8.507559509566979e-12,8.605934542809765e-11
sub-058,P3,5.3122363508525985e-12,9.650745940766369e-13,8.769173939953273e-12,8.715904371010156e-11
sub-058,P4,6.752817321318253e-12,9.378193571811725e-13,9.19730330074797e-12,8.880709797527961e-11
sub-058,O1,1.2053151134341894e-11,1.5783865364255188e-12,9.271901575808095e-12,8.758503984486392e-11
sub-058,O2,1.0195555110050014e-11,1.5304638178746936e-12,9.494963217896536e-12,8.779413403830337e-11
sub-058,F7,5.9795104071687625e-12,1.4784289564957999e-12,9.616483816175705e-12,8.94679573918697e-11
sub-058,F8,5.411112591030445e-12,1.5127126513020231e-12,9.668439023330822e-12,9.181771951424091e-11
sub-058,T3,6.125346025827827e-12,1.6151527405982163e-12,9.295957951590866e-12,8.693301721319437e-11
sub-058,T4,5.265941458903266e-12,1.1716403531536942e-12,9.453743881902493e-12,8.794871361095483e-11
sub-058,T5,1.4171374763141898e-11,1.4866693715442054e-12,9.375461488583423e-12,8.681247067593903e-11
sub-058,T6,1.7891850041519407e-11,1.6115355530427137e-12,1.0764390499314558e-11,8.887763564243047e-11
sub-058,Fz,5.732388265894534e-12,1.1617115210877279e-12,8.69366198408655e-12,8.653961724228217e-11
sub-058,Cz,3.4772434498889827e-12,9.67236653650053e-13,8.443494790833989e-12,8.670216863412057e-11
sub-058,Pz,3.4855182859931917e-12,7.607644504128567e-13,8.482335167443514e-12,8.65864895444165e-11
sub-059,Fp1,3.0376948139278003e-12,1.9549945322794436e-12,1.0098495739693415e-11,9.907732754842388e-11
sub-059,Fp2,2.8796283581856636e-12,9.305596765779442e-13,1.0530878842608345e-11,1.0250955427602632e-10
sub-059,F3,2.5273448458096747e-12,8.787835325791144e-13,9.0551169094834e-12,9.001405945928918e-11
sub-059,F4,2.5198411447916296e-12,6.917311880601132e-13,9.177771076673992e-12,9.022549420820694e-11
sub-059,C3,2.3138910705006704e-12,5.894367853372498e-13,8.820157528395452e-12,8.898417608646248e-11
sub-059,C4,2.290224718964953e-12,5.835313805690128e-13,8.85770568210868e-12,8.863157766340707e-11
sub-059,P3,3.072755360854368e-12,6.239326483756013e-13,9.067536546741993e-12,8.826480418096222e-11
sub-059,P4,2.9362202976002206e-12,6.323728831754884e-13,9.074791792988067e-12,8.860148663629506e-11
sub-059,O1,2.9476789294200558e-12,7.140752867197434e-13,9.283855361895342e-12,8.886062757071241e-11
sub-059,O2,3.0392764705479923e-12,8.336036480575775e-13,9.381040543270909e-12,9.039207040308965e-11
sub-059,F7,2.8364196108401077e-12,1.0431772471203737e-12,9.199634945995601e-12,9.048127020724854e-11
sub-059,F8,2.769414738015484e-12,7.316441724396776e-13,9.36613052244743e-12,9.112593691650487e-11
sub-059,T3,2.7370775509321587e-12,7.708930132046273e-13,9.151291847566926e-12,8.886458337678415e-11
sub-059,T4,2.5806006512005764e-12,8.037194422999778e-13,9.058064714993773e-12,8.857098283809898e-11
sub-059,T5,3.429834958547523e-12,7.54999541270919e-13,9.382087467805136e-12,8.964375554175304e-11
sub-059,T6,3.0943180428116734e-12,8.010339083064949e-13,9.184660788766318e-12,8.868382263355418e-11
sub-059,Fz,2.427429552078268e-12,6.40892902482347e-13,9.050828243102287e-12,8.989332268694599e-11
sub-059,Cz,2.153309768080664e-12,5.553626403730781e-13,8.830136442332107e-12,8.894301532619986e-11
sub-059,Pz,2.7043387263716652e-12,5.757283777992817e-13,8.963088425804922e-12,8.866585275431578e-11
sub-060,Fp1,2.669711710764595e-12,1.0984410095963978e-12,1.0363520767021692e-11,1.2066481256432506e-10
sub-060,Fp2,2.927826946308496e-12,1.3151559593017782e-12,1.0785128494846716e-11,1.3773303046473297e-10
sub-060,F3,2.3749036250220548e-12,8.450357085370419e-13,8.858981249544859e-12,9.120985871707749e-11
sub-060,F4,2.5166985437815728e-12,9.631923276712356e-13,8.916050582303443e-12,9.221899761647919e-11
sub-060,C3,2.2134203939621227e-12,6.73963415297965e-13,8.626419800497528e-12,8.944410093589362e-11
sub-060,C4,2.220922852551931e-12,6.846080415069093e-13,8.590072411312636e-12,9.044705337547488e-11
sub-060,P3,2.6939203190387307e-12,9.200878532935696e-13,9.128620226011434e-12,9.250050254195764e-11
sub-060,P4,2.6061016712678004e-12,8.852773806865247e-13,9.116445409836741e-12,9.399351805379506e-11
sub-060,O1,3.4652791471278826e-12,1.1994523632265958e-12,9.408369708588349e-12,9.324362922966631e-11
sub-060,O2,3.699122142946501e-12,1.2954757229394368e-12,9.797754310728627e-12,9.754013828920489e-11
sub-060,F7,2.4879861871423135e-12,8.865310062299671e-13,9.128232776892328e-12,9.267698385812463e-11
sub-060,F8,2.6438590355121245e-12,1.0159726613359055e-12,9.162163712374796e-12,9.434029848707189e-11
sub-060,T3,2.6799626160246623e-12,1.0023537553850472e-12,9.024589024507648e-12,9.113195184560328e-11
sub-060,T4,2.6234156411255076e-12,9.280702570948614e-13,8.874209103422692e-12,9.08874555178614e-11
sub-060,T5,3.537813697294822e-12,1.1881070469420124e-12,9.349686449953525e-12,9.239913623496637e-11
sub-060,T6,3.443398038858508e-12,1.2161536985071193e-12,9.238271327121982e-12,9.257325237337746e-11
sub-060,Fz,2.4531209691943566e-12,8.045998559328419e-13,8.913457272260776e-12,9.554775389998463e-11
sub-060,Cz,2.204294721079541e-12,6.902002182167369e-13,8.740333011959192e-12,9.137120794482606e-11
sub-060,Pz,2.3951892626409717e-12,7.952749658028387e-13,8.858641058062518e-12,9.17201389060242e-11
sub-061,Fp1,3.3701969208996356e-12,6.993963010351075e-13,1.3030496190199578e-11,2.1140926745751194e-10
sub-061,Fp2,3.7222745163580635e-12,6.718605071827713e-13,1.8225341389327577e-11,2.2515821788111987e-10
sub-061,F3,2.420486237742232e-12,5.644244940326522e-13,8.856550857208194e-12,9.350789166705078e-11
sub-061,F4,2.5338007750180275e-12,6.201038241088479e-13,9.134642653832177e-12,9.536037789401834e-11
sub-061,C3,2.046114036332322e-12,4.798366586140667e-13,8.525924278212877e-12,8.820093189814687e-11
sub-061,C4,2.0685459628905316e-12,4.946020841850162e-13,8.424931057288799e-12,8.793359564793462e-11
sub-061,P3,3.5432597457435118e-12,5.280646061511569e-13,8.761013318063242e-12,8.931246378109424e-11
sub-061,P4,3.741869218978229e-12,5.005191383306866e-13,8.643253725965197e-12,8.901768635185909e-11
sub-061,O1,1.0475605237704713e-11,6.675612208433229e-13,9.258114311377743e-12,9.049623568554058e-11
sub-061,O2,1.1953474855724856e-11,6.799582153531552e-13,9.430500630654908e-12,9.196046695464896e-11
sub-061,F7,2.6284526185972275e-12,6.623658317198218e-13,9.101364195344956e-12,9.832206842395772e-11
sub-061,F8,3.1244674455862148e-12,8.601696667533843e-13,1.0837534953718033e-11,1.0826420714981157e-10
sub-061,T3,2.5435947069248216e-12,6.609349724275939e-13,8.889404190354487e-12,8.970887256946236e-11
sub-061,T4,2.782569577317639e-12,7.437737806917191e-13,8.725191644025845e-12,8.881615254538909e-11
sub-061,T5,5.161916951593372e-12,6.475524475529424e-13,9.107770848561726e-12,8.992860587089118e-11
sub-061,T6,7.93035473962096e-12,6.388195694308919e-13,9.089220325453624e-12,9.001967446121059e-11
sub-061,Fz,2.4628331194680747e-12,4.656154589482176e-13,8.761895534868672e-12,9.118838389653584e-11
sub-061,Cz,2.098452017736165e-12,4.48325738682621e-13,8.514937482622348e-12,8.782858339801095e-11
sub-061,Pz,3.505116743388387e-12,4.952780270096881e-13,8.704620275321546e-12,8.874839688494527e-11
sub-062,Fp1,7.61777375719876e-12,1.247821290237899e-12,1.179560483583478e-11,1.009960629111247e-10
sub-062,Fp2,7.030118428962757e-12,1.485166213316999e-12,9.59819126254757e-12,8.998303450232887e-11
sub-062,F3,5.2873069169753576e-12,7.933492012049037e-13,9.006183358949191e-12,8.214727303381514e-11
sub-062,F4,4.6492037030536646e-12,7.943756371909438e-13,9.061091586014297e-12,8.21283713712238e-11
sub-062,C3,2.9439988713682875e-12,5.731546920562342e-13,8.51052202100103e-12,8.064797059040132e-11
sub-062,C4,2.868589315122965e-12,5.743468405227738e-13,8.666907358502125e-12,8.104263811698059e-11
sub-062,P3,1.1973428443729638e-11,7.822469566199488e-13,9.387722925933195e-12,8.361847105638033e-11
sub-062,P4,1.3661368677838395e-11,7.964574546374172e-13,9.224775122147023e-12,8.167347821061317e-11
sub-062,O1,2.956056179988652e-11,1.0081536453634757e-12,1.0784637906652738e-11,8.707250350751171e-11
sub-062,O2,3.013714402515475e-11,1.1572459919774833e-12,1.2557632046822466e-11,1.0137604968211662e-10
sub-062,F7,5.601449093853713e-12,7.997494666380941e-13,9.827053601647489e-12,8.25628152835621e-11
sub-062,F8,5.908736861956737e-12,8.098810823004366e-13,9.588376557244659e-12,8.296367431657923e-11
sub-062,T3,6.4067714475785194e-12,7.880542722425639e-13,9.992829009157055e-12,8.364676514399882e-11
sub-062,T4,7.990514785720079e-12,9.755267116154662e-13,1.1885133014941015e-11,1.0024527382639079e-10
sub-062,T5,2.7836275645943343e-11,1.0824930828377493e-12,1.0638942626604184e-11,8.380203747653436e-11
sub-062,T6,1.9188204160550717e-11,9.569769870583557e-13,1.089303568112249e-11,9.235348047604027e-11
sub-062,Fz,5.923937225071489e-12,6.794092241844313e-13,9.118179090897157e-12,8.252623157218817e-11
sub-062,Cz,3.651631393094519e-12,6.631693318218951e-13,9.625687151922752e-12,8.822189803785988e-11
sub-062,Pz,1.0926122404800115e-11,7.171472257534948e-13,9.134740117962206e-12,8.17671287700185e-11
sub-063,Fp1,2.8134269177401915e-12,7.414564891116453e-13,9.590610310089386e-12,8.124243081876373e-11
sub-063,Fp2,2.759198011810249e-12,7.423023795474492e-13,9.597507984785684e-12,8.28307728069873e-11
sub-063,F3,2.6027550555522322e-12,6.810793076415675e-13,9.212894135095826e-12,7.901963975775049e-11
sub-063,F4,2.5581995197972725e-12,6.679044815281335e-13,9.207449675326861e-12,8.011522945287877e-11
sub-063,C3,2.4319545039745064e-12,5.991058630703359e-13,9.014678515546872e-12,7.876406331463952e-11
sub-063,C4,2.3845352375984938e-12,6.161802871560833e-13,8.957945977535171e-12,7.93793858956989e-11
sub-063,P3,3.130042176097007e-12,7.748538226663636e-13,9.194198391306632e-12,7.960158403237026e-11
sub-063,P4,3.290618003914865e-12,6.829726550299644e-13,9.133862404412e-12,8.047379415247526e-11
sub-063,O1,6.456346414031186e-12,9.476163655267608e-13,9.783783120241213e-12,8.147151731129033e-11
sub-063,O2,8.238858064703121e-12,9.54267187213074e-13,1.0047614680818513e-11,8.31807999816673e-11
sub-063,F7,3.1921368223729337e-12,8.560996953766946e-13,9.736610959190831e-12,8.147424281227631e-11
sub-063,F8,2.9846500187511927e-12,9.334911178180045e-13,9.728556777284288e-12,8.361061960251372e-11
sub-063,T3,3.4029621670275294e-12,8.624767176662738e-13,1.0028738461680778e-11,8.240845895822634e-11
sub-063,T4,3.1831674027856484e-12,1.0298111382846473e-12,9.588012025529875e-12,8.173623965882461e-11
sub-063,T5,4.9427768232193724e-12,9.293359888821211e-13,9.600269327101859e-12,7.973192841341265e-11
sub-063,T6,4.953941338177031e-12,8.263491065469197e-13,9.45637129949892e-12,8.185493464120196e-11
sub-063,Fz,2.5743161043555515e-12,6.271338193639389e-13,9.153801561947662e-12,7.915719046538895e-11
sub-063,Cz,2.4172060352778804e-12,5.876833579049763e-13,9.037805733221705e-12,7.957570894924565e-11
sub-063,Pz,2.9370022085216342e-12,6.527124436644339e-13,9.223011222101893e-12,8.030675490606306e-11
sub-064,Fp1,1.558322223573704e-11,1.849511158374847e-12,1.6339971080373587e-11,1.601056466612222e-10
sub-064,Fp2,1.5726918991165694e-11,1.692289400434076e-12,1.6109890732721005e-11,1.6065223195620043e-10
sub-064,F3,1.2271658285769861e-11,1.6774005978592627e-12,1.107889248456774e-11,1.003680713278922e-10
sub-064,F4,1.3185488960904986e-11,1.676904157607036e-12,1.1806790903641677e-11,1.0885321835854923e-10
sub-064,C3,7.425387079073297e-12,1.1294127142911795e-12,1.0329855804306006e-11,9.552613032936274e-11
sub-064,C4,7.0176974449157635e-12,1.1248469251491791e-12,1.014109532225687e-11,9.613904508954371e-11
sub-064,P3,2.6623800179877814e-11,1.841619448380835e-12,1.1914472057674516e-11,9.954288336599489e-11
sub-064,P4,2.0065563256418868e-11,1.7372248976065898e-12,1.1251866843394653e-11,9.750089316459114e-11
sub-064,O1,4.9012489470160913e-11,2.029717090833252e-12,1.37472344869177e-11,1.0379772951757671e-10
sub-064,O2,7.45869941073352e-11,2.469538501918048e-12,1.493331474564414e-11,1.0408666958547259e-10
sub-064,F7,1.3389703792818548e-11,1.792554557706759e-12,1.19930068034451e-11,1.0712853394748047e-10
sub-064,F8,1.4111466167154337e-11,1.668406792430762e-12,1.246299089493006e-11,1.1486163154527888e-10
sub-064,T3,1.61520068413021e-11,1.71727423425675e-12,1.1544881625574967e-11,9.942527994525477e-11
sub-064,T4,1.283208526343562e-11,1.8162331672045334e-12,1.168847103529116e-11,1.0425779903615074e-10
sub-064,T5,8.67041760375655e-11,2.925145057740082e-12,1.5983177404894655e-11,1.0379091074090726e-10
sub-064,T6,3.982081192745695e-11,1.950711173832584e-12,1.2715824991083807e-11,1.0112678226042111e-10
sub-064,Fz,1.3660133254734393e-11,1.2701643624084903e-12,1.1024091045798513e-11,9.985749028722999e-11
sub-064,Cz,8.841298591485966e-12,1.361688302438517e-12,1.0285359685352012e-11,9.649608934874646e-11
sub-064,Pz,1.8231493027134807e-11,1.583043105650311e-12,1.1008778801188198e-11,9.88978031955188e-11
sub-065,Fp1,2.6828152478583096e-12,1.324782440401727e-12,1.1494459010906513e-11,1.2311249802207932e-10
sub-065,Fp2,2.640903035560888e-12,1.049362163248821e-12,1.2335630129600064e-11,1.2936069643841226e-10
sub-065,F3,2.2165759066942567e-12,8.174347632488505e-13,8.79607427513207e-12,9.220430096828757e-11
sub-065,F4,2.2041513635247274e-12,7.552901925320467e-13,8.858908265968767e-12,9.261453192652745e-11
sub-065,C3,2.0749070142546124e-12,5.764449133882147e-13,8.341718571964197e-12,8.761301885101593e-11
sub-065,C4,2.0478106573892653e-12,5.749099735818206e-13,8.475035584233304e-12,8.847749584208073e-11
sub-065,P3,3.0778366078122614e-12,7.174845629978071e-13,8.549346964894991e-12,8.881906799419966e-11
sub-065,P4,2.6922013574828274e-12,6.300799659613677e-13,8.527013399671784e-12,8.898215470151067e-11
sub-065,O1,6.430356068378102e-12,9.43051980448142e-13,8.976317797889731e-12,9.043170742219763e-11
sub-065,O2,5.752470699522066e-12,9.290630440047884e-13,9.010137446715392e-12,9.110851001950099e-11
sub-065,F7,2.5884498129055635e-12,1.0720548159069132e-12,9.138311794592428e-12,9.59237592148427e-11
sub-065,F8,2.543936026320171e-12,1.103929025340522e-12,9.38054632190865e-12,9.68110874590772e-11
sub-065,T3,2.9230192666530967e-12,9.208874800717407e-13,9.008355984319277e-12,9.144439134132573e-11
sub-065,T4,2.927970779196664e-12,1.1435629234593132e-12,9.124822328288509e-12,9.111841552485303e-11
sub-065,T5,6.6448744321090974e-12,1.031558055000838e-12,9.012765083683799e-12,8.998946570135057e-11
sub-065,T6,5.703425291168047e-12,9.155647807087084e-13,8.941249823945613e-12,9.02659892510465e-11
sub-065,Fz,2.128950492118183e-12,5.698765690062341e-13,8.830793178020833e-12,9.284811969190562e-11
sub-065,Cz,2.0386338453123743e-12,5.259276483450033e-13,8.409851068974453e-12,8.825352811933627e-11
sub-065,Pz,2.7088135313660927e-12,6.179611053088466e-13,8.54621311066218e-12,8.905480871190948e-11
sub-066,Fp1,4.491975549573285e-12,7.924878354144553e-13,1.6168221299948487e-11,1.4765143933910237e-10
sub-066,Fp2,4.927254988581537e-12,9.229451423666445e-13,1.748784697816781e-11,1.5621598095659474e-10
sub-066,F3,4.317308073651883e-12,6.99559052602774e-13,1.249124170260522e-11,1.0241785080112182e-10
sub-066,F4,4.791341337330152e-12,6.818217975422834e-13,1.3448102016915633e-11,9.442491751075939e-11
sub-066,C3,3.031951364817465e-12,5.656767806458035e-13,1.0708689106211325e-11,8.311845343598185e-11
sub-066,C4,3.0234792324412735e-12,5.430864873072043e-13,1.0643939708323742e-11,8.19385427922124e-11
sub-066,P3,4.467839431554606e-12,6.190803057180323e-13,1.3966452178837048e-11,8.907245802929935e-11
sub-066,P4,4.099819547569722e-12,5.858554859316903e-13,1.1622253616716619e-11,8.940970681492365e-11
sub-066,O1,6.63833849521783e-12,7.00640533287633e-13,1.8184612539047483e-11,9.767522975085508e-11
sub-066,O2,6.0810761315350685e-12,6.547340550526608e-13,1.516056318568757e-11,9.549136859557195e-11
sub-066,F7,3.991468345775455e-12,7.721332903110705e-13,1.3222642614445864e-11,1.0120407307882844e-10
sub-066,F8,4.376816915461966e-12,7.439101904464077e-13,1.4076474652488656e-11,9.927176021381092e-11
sub-066,T3,4.219842027919723e-12,1.3520498701587522e-12,1.3563860915384324e-11,9.076318645047364e-11
sub-066,T4,4.315665628637076e-12,7.767247667765017e-13,1.394033884580209e-11,9.474378560628606e-11
sub-066,T5,5.5955944396891195e-12,7.145562027626774e-13,1.7172150291069236e-11,9.183859463399202e-11
sub-066,T6,5.2295760332028595e-12,6.863520544595625e-13,1.4511814966898498e-11,9.4210727911639e-11
sub-066,Fz,4.215416565728228e-12,6.09007802511944e-13,1.1761765648461798e-11,9.887609156221808e-11
sub-066,Cz,3.38109839638441e-12,6.305218724643932e-13,9.73589177160486e-12,8.359490615355274e-11
sub-066,Pz,4.459631820338461e-12,6.059704149774602e-13,1.2163036384005052e-11,9.239178792884014e-11
sub-067,Fp1,1.1051153871290696e-11,1.5203549559393488e-11,1.571375989355305e-11,1.325576668827437e-10
sub-067,Fp2,7.66304714019528e-12,5.483939904640342e-12,1.5918276043816967e-11,1.4360419865594151e-10
sub-067,F3,5.376268646396597e-12,6.193432800124133e-12,9.054695881029883e-12,8.453965317241242e-11
sub-067,F4,4.113754684757162e-12,2.570895700501139e-12,8.951362348290866e-12,8.35430766154921e-11
sub-067,C3,3.0213807868767548e-12,1.1174212689014468e-12,8.327771344669364e-12,8.004899234890482e-11
sub-067,C4,3.155712982218238e-12,1.120345151586542e-12,8.097666853833406e-12,7.972984309188171e-11
sub-067,P3,3.764139926701887e-12,1.2270032076880256e-12,9.398265831821273e-12,9.193574526270203e-11
sub-067,P4,5.312447663170135e-12,1.0832276060785342e-12,8.39519268241169e-12,8.174648605347056e-11
sub-067,O1,5.258137206120498e-12,1.2491443537659602e-12,1.3896645068012215e-11,1.4651520783511765e-10
sub-067,O2,5.0082376637822955e-12,1.1119196924978798e-12,9.612283299099528e-12,9.425024288738222e-11
sub-067,F7,9.510216701552476e-12,2.5454792910910226e-12,1.013149136102108e-11,8.80611298560036e-11
sub-067,F8,6.708036459342187e-12,2.881221188436525e-12,9.57744944832156e-12,8.646016279323799e-11
sub-067,T3,8.681505910591634e-12,1.120793969213539e-11,9.6866376625187e-12,8.670174211026096e-11
sub-067,T4,9.702438075941342e-12,2.5535096745469966e-11,9.67308417080201e-12,8.293571103428757e-11
sub-067,T5,5.390502716049676e-12,1.7896752681859295e-12,9.112109428004574e-12,8.382174078288546e-11
sub-067,T6,5.833433986554756e-12,2.0018123295625785e-12,8.459304115734833e-12,8.092828224481428e-11
sub-067,Fz,4.24265333576013e-12,1.7045939687598674e-12,8.91508986208262e-12,8.504637133008622e-11
sub-067,Cz,2.475403051937201e-12,9.27562862439404e-13,8.162804193475433e-12,8.011570413550126e-11
sub-067,Pz,3.4350292008383384e-12,8.475206266309237e-13,8.215971408369267e-12,7.992654749405646e-11
sub-068,Fp1,3.4589478553491717e-12,7.244963763481588e-13,1.0205317336017866e-11,1.0161619371770144e-10
sub-068,Fp2,3.404235509870823e-12,7.027391601409695e-13,9.652255964118275e-12,9.794875386696273e-11
sub-068,F3,2.98509974154616e-12,6.286898309546773e-13,8.689980833071542e-12,9.087009697335845e-11
sub-068,F4,2.849722583915218e-12,6.039718355994597e-13,8.59862815433679e-12,9.104570183746215e-11
sub-068,C3,2.4664994605779454e-12,5.247857561557733e-13,8.396466891590771e-12,8.888591873339695e-11
sub-068,C4,2.5775034318618867e-12,5.176241155975484e-13,8.260606454055266e-12,8.873110427491016e-11
sub-068,P3,3.466134530422146e-12,5.562616666229733e-13,8.529421518913377e-12,8.877670590602333e-11
sub-068,P4,4.604414122469983e-12,5.820684488925696e-13,8.609190819876799e-12,8.94366691893373e-11
sub-068,O1,5.179217293946206e-12,6.143602020868876e-13,9.058433842347156e-12,8.961633852663275e-11
sub-068,O2,5.5650205307498394e-12,6.449628471296831e-13,9.578793843571546e-12,9.607765669305599e-11
sub-068,F7,3.414186433547053e-12,7.655801623223302e-13,8.822944208077697e-12,9.106881284592199e-11
sub-068,F8,2.9488748246405837e-12,5.861559104004192e-13,8.64079176568134e-12,9.046017473311734e-11
sub-068,T3,4.24423544364276e-12,7.772321549891935e-13,8.794562749119888e-12,8.962482492621677e-11
sub-068,T4,3.2591833445491037e-12,5.867928445102188e-13,8.569065062752245e-12,8.934548910174719e-11
sub-068,T5,8.688598464351755e-12,6.973872541678845e-13,9.259591471852914e-12,9.003149459366156e-11
sub-068,T6,7.314337518313572e-12,6.326123762748469e-13,8.940662698280018e-12,9.043779878815785e-11
sub-068,Fz,2.9722756741508376e-12,5.56693834122199e-13,8.663005213548899e-12,9.018241985432597e-11
sub-068,Cz,2.4668905382439065e-12,5.055115736181273e-13,8.393455740510989e-12,8.9206745379631e-11
sub-068,Pz,3.0597528211814727e-12,5.002157490334528e-13,8.428096110498321e-12,8.895927431811845e-11
sub-069,Fp1,7.487512383992758e-12,1.433205645481922e-12,1.866497379664946e-11,1.1778357259346373e-10
sub-069,Fp2,6.7206091761570745e-12,1.5233378571334527e-12,1.8433664348070115e-11,1.0249874139409597e-10
sub-069,F3,5.60325976568604e-12,1.1257422836331618e-12,1.4433468843469475e-11,7.860576542334824e-11
sub-069,F4,4.846663319836734e-12,1.0874144184124138e-12,1.6492754814491413e-11,7.268872536990172e-11
sub-069,C3,4.190086583259023e-12,8.614717903215384e-13,1.506785969452322e-11,6.777118387464211e-11
sub-069,C4,3.852753298734084e-12,8.683832841686576e-13,1.4914278592793953e-11,6.745971657387663e-11
sub-069,P3,9.954001583999281e-12,9.400730164663338e-13,3.1434483674895665e-11,8.280128260318472e-11
sub-069,P4,8.267927045408092e-12,9.524942750409638e-13,2.476380421308933e-11,8.003440970110151e-11
sub-069,O1,1.1608175891661667e-11,1.0586420267647306e-12,3.342960942866003e-11,9.396006983316051e-11
sub-069,O2,1.0435273980093983e-11,9.963716988129715e-13,2.835509620069293e-11,8.724822826183215e-11
sub-069,F7,1.0040380110995565e-11,1.3049700017361772e-12,2.2730140818039296e-11,7.897191167249971e-11
sub-069,F8,8.297859994601676e-12,1.2618169657751823e-12,2.0605437349603495e-11,7.377498467804923e-11
sub-069,T3,1.1833039193580058e-11,1.6504437133208555e-12,3.465170063690898e-11,7.590914056405862e-11
sub-069,T4,9.725587850857533e-12,1.422041536722813e-12,2.6315208145941517e-11,7.199772585510113e-11
sub-069,T5,1.265503741148686e-11,1.0735802187346506e-12,4.5658597102982653e-11,9.142930774263775e-11
sub-069,T6,1.294538087760183e-11,1.0700225842461954e-12,4.001970936661235e-11,8.927116784379929e-11
sub-069,Fz,5.815222587207483e-12,8.969950457427065e-13,1.820208938532487e-11,7.42229939304901e-11
sub-069,Cz,6.436654998991177e-12,1.0527299424430715e-12,2.153731461937933e-11,6.826927700448967e-11
sub-069,Pz,1.1954601270994059e-11,9.122513014313795e-13,2.5784994533422454e-11,7.715163420457042e-11
sub-070,Fp1,3.0604116618067245e-12,1.4437437261775273e-12,1.2335630604119105e-11,1.1747440915895732e-10
sub-070,Fp2,2.7715835372060793e-12,7.662049271612693e-13,1.0995881743827388e-11,1.0252206205657577e-10
sub-070,F3,2.5862194850014553e-12,1.033198644126798e-12,8.818405426538951e-12,8.730627200242489e-11
sub-070,F4,2.302616438869973e-12,6.220467414897682e-13,8.451371593937298e-12,8.059934804024033e-11
sub-070,C3,2.143409790280801e-12,5.445730764605571e-13,7.96546691664315e-12,7.858442417090266e-11
sub-070,C4,2.186974682474706e-12,5.390536644379574e-13,7.984670851981987e-12,7.841303896409182e-11
sub-070,P3,2.7245425852186006e-12,6.326220967640918e-13,8.188033445526094e-12,7.989646107041132e-11
sub-070,P4,2.624865668669773e-12,6.171659462157707e-13,8.323673514866551e-12,7.942653347278725e-11
sub-070,O1,2.9029721119811373e-12,6.887774605916712e-13,8.489202203964624e-12,8.078620837121318e-11
sub-070,O2,2.8169665397731217e-12,6.701497838133239e-13,8.424391186294377e-12,7.98663118858778e-11
sub-070,F7,3.3363768990722404e-12,9.008266158491674e-13,8.553699342282922e-12,8.473282067935603e-11
sub-070,F8,2.685721231412471e-12,6.756157729898207e-13,8.743950309540424e-12,8.0312808679737e-11
sub-070,T3,4.031701789534854e-12,2.4739497685695987e-12,8.700722626287364e-12,8.139976833182704e-11
sub-070,T4,3.0700453803300837e-12,7.52461950448521e-13,9.04582168256256e-12,7.978956318654023e-11
sub-070,T5,3.2001686343636963e-12,7.561327823990294e-13,8.621534087257328e-12,8.124164974441894e-11
sub-070,T6,2.989477543311875e-12,7.475160133333345e-13,8.854029031813817e-12,8.154338121546163e-11
sub-070,Fz,2.281149306931879e-12,6.039681666864636e-13,8.879866452773532e-12,8.465085219346351e-11
sub-070,Cz,2.1198049941490284e-12,5.835841492696086e-13,8.528243097418688e-12,7.936068741329193e-11
sub-070,Pz,2.273968987855757e-12,5.545691543662344e-13,8.006153934287471e-12,7.925857227503524e-11
sub-071,Fp1,5.2281016811449685e-12,1.3378235489454304e-12,1.0053808800558316e-11,9.162170493146135e-11
sub-071,Fp2,5.017416585064749e-12,1.0790955067490492e-12,9.443013331143644e-12,8.544114403006762e-11
sub-071,F3,3.4992646452664675e-12,8.687244982764703e-13,8.865220707708572e-12,7.893798723705115e-11
sub-071,F4,3.662276137811626e-12,8.517294876004959e-13,8.700203387693505e-12,7.883918456580323e-11
sub-071,C3,2.618678198440123e-12,6.627402906346159e-13,8.381556015545251e-12,7.738837551035882e-11
sub-071,C4,2.536757559581975e-12,6.660131259020844e-13,8.406978819717762e-12,7.767443644174042e-11
sub-071,P3,5.372855254138885e-12,7.67583056157177e-13,8.633181110061589e-12,7.849815754386466e-11
sub-071,P4,4.679382933305345e-12,8.282985695554771e-13,8.80831985467666e-12,7.882672952521927e-11
sub-071,O1,5.757027281971878e-12,9.172525654118747e-13,9.042146935026762e-12,7.963680743150339e-11
sub-071,O2,6.850173406988686e-12,9.481453650507812e-13,9.165738580965834e-12,7.988012457251225e-11
sub-071,F7,5.672048459012602e-12,1.253112173963302e-12,9.969205322380892e-12,8.439960247228305e-11
sub-071,F8,5.644565035898284e-12,1.334044541808234e-12,9.708460719631122e-12,8.31439440728762e-11
sub-071,T3,5.245053060712829e-12,1.2428975614312815e-12,9.447106951624109e-12,7.871017382060633e-11
sub-071,T4,5.913974944470651e-12,1.1921192609502476e-12,9.393362497402916e-12,7.94121818632711e-11
sub-071,T5,5.423345551474047e-12,1.0577623684624583e-12,9.460235480368612e-12,7.926592941064584e-11
sub-071,T6,7.585225816472187e-12,1.2762506722919665e-12,9.5371132896212e-12,7.964564802820138e-11
sub-071,Fz,3.3246637434748223e-12,7.403292504290903e-13,8.809700795419116e-12,7.915702969913829e-11
sub-071,Cz,2.3935935579711415e-12,6.431772295245415e-13,8.404148928731208e-12,7.794666999362625e-11
sub-071,Pz,4.6271659569930795e-12,6.379631605089044e-13,8.436066458794338e-12,7.890493165356505e-11
sub-072,Fp1,4.019188297359538e-12,8.311033955026271e-13,2.1724331014534103e-11,1.6724216638747154e-10
sub-072,Fp2,3.749906120722585e-12,7.911796020052832e-13,2.116798185682051e-11,1.5656907325488377e-10
sub-072,F3,3.0071422587892518e-12,6.663646068082719e-13,1.2821734841519515e-11,9.788078467049513e-11
sub-072,F4,2.8965926943315964e-12,7.520520342136226e-13,1.1507485784514914e-11,8.514812008075305e-11
sub-072,C3,2.5984251866992047e-12,5.639358777267371e-13,1.0688881472618402e-11,8.110008009796423e-11
sub-072,C4,2.5328364038280237e-12,5.73639172163317e-13,1.0353717754567102e-11,7.772323431122735e-11
sub-072,P3,2.95968339295659e-12,6.385111530802731e-13,1.1868328133485282e-11,8.759120205229901e-11
sub-072,P4,2.8327367885958633e-12,6.289198351706313e-13,1.161791509953831e-11,8.430780754090804e-11
sub-072,O1,3.1728994019011894e-12,6.348644877080022e-13,1.2355825065208661e-11,9.258007578125557e-11
sub-072,O2,3.070443840310976e-12,6.407508180931755e-13,1.2119081994535807e-11,9.148655447756842e-11
sub-072,F7,3.1591043697994014e-12,8.338484217689908e-13,1.2908665180638509e-11,9.529115023533126e-11
sub-072,F8,3.1140317505754705e-12,7.975383594276833e-13,1.2477985042125758e-11,8.884101740179378e-11
sub-072,T3,3.0933750207998723e-12,7.018532804685622e-13,1.3690654290986699e-11,9.0552279895157e-11
sub-072,T4,3.27473118237072e-12,6.98722849960361e-13,1.3686709028272e-11,8.493169227577045e-11
sub-072,T5,3.5993323808856808e-12,6.782437479113464e-13,1.5445115064603652e-11,9.732421671427184e-11
sub-072,T6,3.4854538202626123e-12,6.97914870678681e-13,1.461412661727894e-11,9.45757239302031e-11
sub-072,Fz,3.049799940102099e-12,6.643962085021995e-13,1.3268204105184277e-11,9.572018869588156e-11
sub-072,Cz,2.741907841870388e-12,6.292244695773269e-13,1.0299784721126687e-11,8.031961436022111e-11
sub-072,Pz,2.870965418970767e-12,6.386447186951047e-13,1.0663879361268918e-11,8.811675012025659e-11
sub-073,Fp1,3.31455232449707e-12,5.927953036292735e-13,1.0848092092300778e-11,1.0735261778746127e-10
sub-073,Fp2,3.1048953630686063e-12,5.695669020640164e-13,1.0606582713211483e-11,1.0605631688514485e-10
sub-073,F3,2.5560086294266774e-12,4.993239108661194e-13,9.163282135894406e-12,8.505893223585794e-11
sub-073,F4,2.56432793578435e-12,5.099116315064175e-13,9.280731823293925e-12,8.470716484568909e-11
sub-073,C3,2.2428824276676644e-12,4.714185647806021e-13,8.743453982466581e-12,8.218441829484394e-11
sub-073,C4,2.3073218492209935e-12,4.763366498085451e-13,8.87469634440675e-12,8.115520719102163e-11
sub-073,P3,2.7971840088601528e-12,5.258199892980819e-13,9.006168141222461e-12,8.24025159920945e-11
sub-073,P4,3.088541499982276e-12,4.96363632056455e-13,9.01634951117084e-12,8.15170508697986e-11
sub-073,O1,5.2150329067374236e-12,6.009286839870428e-13,9.657084527283576e-12,8.35210817037472e-11
sub-073,O2,7.042591568679733e-12,5.891684315895508e-13,9.856838291798652e-12,8.376026897968268e-11
sub-073,F7,3.268999762693148e-12,5.968913924764064e-13,1.0289868380225289e-11,8.758909375815371e-11
sub-073,F8,3.2390422972405372e-12,6.326850266800027e-13,9.924223232966583e-12,8.57758393221713e-11
sub-073,T3,3.3236807293256084e-12,6.55068216091995e-13,9.688574039762352e-12,8.315869040356304e-11
sub-073,T4,3.9095111629296e-12,6.974316297117109e-13,9.63090955781592e-12,8.171877002949654e-11
sub-073,T5,4.616406220194922e-12,6.121019545973697e-13,9.42474216082361e-12,8.241469262605168e-11
sub-073,T6,6.137763280757192e-12,6.005986396621159e-13,1.0016099507441155e-11,8.4437523468537e-11
sub-073,Fz,2.680430740214001e-12,4.806850262968362e-13,9.207630858629158e-12,8.506369851329463e-11
sub-073,Cz,2.748553688526857e-12,5.70692110052941e-13,1.0024417412873847e-11,9.047531527058079e-11
sub-073,Pz,2.7887688218496646e-12,4.922294765056548e-13,8.937389032012651e-12,8.181711124700035e-11
sub-074,Fp1,2.8373316064077474e-11,6.170388076600798e-12,8.561914481504451e-11,5.649033473985409e-10
sub-074,Fp2,1.809048448399795e-11,6.510993934963405e-12,7.647097709587159e-11,6.103621791129371e-10
sub-074,F3,1.2974183289052828e-11,2.2052241983594857e-12,5.5066522488816223e-11,5.062724247991579e-10
sub-074,F4,1.0588319125665803e-11,2.3949325053707965e-12,5.2305961959907835e-11,4.985107956832813e-10
sub-074,C3,1.1251420029075583e-11,1.748304802733597e-12,5.760839372740241e-11,6.246415140964565e-10
sub-074,C4,1.908892876348573e-11,3.7206952973394796e-12,7.115415854393962e-11,6.109917420496461e-10
sub-074,P3,1.1352129057162451e-11,1.7729735009547626e-12,4.996814963880065e-11,4.98738008265676e-10
sub-074,P4,1.252860919730152e-11,1.8158599138708154e-12,5.360045385632039e-11,4.961955774298351e-10
sub-074,O1,1.3189721478742955e-11,1.9453079449602235e-12,4.788212170772946e-11,4.6429434933744115e-10
sub-074,O2,1.33913719473524e-10,2.669242626896204e-11,2.60480940061163e-10,1.016092800091453e-09
sub-074,F7,1.179977563787965e-11,1.83970302847103e-12,5.1036386838982315e-11,4.928894246757436e-10
sub-074,F8,1.1445780847667613e-11,1.969727964486472e-12,4.972990027037831e-11,5.358033124084557e-10
sub-074,T3,1.1872066191712486e-11,1.943594627313794e-12,5.054938458862356e-11,4.907369936842311e-10
sub-074,T4,8.752182249057335e-11,2.6015399430543225e-11,6.646070714620879e-10,1.68140823374879e-09
sub-074,T5,1.3037098503402541e-11,1.907124781415031e-12,5.010340662601065e-11,4.877245486731104e-10
sub-074,T6,1.5777886280701557e-11,1.8193848695878706e-12,5.496766133623508e-11,5.051208402934487e-10
sub-074,Fz,1.4787082106369637e-11,4.535847065376378e-12,5.037928643375291e-11,6.067311131610561e-10
sub-074,Cz,3.436760074290963e-11,7.224361948380838e-12,2.4071852141457573e-10,1.3479203681716496e-09
sub-074,Pz,1.1734559576032367e-11,2.0876927897918444e-12,6.608749482909576e-11,8.124396809582354e-10
sub-075,Fp1,2.8357979797721938e-11,1.248200104109699e-11,8.64728851494034e-11,6.338443095029557e-10
sub-075,Fp2,2.777326223272098e-11,1.556752677036197e-11,8.460184134810037e-11,6.128091904678358e-10
sub-075,F3,2.5382593333004514e-11,8.058893732876662e-12,7.977653347371886e-11,5.771268922035232e-10
sub-075,F4,2.539078309654234e-11,8.437961188327583e-12,8.045239777172504e-11,5.775600267770913e-10
sub-075,C3,2.4786805929871512e-11,7.492026279369513e-12,7.836914014004114e-11,5.730016528293611e-10
sub-075,C4,2.4521029012342494e-11,7.414077335556766e-12,7.839340343682783e-11,5.721143059632087e-10
sub-075,P3,2.8923356461273744e-11,8.22220134926788e-12,7.948617595894373e-11,5.746818767611301e-10
sub-075,P4,2.937568883784018e-11,8.352511867724732e-12,7.983547407757499e-11,5.75163430499414e-10
sub-075,O1,4.129557640187581e-11,7.34758373363485e-12,7.994498218988161e-11,5.763844750460859e-10
sub-075,O2,4.3637737994401025e-11,7.546164781965555e-12,7.946003753237183e-11,5.732558959524298e-10
sub-075,F7,2.6974121294387773e-11,8.154767690684665e-12,8.313511457727345e-11,5.861286786343403e-10
sub-075,F8,2.693566874917178e-11,8.156427301532135e-12,8.387399172916955e-11,5.916308505972213e-10
sub-075,T3,2.8682989330591522e-11,8.174725536050354e-12,8.378098059174541e-11,5.794246610508567e-10
sub-075,T4,1.0887909682749286e-11,3.059511961562949e-12,3.379031130317159e-11,2.4347702636572586e-10
sub-075,T5,3.521121152589948e-11,8.061067317920692e-12,8.048125157129381e-11,5.751129854071761e-10
sub-075,T6,4.5770374561492904e-11,8.263961430545646e-12,8.127773164210166e-11,5.757643282938695e-10
sub-075,Fz,2.5553931835950268e-11,7.877775439942023e-12,7.94292003028306e-11,5.763342871939385e-10
sub-075,Cz,2.529592865983005e-11,7.972269374092488e-12,7.869156139563024e-11,5.736374591673958e-10
sub-075,Pz,2.7851767478881057e-11,8.043126729774317e-12,7.914650480758309e-11,5.739230800613245e-10
sub-076,Fp1,4.917836393947787e-10,9.719824721429423e-11,2.158119387686229e-09,1.2586276936807214e-08
sub-076,Fp2,6.378229706059899e-12,3.1604012880365907e-12,2.091190856665245e-11,2.015314010978228e-10
sub-076,F3,4.752850285366515e-12,1.7963962242035397e-12,1.9632385961434438e-11,1.981239596541384e-10
sub-076,F4,5.605269405045045e-12,1.874528950690822e-12,1.9982397531900856e-11,1.9574860135914157e-10
sub-076,C3,5.1531235571776204e-12,1.5234517258146094e-12,2.1356054088093502e-11,2.0582671594683516e-10
sub-076,C4,5.0159648343396926e-12,1.1691430646221276e-12,1.983691491936117e-11,1.8879969063473192e-10
sub-076,P3,4.745242643328586e-12,1.293528534877186e-12,2.6580926801182945e-11,2.645366352100025e-10
sub-076,P4,4.812324749577244e-12,1.0837953091525166e-12,1.9776891733838506e-11,1.9451651854121888e-10
sub-076,O1,7.941606988515398e-12,2.508356662338502e-12,2.7638284359276376e-11,2.746394305022616e-10
sub-076,O2,1.4378354254044836e-10,1.071823257928737e-11,1.0019724373799431e-10,3.1169820748851247e-10
sub-076,F7,5.5998839909620385e-12,1.8178252391198741e-12,1.9793155798433168e-11,1.920197156193451e-10
sub-076,F8,5.954305354342018e-12,1.8585742380239566e-12,2.0462027216396232e-11,1.9900650580576456e-10
sub-076,T3,6.1404408658756665e-12,1.5240240689045129e-12,2.061559056752617e-11,1.9672285494213344e-10
sub-076,T4,5.627675561924502e-12,1.4232478292371274e-12,2.0389905557448124e-11,1.9319848363745154e-10
sub-076,T5,5.2221463982685565e-12,1.3537514097303337e-12,2.2461384965117196e-11,2.1069282859114912e-10
sub-076,T6,5.755683258207017e-12,1.3739278827933215e-12,2.1464011489934735e-11,1.988145447395593e-10
sub-076,Fz,5.479016753286289e-12,1.6024290873383294e-12,2.0214793163396713e-11,1.9443170621098028e-10
sub-076,Cz,5.638979305742977e-12,1.3126330429579903e-12,2.0086839422024023e-11,1.9459686273453754e-10
sub-076,Pz,6.21738880663764e-12,1.1823513099506736e-12,2.561273520120113e-11,3.3370583988075106e-10
sub-077,Fp1,2.6457434269854766e-12,1.0837773697192682e-12,1.2754002503709755e-11,1.502736221100638e-10
sub-077,Fp2,2.471970544991287e-12,7.223975519707288e-13,1.0090134051061057e-11,1.1970959044644967e-10
sub-077,F3,2.3203835873629e-12,9.11140624872157e-13,9.127668168039838e-12,9.906577102218087e-11
sub-077,F4,2.2957665652650156e-12,6.927379783472979e-13,8.991554800878671e-12,9.667860204122939e-11
sub-077,C3,2.1665209196511065e-12,4.958253525960683e-13,8.929667327821296e-12,9.623041402734984e-11
sub-077,C4,2.1714399696411143e-12,4.88096361125522e-13,8.885859346994808e-12,9.578863341644962e-11
sub-077,P3,2.3571084096603985e-12,5.525571622730201e-13,8.999400460444903e-12,9.623951256774937e-11
sub-077,P4,2.281885338378487e-12,5.19005774718146e-13,9.061862460232138e-12,9.570409849563635e-11
sub-077,O1,2.87686716238038e-12,6.941754647627952e-13,9.204699366618968e-12,9.653053212365811e-11
sub-077,O2,3.1256827308667486e-12,7.03854543808216e-13,9.162375189440545e-12,9.695860148960666e-11
sub-077,F7,2.738624544396454e-12,1.8354338668053113e-12,9.709819038663582e-12,1.0468610385545964e-10
sub-077,F8,2.6411193480433212e-12,8.215901996184051e-13,1.0060852221440104e-11,1.1181878647116883e-10
sub-077,T3,2.417312251492549e-12,9.381039022759618e-13,9.194043794310265e-12,9.697857036974279e-11
sub-077,T4,2.4609624301972612e-12,7.44452167002005e-13,9.084764791699204e-12,9.629835281215995e-11
sub-077,T5,2.663705900942467e-12,6.783359779857926e-13,9.00810050717527e-12,9.788719445695514e-11
sub-077,T6,2.5919364899322732e-12,5.821333702291223e-13,9.08400121298684e-12,9.652485934875573e-11
sub-077,Fz,2.2006500229940764e-12,4.892375158269009e-13,8.954732111744585e-12,9.7551351965225e-11
sub-077,Cz,2.17350544825343e-12,4.699831599863992e-13,8.982808226393267e-12,9.692476590284385e-11
sub-077,Pz,2.3204785529041465e-12,5.279619010834063e-13,9.058479859852032e-12,9.646824767349267e-11
sub-078,Fp1,2.9882214660341445e-12,1.4194731358200667e-12,9.230758461725805e-12,1.0145298254893729e-10
sub-078,Fp2,2.5915419096176104e-12,1.0459733421968488e-12,9.168735016329687e-12,9.918956294146836e-11
sub-078,F3,2.296159013704914e-12,7.051660457608052e-13,8.753811129579635e-12,9.584384787154662e-11
sub-078,F4,2.3978808959978126e-12,8.097385287651855e-13,8.891272443912903e-12,9.547891600820723e-11
sub-078,C3,2.147803490638632e-12,5.183741448509424e-13,8.453748361292063e-12,9.362949532569755e-11
sub-078,C4,2.1059594448490596e-12,5.189130504209399e-13,8.420184397899386e-12,9.263816636271617e-11
sub-078,P3,2.285725384543068e-12,5.91075593841981e-13,8.549029229135602e-12,9.345201251333263e-11
sub-078,P4,2.275818543960889e-12,5.674704853097551e-13,8.754845641329967e-12,9.591294806631471e-11
sub-078,O1,2.646283102606997e-12,7.118267299323315e-13,8.869043714503586e-12,9.404165865848345e-11
sub-078,O2,2.5999522748913434e-12,7.036124100466809e-13,8.795542948631472e-12,9.45675323805639e-11
sub-078,F7,2.8248320419877216e-12,8.505399200607496e-13,9.395181319007609e-12,9.944172763609445e-11
sub-078,F8,3.0363944526992183e-12,8.933458834336478e-13,9.874131485291243e-12,9.83223977363334e-11
sub-078,T3,2.9780729257354824e-12,1.3009902213091302e-12,9.049048009346511e-12,9.448665332120665e-11
sub-078,T4,2.8070388289043788e-12,8.876231176088371e-13,8.878042837819588e-12,9.399789344968577e-11
sub-078,T5,2.798631608256206e-12,7.988344866578858e-13,8.919922504372846e-12,9.384982526345691e-11
sub-078,T6,2.4455854730197463e-12,6.791130783731458e-13,8.646452612230338e-12,9.400689658362351e-11
sub-078,Fz,2.118769290139315e-12,5.340755583820007e-13,8.684615860841116e-12,9.503052633451486e-11
sub-078,Cz,2.014990464111443e-12,4.871639981259228e-13,8.475339366981884e-12,9.349451494404283e-11
sub-078,Pz,2.1805666648512984e-12,5.205016445189831e-13,8.473259284940667e-12,9.419376479669415e-11
sub-079,Fp1,1.6348993498553207e-11,8.543227288686911e-12,4.46780935424948e-11,2.9819486678695946e-10
sub-079,Fp2,1.781457802320699e-11,9.17855792784506e-12,4.865273877310505e-11,3.31342094020893e-10
sub-079,F3,1.4297332865502665e-11,4.606087647526202e-12,4.358663872335086e-11,2.900830842866165e-10
sub-079,F4,1.4383310583530548e-11,5.276226465720391e-12,4.362947604888451e-11,2.9262483562173206e-10
sub-079,C3,1.4065488548032321e-11,4.325490009702754e-12,4.3317331157673966e-11,2.874351653739021e-10
sub-079,C4,1.3722464457068095e-11,4.1637690908085754e-12,4.266552905394968e-11,2.848725848548934e-10
sub-079,P3,1.5238474041936773e-11,4.158567720776927e-12,4.2888845291906234e-11,2.864615163702032e-10
sub-079,P4,1.6307748176482918e-11,4.35085880623181e-12,4.371771409838507e-11,2.912275522628649e-10
sub-079,O1,2.194182277719281e-11,4.151021270122645e-12,4.283286944163601e-11,2.876146570873153e-10
sub-079,O2,2.3943810379055528e-11,4.615075593065706e-12,4.388138715674287e-11,2.9101202886363505e-10
sub-079,F7,1.5394851228094366e-11,5.695131818003872e-12,4.399780810116467e-11,2.9082226414917985e-10
sub-079,F8,1.5836904991715916e-11,5.259498616422149e-12,4.4711372345715546e-11,2.926108189202622e-10
sub-079,T3,1.5349366198846988e-11,4.590273908114229e-12,4.4120305185128915e-11,2.892369444599951e-10
sub-079,T4,1.51762625135506e-11,4.765956059031896e-12,4.385083609479813e-11,2.8939522359284225e-10
sub-079,T5,1.65445674590827e-11,4.51647534746061e-12,4.3850097519105116e-11,2.8935192283158504e-10
sub-079,T6,1.8441384795621476e-11,4.52571159706128e-12,4.350961211915257e-11,2.88742170300915e-10
sub-079,Fz,1.4079879982146956e-11,4.129401974948973e-12,4.3215680222629853e-11,2.8746128500995444e-10
sub-079,Cz,1.3855595149649692e-11,4.209314695601321e-12,4.304734771852339e-11,2.8641307047725915e-10
sub-079,Pz,1.6277762019210502e-11,4.339537351943116e-12,4.3450529678465375e-11,2.889902692899951e-10
sub-080,Fp1,6.371251480807339e-12,9.811229575820181e-13,1.1009614197332549e-11,1.2760563002627894e-10
sub-080,Fp2,5.37575731705668e-12,1.181314151554866e-12,9.880332025484462e-12,1.0069257860123132e-10
sub-080,F3,5.782116938675082e-12,1.0343057208907014e-12,9.69745914747222e-12,9.214134996486237e-11
sub-080,F4,4.0363727128762776e-12,8.301116986399678e-13,8.803070437134538e-12,8.486377524378391e-11
sub-080,C3,2.9846421168107234e-12,7.08213624159248e-13,8.62235054058873e-12,8.299417544866425e-11
sub-080,C4,2.8662198434277683e-12,7.019754438942956e-13,8.674703411757119e-12,8.283365153215634e-11
sub-080,P3,1.0304672612030449e-11,1.0773918985500106e-12,9.368559276099286e-12,8.434416714105501e-11
sub-080,P4,1.652820080278344e-11,1.076910611873664e-12,9.322205146147647e-12,8.363055001280395e-11
sub-080,O1,4.193725406541517e-11,2.1075476248382984e-12,1.1161729916049579e-11,8.497387171128782e-11
sub-080,O2,4.2005642794467187e-11,1.879938882817949e-12,1.0705269401826373e-11,8.407398229642798e-11
sub-080,F7,1.7158230890496973e-11,7.374219138928451e-12,3.1144916373142696e-11,3.360105348879304e-10
sub-080,F8,4.344992807187958e-12,1.0159712808389903e-12,1.015756052736153e-11,9.732442463068129e-11
sub-080,T3,4.634372830525301e-12,1.2290193216545758e-12,9.566723890543936e-12,8.518751707637523e-11
sub-080,T4,5.0023010439580935e-12,1.0501119478741256e-12,9.88554778333711e-12,8.644253286602185e-11
sub-080,T5,2.332873192822514e-11,2.0258456271817395e-12,1.0697216679027042e-11,8.57829976848801e-11
sub-080,T6,2.3386758920740203e-11,1.5002444129658556e-12,1.033947633923074e-11,8.562169889530307e-11
sub-080,Fz,5.260902163328949e-12,7.454150065227026e-13,1.0014897151024365e-11,9.958685444156424e-11
sub-080,Cz,2.356322637371136e-12,5.80048335171424e-13,8.630059813514119e-12,8.30173013565969e-11
sub-080,Pz,1.3501492005866246e-11,9.625612517142763e-13,9.337779740099178e-12,8.394033610454053e-11
sub-081,Fp1,2.912472515099528e-12,5.948434624738793e-13,1.3343852795189307e-11,1.2031156565742561e-10
sub-081,Fp2,2.91433189170543e-12,6.114778967805418e-13,1.3592388180248466e-11,1.1935266067567932e-10
sub-081,F3,2.4400492701044397e-12,4.941357425035607e-13,9.761301725099877e-12,9.131184930277551e-11
sub-081,F4,2.3718233564637567e-12,4.98205091255776e-13,9.575105213867727e-12,9.074480496158245e-11
sub-081,C3,2.2352440987938988e-12,4.696881777696989e-13,9.035858531205808e-12,8.908886631015971e-11
sub-081,C4,2.2795676187908402e-12,4.741348484875967e-13,9.197365295342987e-12,8.896518436694146e-11
sub-081,P3,2.7996340473432346e-12,5.042468580264229e-13,9.801533904413711e-12,9.004808201210963e-11
sub-081,P4,2.675707186219688e-12,5.038588718999509e-13,9.466899544998775e-12,9.054660788538467e-11
sub-081,O1,3.781745125970789e-12,5.499810230484192e-13,1.0271710843625631e-11,9.051566828946424e-11
sub-081,O2,3.922952766280955e-12,5.485525443709773e-13,1.0030227082998737e-11,9.046771458206399e-11
sub-081,F7,2.5479329336214984e-12,5.177613378763412e-13,9.858721054669663e-12,9.34450929906246e-11
sub-081,F8,2.5960484739267024e-12,5.353968825970445e-13,1.00562255536941e-11,9.240403743174053e-11
sub-081,T3,2.5313173958909576e-12,5.258885281094281e-13,9.722085131517366e-12,9.09347246924648e-11
sub-081,T4,2.6729084093550913e-12,5.16982210178022e-13,9.942077292683982e-12,9.010893969309219e-11
sub-081,T5,3.0090922478718595e-12,5.362105289326213e-13,1.0185290170351937e-11,9.063196374428311e-11
sub-081,T6,3.1672492006926145e-12,5.137890655811687e-13,9.92030933146329e-12,8.984573376772457e-11
sub-081,Fz,2.4818471466892233e-12,4.933139210712062e-13,9.772939639586062e-12,8.954090319342956e-11
sub-081,Cz,2.3890469662272315e-12,5.238826570352175e-13,9.48160303931514e-12,9.160942724651684e-11
sub-081,Pz,2.5219298420994286e-12,4.997600783593097e-13,9.375031756842109e-12,8.987115185567743e-11
sub-082,Fp1,3.294198658862038e-12,7.688867292821959e-13,9.338984301513644e-12,9.6509564300907e-11
sub-082,Fp2,3.877412344568733e-12,9.787394494159844e-13,1.128706745553735e-11,1.2833922017184484e-10
sub-082,F3,2.6757101724241036e-12,6.755484207398197e-13,9.011429821878117e-12,9.343923446101793e-11
sub-082,F4,2.8122556479349415e-12,8.623705993420157e-13,9.069020848670051e-12,9.315351978540225e-11
sub-082,C3,2.3620929629517377e-12,5.905226219690039e-13,8.813617444104064e-12,9.262531127089919e-11
sub-082,C4,2.3545600371109024e-12,5.929229270029718e-13,8.774280693329527e-12,9.231250876298377e-11
sub-082,P3,4.3165944836478e-12,5.966863600539767e-13,9.135959092420855e-12,9.364167962148828e-11
sub-082,P4,3.4610679693201796e-12,6.237733454248273e-13,8.98862936811493e-12,9.321200011323034e-11
sub-082,O1,7.596098742577817e-12,7.276055078663329e-13,9.82466146115591e-12,9.599774758587328e-11
sub-082,O2,9.063777728574457e-12,7.574082311899866e-13,1.0195443548977029e-11,9.760207373299071e-11
sub-082,F7,3.3946148893960686e-12,9.652673639119055e-13,9.40239450858913e-12,9.537677818672643e-11
sub-082,F8,3.369080112958736e-12,7.984042776895796e-13,9.362346088153733e-12,9.400462115362452e-11
sub-082,T3,4.628935626994841e-12,9.096479114813138e-13,9.40688422107337e-12,9.411642105928331e-11
sub-082,T4,3.851178006200279e-12,7.427094321238203e-13,9.402463772848583e-12,9.366445445648647e-11
sub-082,T5,1.0430307026314219e-11,7.44653558751423e-13,1.0022662620590742e-11,9.63780778090206e-11
sub-082,T6,8.63162782661406e-12,7.276796545894059e-13,1.0101150037269467e-11,9.491898815335364e-11
sub-082,Fz,2.9227716952856508e-12,6.250408320538712e-13,9.296437325363999e-12,9.434471410604764e-11
sub-082,Cz,2.344731491529689e-12,5.472557628063181e-13,8.87984504166668e-12,9.260746921811341e-11
sub-082,Pz,2.8000630121950598e-12,5.696085356778024e-13,8.899198283427965e-12,9.27191244840012e-11
sub-083,Fp1,3.0154448628955853e-12,7.982470380281019e-13,1.3201797053558817e-11,1.2651952674873304e-10
sub-083,Fp2,2.900694292288431e-12,6.461907406397149e-13,1.312650043205387e-11,1.2869444447803e-10
sub-083,F3,2.3075973503761487e-12,6.364250826539765e-13,9.177369031102737e-12,8.912081470726709e-11
sub-083,F4,2.2359955799040667e-12,5.709602434929239e-13,9.253117682490592e-12,9.144164195419946e-11
sub-083,C3,2.0435370606104678e-12,4.593376279261801e-13,8.547616334367392e-12,8.477339892267066e-11
sub-083,C4,2.045505197838126e-12,4.615449525563079e-13,8.640807547415757e-12,8.493238235399219e-11
sub-083,P3,2.152227517835477e-12,4.844348428250772e-13,8.724496250678756e-12,8.57357873875143e-11
sub-083,P4,2.2108919312673585e-12,5.117128582629287e-13,8.756481910190913e-12,8.54996121582951e-11
sub-083,O1,2.419592443319909e-12,5.361257589864657e-13,8.932850990852855e-12,8.669865837304726e-11
sub-083,O2,2.4405467326846685e-12,5.594125348870368e-13,8.87306486266759e-12,8.642670557289231e-11
sub-083,F7,2.5452398025750973e-12,7.549715438356087e-13,9.313342983771772e-12,9.017253022921586e-11
sub-083,F8,2.5387369130652636e-12,7.000986844174203e-13,9.637288714651608e-12,9.281418869334521e-11
sub-083,T3,2.5017461549228007e-12,6.884343293249036e-13,9.023485399970608e-12,8.700158482509808e-11
sub-083,T4,2.572140230405063e-12,7.917446309664803e-13,9.215569408327082e-12,9.273615800603247e-11
sub-083,T5,2.4635517938135083e-12,5.81866697243239e-13,8.984995649903232e-12,8.732653598661157e-11
sub-083,T6,2.5743487458914362e-12,7.162993940334396e-13,8.992646575230113e-12,8.669555180975345e-11
sub-083,Fz,2.1266083985441026e-12,4.654979884019552e-13,9.032275395330742e-12,8.745671948505689e-11
sub-083,Cz,2.0560230033833433e-12,4.443419408724073e-13,8.671205573026807e-12,8.481988644977352e-11
sub-083,Pz,2.119775259347305e-12,4.672694058941211e-13,8.70539256782894e-12,8.538237038190151e-11
sub-084,Fp1,2.557373681591719e-12,1.016584781125034e-12,1.1264183992719111e-11,8.772873336721568e-11
sub-084,Fp2,2.3900771368968955e-12,9.000087760891583e-13,9.925718101410626e-12,8.299216143880484e-11
sub-084,F3,2.206061833824917e-12,6.564571583150219e-13,9.562127463473267e-12,7.034902988890003e-11
sub-084,F4,2.3424846909238526e-12,7.427175503712011e-13,9.44799994448082e-12,7.529271184411031e-11
sub-084,C3,2.0430713657481925e-12,5.412020367341483e-13,8.606704990523435e-12,6.618554244144199e-11
sub-084,C4,2.065146059529694e-12,5.300543206211663e-13,8.382139902611754e-12,6.607824483126584e-11
sub-084,P3,2.41358394142674e-12,5.846719437532725e-13,9.082607918326507e-12,6.871957511656516e-11
sub-084,P4,2.8594166993355628e-12,5.945886217039494e-13,9.782434213275117e-12,7.015537881267831e-11
sub-084,O1,2.7698876848595824e-12,6.731455744646853e-13,9.344947716012614e-12,7.086998622910683e-11
sub-084,O2,3.2625914831718358e-12,6.60744756963103e-13,9.816271429221487e-12,7.297001431828579e-11
sub-084,F7,2.8073449067233834e-12,8.832556875469954e-13,1.4082721953893582e-11,8.864899347053116e-11
sub-084,F8,2.6089243164350434e-12,8.453395795357443e-13,1.2805006162365985e-11,7.949305450786281e-11
sub-084,T3,2.7212574114678367e-12,9.424213969436504e-13,1.3419858086942217e-11,7.774452125435495e-11
sub-084,T4,2.6656403341765258e-12,9.049341304745973e-13,1.4255741695966026e-11,7.170835241765054e-11
sub-084,T5,2.9141830220778736e-12,6.659101241280356e-13,1.0846321557667106e-11,7.002753920603347e-11
sub-084,T6,3.114030702501432e-12,6.487655750271184e-13,1.0530955987791946e-11,6.974684777446438e-11
sub-084,Fz,2.187376034739942e-12,5.880655332667205e-13,9.15560520905797e-12,7.190448889422916e-11
sub-084,Cz,2.116387390043012e-12,5.406519280119019e-13,8.998888986934149e-12,6.65501308399301e-11
sub-084,Pz,2.466734110349211e-12,5.954020328792435e-13,8.671330772696962e-12,7.089316108713633e-11
sub-085,Fp1,7.2060980040708715e-12,2.553208942202229e-12,3.862149326260978e-11,4.1945576152684725e-10
sub-085,Fp2,6.5640266766372634e-12,2.2488595040963453e-12,3.8913233352464984e-11,4.202803844134652e-10
sub-085,F3,3.8245642236427105e-12,1.607497533082577e-12,2.3182750279935337e-11,2.9542366066170067e-10
sub-085,F4,4.010836684021226e-12,1.4897783443058298e-12,2.2935693830544978e-11,3.011863759070058e-10
sub-085,C3,3.498734373665821e-12,9.086670855494104e-13,2.240634945678165e-11,2.985590375322309e-10
sub-085,C4,3.498977859100419e-12,9.277665319006262e-13,2.2020827161639293e-11,2.898338822328212e-10
sub-085,P3,3.5377872613788557e-12,8.965304025941029e-13,2.2140789527087442e-11,2.960448332177032e-10
sub-085,P4,3.957418023790245e-12,8.389512207282271e-13,2.4127553318080053e-11,3.0055586466475996e-10
sub-085,O1,4.1241117827072155e-12,1.0661298882702695e-12,2.4070403486492277e-11,3.0535701212352415e-10
sub-085,O2,3.5431213299406475e-12,8.862014603367525e-13,2.2263271555362873e-11,2.869838638601511e-10
sub-085,F7,5.666443099727511e-10,7.90402750698569e-11,1.0379764892625665e-09,7.050068156696974e-09
sub-085,F8,6.740785169300826e-11,2.6666423360502084e-11,1.7573800333575015e-10,1.1046524983485617e-09
sub-085,T3,3.837485790153486e-12,1.4055707412969634e-12,2.40798207392309e-11,2.971175340516081e-10
sub-085,T4,3.958625203556154e-12,1.714432111070954e-12,2.462030621420427e-11,3.006840289966364e-10
sub-085,T5,3.836341060862052e-12,1.175204550839449e-12,2.344087031881008e-11,2.9803107478559063e-10
sub-085,T6,3.911420065064193e-12,1.0149482984923463e-12,2.4737537320015826e-11,2.966073806812208e-10
sub-085,Fz,3.9793097712213245e-12,8.251037304649838e-13,2.3234339856474636e-11,3.1008640229940024e-10
sub-085,Cz,3.5228784368255763e-12,7.577811000569887e-13,2.1503344367075864e-11,2.987542354194478e-10
sub-085,Pz,3.4233705059786568e-12,7.564644657053361e-13,2.1702672660946937e-11,2.8915055809322403e-10
sub-086,Fp1,5.168192610017478e-12,5.384972552598651e-12,1.5756509734506415e-11,2.2769936077502387e-10
sub-086,Fp2,4.580715308446032e-12,4.6036845391964515e-12,1.3028419236185657e-11,1.5080688700391206e-10
sub-086,F3,4.774362521298062e-12,3.709248191167344e-12,1.4848085863614615e-11,1.3781300977803532e-10
sub-086,F4,3.5985890734717024e-12,2.61986588607381e-12,1.1366034596304544e-11,1.5855882757369186e-10
sub-086,C3,3.0965984779883264e-12,2.405170190909958e-12,9.574868193947647e-12,9.619235354750596e-11
sub-086,C4,3.1358825734429634e-12,2.3215568681453876e-12,9.57802658044059e-12,9.573632675997787e-11
sub-086,P3,4.832881368700291e-12,1.839161031598807e-12,1.0620129780473762e-11,1.0661339211104588e-10
sub-086,P4,5.605634390317995e-12,2.222367633712352e-12,1.1008218022744111e-11,1.1037161819299223e-10
sub-086,O1,1.3482989472205223e-11,3.0060569649565342e-12,1.7143786118272274e-11,2.531700004924436e-10
sub-086,O2,1.3015961123016973e-11,3.263517011476872e-12,1.9338143982117075e-11,2.79838791124203e-10
sub-086,F7,8.415583493650815e-12,1.7700164713080358e-11,1.4671231641049484e-11,1.428694283456133e-10
sub-086,F8,8.777737022713292e-12,1.511449092042283e-11,1.604486843142198e-11,1.5959999695569343e-10
sub-086,T3,8.231327019742212e-12,1.3212946947326263e-11,1.3699672937974793e-11,1.1652129405743835e-10
sub-086,T4,8.37015804898672e-12,1.2091978400120638e-11,1.3495294980732036e-11,1.0877686842694335e-10
sub-086,T5,1.1403649936313177e-11,3.570420932160424e-12,1.4589026110097873e-11,1.4666768106685868e-10
sub-086,T6,1.0013670463598383e-11,3.867808404305599e-12,1.4768614064979172e-11,1.5111743858851595e-10
sub-086,Fz,3.1539769337720918e-12,2.0744719597956837e-12,1.0331134478115677e-11,1.0405989121339291e-10
sub-086,Cz,2.9178021325440225e-12,1.5571070579002751e-12,1.093604258803727e-11,1.0073282488999003e-10
sub-086,Pz,4.833238313613031e-12,2.0703736065387e-12,1.2048584668890973e-11,1.4284858156769057e-10
sub-087,Fp1,5.429874280920524e-12,8.107618587398496e-13,3.3859588473549696e-11,3.339160515003987e-10
sub-087,Fp2,4.653147134377868e-12,7.644425828335617e-13,2.988174112873954e-11,3.0432487374477135e-10
sub-087,F3,2.393159973554693e-12,5.900993714078149e-13,1.0085156371678951e-11,1.0007260368389214e-10
sub-087,F4,2.3851282532355607e-12,6.215661376049963e-13,9.690289315050138e-12,9.582763369387542e-11
sub-087,C3,1.9729193230755648e-12,5.244077227581454e-13,8.284222714537729e-12,8.815932742638996e-11
sub-087,C4,2.0053574773848045e-12,5.16644500838846e-13,8.353234611894352e-12,8.846360431445179e-11
sub-087,P3,2.4157264209417277e-12,5.594534618742261e-13,8.823749265550612e-12,8.895722941686132e-11
sub-087,P4,3.3117908495824104e-12,5.963467832229434e-13,8.974583597285218e-12,9.109344442083527e-11
sub-087,O1,3.4751280298235386e-12,6.826967967464116e-13,9.882382810614774e-12,9.358173666908655e-11
sub-087,O2,5.199571707230219e-12,7.599983828962417e-13,9.769244237891957e-12,9.491132089815903e-11
sub-087,F7,3.033367160347361e-12,6.929538618114316e-13,1.2558628151634421e-11,1.3527087490712254e-10
sub-087,F8,3.1136535156964615e-12,8.564240325314997e-13,1.142114075635712e-11,1.108229051994162e-10
sub-087,T3,3.020485292994378e-12,7.40425902604436e-13,1.0050234668268402e-11,1.010832325702018e-10
sub-087,T4,3.2780757266947586e-12,8.076331242425191e-13,1.0270442364847346e-11,9.792000468139458e-11
sub-087,T5,4.867617719778753e-12,9.171980335062654e-13,1.0437222757762043e-11,9.568050945017489e-11
sub-087,T6,1.1411842232096192e-11,1.0790813462547126e-12,1.057349211315152e-11,9.714926410454065e-11
sub-087,Fz,2.4985602610134352e-12,5.925707050161773e-13,1.062439262722757e-11,9.972115985375812e-11
sub-087,Cz,1.9971507830487318e-12,5.753471313477387e-13,8.535315646312782e-12,8.900090492295073e-11
sub-087,Pz,2.1493146577677035e-12,5.258947462941839e-13,8.614857811819517e-12,8.921632697953974e-11
sub-088,Fp1,5.888671941509569e-12,1.21938682899485e-12,1.6043122811582697e-11,1.2036835921902123e-10
sub-088,Fp2,6.071851688156292e-12,1.6991306993131572e-12,1.646538427709481e-11,1.237178169699314e-10
sub-088,F3,4.663715179433201e-12,9.302098662979605e-13,1.0568616626972944e-11,8.615813106436636e-11
sub-088,F4,4.136895892317133e-12,1.0046275322421691e-12,9.91240870951839e-12,8.437441182740377e-11
sub-088,C3,3.04567109742077e-12,6.904446504960151e-13,8.244882249322828e-12,8.322294562429184e-11
sub-088,C4,3.0534004633035306e-12,6.79029351207709e-13,8.555710024576991e-12,8.17479326871415e-11
sub-088,P3,4.714107743780739e-12,7.872198965058276e-13,8.774320802958084e-12,8.520177938867298e-11
sub-088,P4,6.257647063315554e-12,8.553974535377453e-13,9.311700788494213e-12,8.38568011894069e-11
sub-088,O1,1.1953480404468892e-11,1.1192009586700765e-12,9.99115324143412e-12,8.62024479764753e-11
sub-088,O2,1.1175817707592739e-11,1.1253720071222266e-12,1.0298122200964048e-11,8.769797998754433e-11
sub-088,F7,4.830933214110139e-12,1.0162642432947697e-12,1.2203669815930352e-11,9.403276221393838e-11
sub-088,F8,5.06683368369926e-12,1.1644370886250228e-12,1.1807561031529042e-11,8.959255245948586e-11
sub-088,T3,3.8600145999306344e-12,1.6464009237921435e-12,9.66390626319305e-12,8.579478562719355e-11
sub-088,T4,3.818621796238546e-12,9.995551055172012e-13,9.691104579487538e-12,8.494629041279014e-11
sub-088,T5,1.0825890229863019e-11,1.0928422128259991e-12,1.0134407614546431e-11,8.770426876253768e-11
sub-088,T6,1.374997831606162e-11,1.2654259767790414e-12,1.0500536048864265e-11,8.873973735919216e-11
sub-088,Fz,4.9330273464292815e-12,9.25909456535158e-13,1.1020275540242371e-11,8.545173635879027e-11
sub-088,Cz,3.0361464649245416e-12,6.854469897783022e-13,8.649435505169665e-12,8.350722038198288e-11
sub-088,Pz,4.840164959446889e-12,7.259961719722112e-13,9.110340143559971e-12,8.422035214583865e-11
