Subject,Group,Channel,Delta Power,Theta Power,Alpha Power,Beta Power
sub-001,Alzheimer's Disease,Fp1,2.8064840885029557e-10,4.889977737692447e-11,1.292958275275651e-11,1.4845189665502217e-11
sub-001,Alzheimer's Disease,Fp2,2.7758115762581683e-10,4.70268087797718e-11,1.2706297481875076e-11,1.2334163315275131e-11
sub-001,Alzheimer's Disease,F3,2.656053682847801e-10,3.8866387138162794e-11,1.0779306720330944e-11,9.495362643783172e-12
sub-001,Alzheimer's Disease,F4,2.6401680825322175e-10,3.8956620813896435e-11,1.154789247549143e-11,1.0264524296236338e-11
sub-001,Alzheimer's Disease,C3,2.596802550182639e-10,3.4553374797502466e-11,9.877671312089728e-12,8.537021644668391e-12
sub-001,Alzheimer's Disease,C4,2.5723524591205053e-10,3.386369199228555e-11,9.909223740634377e-12,8.584057844245935e-12
sub-001,Alzheimer's Disease,P3,2.623090513920168e-10,3.7353596198073736e-11,1.0293933601777328e-11,8.515601402983814e-12
sub-001,Alzheimer's Disease,P4,2.6365683435952115e-10,3.8833252491347727e-11,1.0833426307084241e-11,8.755359321279194e-12
sub-001,Alzheimer's Disease,O1,2.7341761700911314e-10,4.311403864859032e-11,1.2304946951092134e-11,1.1550028570670578e-11
sub-001,Alzheimer's Disease,O2,2.7113809244653217e-10,4.366537674407669e-11,1.251342596786866e-11,1.0582276824717488e-11
sub-001,Alzheimer's Disease,F7,2.660314700999757e-10,4.307792538873217e-11,1.1147104692263823e-11,9.733899275187128e-12
sub-001,Alzheimer's Disease,F8,2.71422146602666e-10,4.782966441181151e-11,1.3090648091725675e-11,1.1946426408932841e-11
sub-001,Alzheimer's Disease,T3,2.654819951396883e-10,3.892408417777119e-11,1.1054471657988283e-11,1.0144908666579868e-11
sub-001,Alzheimer's Disease,T4,2.6059772628923125e-10,3.916898086492512e-11,1.0851510231242046e-11,1.0649959958208347e-11
sub-001,Alzheimer's Disease,T5,2.6959156006743664e-10,4.2291516036532606e-11,1.3090912172075333e-11,1.3567867862146459e-11
sub-001,Alzheimer's Disease,T6,2.68089941094522e-10,4.078550506414265e-11,1.1973383731193908e-11,1.0103620609855497e-11
sub-001,Alzheimer's Disease,Fz,2.6722024650849536e-10,3.847601723364602e-11,1.1066573779191089e-11,9.193910227354984e-12
sub-001,Alzheimer's Disease,Cz,2.6083302578858964e-10,3.5004948461678434e-11,1.0088794603759768e-11,8.805545701567395e-12
sub-001,Alzheimer's Disease,Pz,2.6538277034387873e-10,4.031282471615846e-11,1.0703360179032332e-11,8.419455158881713e-12
sub-002,Alzheimer's Disease,Fp1,2.342318917749903e-10,3.616640612894993e-11,2.348026230367495e-11,1.3115712596779008e-11
sub-002,Alzheimer's Disease,Fp2,2.411454195989738e-10,3.746722341645276e-11,2.5313929772087467e-11,1.1224252428374796e-11
sub-002,Alzheimer's Disease,F3,2.3781863443259156e-10,3.441420201390879e-11,1.8896815275578356e-11,1.2963292134300114e-11
sub-002,Alzheimer's Disease,F4,2.414553285405869e-10,3.596429605060819e-11,2.2320827271117337e-11,1.424033712214409e-11
sub-002,Alzheimer's Disease,C3,2.3822909326137607e-10,3.215411424511261e-11,1.2405743299759668e-11,8.66991699261427e-12
sub-002,Alzheimer's Disease,C4,2.396760499293249e-10,3.26520210712927e-11,1.153576316999052e-11,8.699164879045525e-12
sub-002,Alzheimer's Disease,P3,2.421508192716114e-10,3.9504077827345455e-11,3.2088854227446893e-11,1.0897233011657866e-11
sub-002,Alzheimer's Disease,P4,2.4355294492920713e-10,3.82106356928083e-11,2.910220783047752e-11,1.0215138158456105e-11
sub-002,Alzheimer's Disease,O1,2.4517273174766974e-10,4.578331698076573e-11,5.540503411244359e-11,1.2156071964724756e-11
sub-002,Alzheimer's Disease,O2,2.442993067229166e-10,4.42980699066996e-11,4.951063169660688e-11,1.1525976983960369e-11
sub-002,Alzheimer's Disease,F7,2.4594641515133985e-10,4.322238473530863e-11,2.8305315704816502e-11,1.3670029151816316e-11
sub-002,Alzheimer's Disease,F8,2.4713323719989205e-10,4.0756400310275564e-11,2.359140187080981e-11,1.2254720490877304e-11
sub-002,Alzheimer's Disease,T3,2.4368117370054764e-10,4.2844696348536e-11,2.8573776151115222e-11,1.3128282830683129e-11
sub-002,Alzheimer's Disease,T4,2.4451699141657987e-10,3.804344072815307e-11,1.9567502239251315e-11,1.1950831701353003e-11
sub-002,Alzheimer's Disease,T5,2.462800095105607e-10,4.814977763035132e-11,4.868342718416962e-11,1.3166336691157097e-11
sub-002,Alzheimer's Disease,T6,2.457502650995044e-10,4.5643150403068226e-11,4.806047333959882e-11,1.2254264743137623e-11
sub-002,Alzheimer's Disease,Fz,2.3890869589268187e-10,3.540733385235799e-11,2.290683150198865e-11,1.1524969889710863e-11
sub-002,Alzheimer's Disease,Cz,2.4041710927983963e-10,3.3261936307222114e-11,1.5086511384218168e-11,9.797335719026341e-12
sub-002,Alzheimer's Disease,Pz,2.4279237313538154e-10,3.9405695622480436e-11,3.1500583639938343e-11,1.0788761276046041e-11
sub-003,Alzheimer's Disease,Fp1,2.2588200444157142e-10,5.224820470471687e-11,3.544820921707315e-11,1.0002044997600406e-11
sub-003,Alzheimer's Disease,Fp2,2.2312213960996156e-10,5.289877182541272e-11,3.308771241486754e-11,9.738139935166512e-12
sub-003,Alzheimer's Disease,F3,2.1928580001553777e-10,4.465237655953173e-11,2.60888792189749e-11,9.75208791420046e-12
sub-003,Alzheimer's Disease,F4,2.1446774095432597e-10,4.4972939891370666e-11,2.1132678028721227e-11,9.218877322237476e-12
sub-003,Alzheimer's Disease,C3,2.0626936547877608e-10,3.6467444509585666e-11,1.8582381999582837e-11,8.540461670797166e-12
sub-003,Alzheimer's Disease,C4,2.0549979495371038e-10,3.705035431983248e-11,1.9627204370086134e-11,8.485273532228212e-12
sub-003,Alzheimer's Disease,P3,2.1606568815920347e-10,4.865616550508754e-11,3.235739452798871e-11,1.001835345389429e-11
sub-003,Alzheimer's Disease,P4,2.0863494632612333e-10,4.761357535860346e-11,5.3920004687044244e-11,1.0189437385930457e-11
sub-003,Alzheimer's Disease,O1,2.2570185598789343e-10,6.246116418352046e-11,5.152156213974242e-11,1.0793879207050399e-11
sub-003,Alzheimer's Disease,O2,2.2484534493775287e-10,6.101160813226144e-11,6.411345110510452e-11,1.151950403672865e-11
sub-003,Alzheimer's Disease,F7,2.225028946217574e-10,5.113977911548646e-11,3.520357032671608e-11,1.0159387097128663e-11
sub-003,Alzheimer's Disease,F8,2.2139263383563798e-10,5.2214113268139626e-11,3.1470628303515356e-11,1.0082316651026693e-11
sub-003,Alzheimer's Disease,T3,2.160508249356244e-10,4.639750577484814e-11,2.9792602248536294e-11,9.367501964340361e-12
sub-003,Alzheimer's Disease,T4,2.1125931065776578e-10,4.639587927932967e-11,2.6958665139910626e-11,9.33969619302193e-12
sub-003,Alzheimer's Disease,T5,2.318292966841986e-10,6.849494658860183e-11,5.900727260051723e-11,1.0803886173827657e-11
sub-003,Alzheimer's Disease,T6,2.240538379263695e-10,6.989436746244527e-11,1.028387302013544e-10,1.1349512749147803e-11
sub-003,Alzheimer's Disease,Fz,2.1712173537436576e-10,5.0236176274194064e-11,2.8580292671016022e-11,9.05364831153956e-12
sub-003,Alzheimer's Disease,Cz,2.1225068393570976e-10,3.996999531658077e-11,1.706169454928553e-11,8.73569741245022e-12
sub-003,Alzheimer's Disease,Pz,2.0832158044568356e-10,4.6422903688354414e-11,3.4953906480830964e-11,9.410729385613887e-12
sub-004,Alzheimer's Disease,Fp1,2.210424755509062e-10,3.47171040378765e-11,1.0434712901772887e-11,1.275947121092264e-11
sub-004,Alzheimer's Disease,Fp2,2.3401788657972355e-10,4.0331661685192825e-11,1.1429223040055963e-11,1.2204087772234245e-11
sub-004,Alzheimer's Disease,F3,2.227890086776351e-10,3.96570964926575e-11,1.1880496156667821e-11,2.369256172494641e-11
sub-004,Alzheimer's Disease,F4,2.311333315701898e-10,4.056379117364131e-11,1.143310066153172e-11,1.2373521994139292e-11
sub-004,Alzheimer's Disease,C3,2.228220214458397e-10,3.796898612681544e-11,1.0110845274792961e-11,8.815185268810225e-12
sub-004,Alzheimer's Disease,C4,2.2699941456759138e-10,3.762548809021819e-11,1.0037254646992646e-11,8.508643688423921e-12
sub-004,Alzheimer's Disease,P3,2.361325269486854e-10,3.8129844063629733e-11,1.0505958189084025e-11,8.539723694472937e-12
sub-004,Alzheimer's Disease,P4,2.362483981759161e-10,3.798813057642755e-11,1.0285563235083132e-11,9.147641891907026e-12
sub-004,Alzheimer's Disease,O1,2.5178232226674426e-10,3.948528650778023e-11,1.1204770154311243e-11,9.711138617864635e-12
sub-004,Alzheimer's Disease,O2,2.4555745887869845e-10,3.8983327233306413e-11,1.0781632023019965e-11,9.683319579133774e-12
sub-004,Alzheimer's Disease,F7,2.456721004830716e-10,5.0147754544218997e-11,1.380260146334731e-11,2.0608367855123747e-11
sub-004,Alzheimer's Disease,F8,2.414716471643759e-10,4.928128631937337e-11,1.3725384319779244e-11,1.3664878761776863e-11
sub-004,Alzheimer's Disease,T3,2.3504153102614763e-10,4.989078197647028e-11,1.2307215712084442e-11,1.2164162638142145e-11
sub-004,Alzheimer's Disease,T4,2.3132849000477375e-10,4.36757774037194e-11,1.1930884546963138e-11,1.727497396838102e-11
sub-004,Alzheimer's Disease,T5,2.3269152715409342e-10,4.034886464456446e-11,1.0726321871094197e-11,9.38949595775046e-12
sub-004,Alzheimer's Disease,T6,2.3547076664308263e-10,3.847322627975503e-11,1.0705717270362827e-11,9.750021818173287e-12
sub-004,Alzheimer's Disease,Fz,2.2707769517789163e-10,3.8374326655762096e-11,1.0419332599592856e-11,9.31057485619439e-12
sub-004,Alzheimer's Disease,Cz,2.3114154269231382e-10,3.6223563407190914e-11,1.0102008203660087e-11,8.863002445187866e-12
sub-004,Alzheimer's Disease,Pz,2.3670280285242546e-10,3.693731360938777e-11,1.015635829431864e-11,8.21813664147152e-12
sub-005,Alzheimer's Disease,Fp1,2.414797994708636e-10,3.541992067262099e-11,1.2942459599166002e-11,1.4587787693316265e-11
sub-005,Alzheimer's Disease,Fp2,2.280350803322679e-10,3.106314240146903e-11,1.046506743109181e-11,8.266357510538415e-12
sub-005,Alzheimer's Disease,F3,2.3669906290748885e-10,3.3182398817992197e-11,1.1420343631020188e-11,1.0313206442350296e-11
sub-005,Alzheimer's Disease,F4,2.4046322384299736e-10,3.2587015482964254e-11,1.0867105924561051e-11,9.756301800560486e-12
sub-005,Alzheimer's Disease,C3,2.3635514665943673e-10,3.1904794243563024e-11,1.0688838084851352e-11,8.331747621896604e-12
sub-005,Alzheimer's Disease,C4,2.3580038882974885e-10,3.309989992098583e-11,1.0988011157632505e-11,8.662748949618795e-12
sub-005,Alzheimer's Disease,P3,2.5058768049695286e-10,3.3976718892566165e-11,1.3494112108305228e-11,9.870691653453368e-12
sub-005,Alzheimer's Disease,P4,2.3950957388276975e-10,3.358733497649777e-11,1.2906600144904542e-11,1.0128086725171947e-11
sub-005,Alzheimer's Disease,O1,2.545311533638863e-10,3.623654611729867e-11,1.6133783920603273e-11,1.2589860316446265e-11
sub-005,Alzheimer's Disease,O2,2.407788675823104e-10,3.6187345601358204e-11,1.689124608539059e-11,1.4224052867847744e-11
sub-005,Alzheimer's Disease,F7,2.464908014962008e-10,3.926089645969894e-11,1.4388665991702051e-11,1.1852459417500204e-11
sub-005,Alzheimer's Disease,F8,2.398297328012244e-10,3.395224137997017e-11,1.1543890045930836e-11,9.550772735585861e-12
sub-005,Alzheimer's Disease,T3,2.4430886455449284e-10,3.9522886629916016e-11,1.4121882402939355e-11,1.432304210893515e-11
sub-005,Alzheimer's Disease,T4,2.4052796514556903e-10,3.717764143887885e-11,1.3551397311818517e-11,1.0540159776506882e-11
sub-005,Alzheimer's Disease,T5,2.455422686087939e-10,3.797240814070292e-11,1.7133945775906028e-11,1.2470687149361626e-11
sub-005,Alzheimer's Disease,T6,2.4221772166791e-10,3.7087001820580046e-11,1.6099635722966894e-11,1.3293947882564992e-11
sub-005,Alzheimer's Disease,Fz,2.3679127388479593e-10,3.2867613049190263e-11,1.0709665788512993e-11,9.11396743032713e-12
sub-005,Alzheimer's Disease,Cz,2.39775663491704e-10,3.189253255112102e-11,1.0413515758445486e-11,8.571002016067333e-12
sub-005,Alzheimer's Disease,Pz,2.405924950322787e-10,3.2504090397187366e-11,1.2115136204394938e-11,9.291590931150011e-12
sub-006,Alzheimer's Disease,Fp1,2.417053821165594e-10,3.231698034502428e-11,6.750186045141165e-11,1.4750805727412433e-11
sub-006,Alzheimer's Disease,Fp2,2.4001462933870873e-10,3.1290697140542656e-11,6.315514600092198e-11,1.5114182253950352e-11
sub-006,Alzheimer's Disease,F3,2.4536272427337597e-10,3.294723063258208e-11,4.740053790727136e-11,1.9444377701853692e-11
sub-006,Alzheimer's Disease,F4,2.4968144759640495e-10,3.1964525330935977e-11,4.183619490514622e-11,1.780835511493897e-11
sub-006,Alzheimer's Disease,C3,2.440750643529876e-10,3.051792830278014e-11,1.6428024731524443e-11,1.285037688257384e-11
sub-006,Alzheimer's Disease,C4,2.443012807517206e-10,2.978114449766034e-11,1.6966316972563893e-11,1.3123447532460766e-11
sub-006,Alzheimer's Disease,P3,2.461459501189482e-10,3.170503833561804e-11,6.833668931652874e-11,1.3774033457128001e-11
sub-006,Alzheimer's Disease,P4,2.492677177833827e-10,3.1511683548683995e-11,7.096807311912795e-11,1.4357164715169834e-11
sub-006,Alzheimer's Disease,O1,2.5103993625523584e-10,3.332098975114803e-11,9.249844324736193e-11,1.549668655733252e-11
sub-006,Alzheimer's Disease,O2,2.497779097469106e-10,3.272171702134867e-11,6.263728703170854e-11,1.4581952911162346e-11
sub-006,Alzheimer's Disease,F7,2.4717040821335305e-10,3.542247467915482e-11,6.50138633202547e-11,2.2173197765116434e-11
sub-006,Alzheimer's Disease,F8,2.546425856454937e-10,3.356872051548374e-11,6.490076402220376e-11,1.726936276342143e-11
sub-006,Alzheimer's Disease,T3,2.4461393243073493e-10,3.2986484520736485e-11,4.0077071154622346e-11,1.8053110777864615e-11
sub-006,Alzheimer's Disease,T4,2.5245260898245684e-10,3.177126426345024e-11,3.650867509223877e-11,1.5284997899296668e-11
sub-006,Alzheimer's Disease,T5,2.437808393630406e-10,3.299220450502488e-11,4.9069385960519354e-11,1.6047448574902086e-11
sub-006,Alzheimer's Disease,T6,2.4820636474407306e-10,3.2619834017467696e-11,4.954368238867721e-11,1.664283891097255e-11
sub-006,Alzheimer's Disease,Fz,2.505234037064786e-10,3.2995804074314743e-11,4.553881943148575e-11,1.6575831417230996e-11
sub-006,Alzheimer's Disease,Cz,2.468152752721229e-10,3.051098907049387e-11,1.210969993066458e-11,1.1727969967344118e-11
sub-006,Alzheimer's Disease,Pz,2.485114238520603e-10,3.073649077003388e-11,6.161669734625125e-11,1.0795653193467792e-11
sub-007,Alzheimer's Disease,Fp1,2.8241942725980415e-10,4.6440484398669414e-11,1.4505047544611486e-11,1.2254430758146188e-11
sub-007,Alzheimer's Disease,Fp2,2.795483392079683e-10,4.613704558772621e-11,1.4154530356531939e-11,1.3880822781979019e-11
sub-007,Alzheimer's Disease,F3,2.701903615516559e-10,4.368264292605709e-11,1.3383034573928146e-11,1.2307669002292816e-11
sub-007,Alzheimer's Disease,F4,2.6132831206563794e-10,3.698045536205218e-11,1.1615790614773611e-11,1.0599325590344419e-11
sub-007,Alzheimer's Disease,C3,2.549284824544439e-10,3.5620276150944526e-11,1.1544679457561973e-11,8.981659989308037e-12
sub-007,Alzheimer's Disease,C4,2.5369569249882784e-10,3.388721370788987e-11,1.1110896836510909e-11,9.53318524836323e-12
sub-007,Alzheimer's Disease,P3,2.6405238942130086e-10,4.406618327895424e-11,1.3723986453864188e-11,9.562758534026947e-12
sub-007,Alzheimer's Disease,P4,2.5985398391171534e-10,3.749039388068598e-11,1.242273693451898e-11,1.0109324142428926e-11
sub-007,Alzheimer's Disease,O1,2.656774818654039e-10,4.407267618932403e-11,1.401890033730147e-11,9.965931642672994e-12
sub-007,Alzheimer's Disease,O2,2.6536286265065444e-10,4.07888878054275e-11,1.348288679923609e-11,1.0676551776033647e-11
sub-007,Alzheimer's Disease,F7,2.8371762288237477e-10,4.694278076524361e-11,1.5342402448317778e-11,1.1887598633334922e-11
sub-007,Alzheimer's Disease,F8,2.681341674641659e-10,4.065843530673717e-11,1.2632694946955002e-11,1.018098427813188e-11
sub-007,Alzheimer's Disease,T3,2.717489983943354e-10,4.692554354059596e-11,1.4990662859931468e-11,1.0818548851344187e-11
sub-007,Alzheimer's Disease,T4,2.625211454463589e-10,3.9248658938491756e-11,1.337643592328074e-11,1.1197286426744793e-11
sub-007,Alzheimer's Disease,T5,2.688121739279063e-10,4.849032810973264e-11,1.5475644854627335e-11,1.106807254684926e-11
sub-007,Alzheimer's Disease,T6,2.6064049619868177e-10,4.1381016198501926e-11,1.4519439375953672e-11,1.2025489186807694e-11
sub-007,Alzheimer's Disease,Fz,2.6792420930164416e-10,4.6813160685114016e-11,1.321155153278286e-11,1.074994308492062e-11
sub-007,Alzheimer's Disease,Cz,2.557997040336243e-10,3.51070068367168e-11,1.162608181483673e-11,9.23209748299659e-12
sub-007,Alzheimer's Disease,Pz,2.5807191685484997e-10,3.5206440041168056e-11,1.1232626575561261e-11,8.554115783753724e-12
sub-008,Alzheimer's Disease,Fp1,2.5511825699668385e-10,3.002142638563093e-11,1.0073155647037509e-11,1.3392507193470318e-11
sub-008,Alzheimer's Disease,Fp2,2.695844831228156e-10,3.221998334277697e-11,1.0467105396111744e-11,1.3459254295134799e-11
sub-008,Alzheimer's Disease,F3,2.474294825653011e-10,3.106654670524169e-11,1.1806371296435872e-11,1.2412855540114044e-11
sub-008,Alzheimer's Disease,F4,2.7454050596769445e-10,3.515015217902756e-11,1.2415172517135425e-11,1.3612930931184828e-11
sub-008,Alzheimer's Disease,C3,2.2194535694651052e-10,2.6493854036964096e-11,9.006334155722836e-12,7.902317427719733e-12
sub-008,Alzheimer's Disease,C4,2.2163306617165842e-10,2.7558962148660168e-11,9.054823184974054e-12,7.883111289756303e-12
sub-008,Alzheimer's Disease,P3,2.364224753660561e-10,3.02584400642726e-11,1.2141092437812959e-11,9.648607156963231e-12
sub-008,Alzheimer's Disease,P4,2.4118261060194185e-10,2.902138575284092e-11,1.220056749893884e-11,9.048389177443324e-12
sub-008,Alzheimer's Disease,O1,2.6452832724239244e-10,3.5221969495766844e-11,1.593972796313178e-11,1.0574876474456848e-11
sub-008,Alzheimer's Disease,O2,2.7561835347056294e-10,3.488530493819228e-11,1.6266956253173884e-11,1.0434947536337727e-11
sub-008,Alzheimer's Disease,F7,2.906235804358722e-10,3.382562952983773e-11,1.2102371238668152e-11,1.1544194250801938e-11
sub-008,Alzheimer's Disease,F8,2.7974697503889694e-10,3.594148135363561e-11,1.236732076347976e-11,1.2269863946513236e-11
sub-008,Alzheimer's Disease,T3,2.587532132767849e-10,3.2600534741634143e-11,1.1502040605912211e-11,1.0290434515028857e-11
sub-008,Alzheimer's Disease,T4,2.610923748874904e-10,3.2937518115607745e-11,1.1484924812466461e-11,1.0733466139021957e-11
sub-008,Alzheimer's Disease,T5,2.5878864735184204e-10,3.4557904578232885e-11,1.3767262238765515e-11,1.0598734349851856e-11
sub-008,Alzheimer's Disease,T6,2.7345914840403824e-10,3.446674302448731e-11,1.360996292670264e-11,1.0369502228472181e-11
sub-008,Alzheimer's Disease,Fz,2.7705663270101287e-10,3.7479945663338496e-11,1.1225439413985104e-11,1.0893219854030095e-11
sub-008,Alzheimer's Disease,Cz,2.2275390046281676e-10,2.982092482131856e-11,1.1523227397881726e-11,1.0143059153637192e-11
sub-008,Alzheimer's Disease,Pz,2.4169562372135424e-10,2.993494826128912e-11,1.4112756711867963e-11,9.094688763700361e-12
sub-009,Alzheimer's Disease,Fp1,2.0792238970428375e-10,3.173483194622703e-11,3.06562913736898e-11,1.474964785206875e-11
sub-009,Alzheimer's Disease,Fp2,2.57997322632112e-10,4.397104402069778e-11,3.5295342656043054e-11,2.186757899238496e-11
sub-009,Alzheimer's Disease,F3,2.116280611719311e-10,3.722812957374048e-11,2.9028878595102985e-11,1.5850773413381594e-11
sub-009,Alzheimer's Disease,F4,2.313142287740788e-10,4.012069622738293e-11,2.550295395086227e-11,1.9395736673404883e-11
sub-009,Alzheimer's Disease,C3,2.142084772994992e-10,3.0712710942198865e-11,1.6305625942157866e-11,1.2149427979118573e-11
sub-009,Alzheimer's Disease,C4,2.222480486980161e-10,3.383404337512176e-11,1.8517285556300237e-11,1.3245668502124069e-11
sub-009,Alzheimer's Disease,P3,2.157590897611601e-10,3.341076023450471e-11,2.454409882694089e-11,1.31732120309318e-11
sub-009,Alzheimer's Disease,P4,2.2419634186607194e-10,3.638417983924975e-11,4.032208856176595e-11,1.3956726645602525e-11
sub-009,Alzheimer's Disease,O1,2.2069874424909887e-10,3.586095235791004e-11,3.4623163874528013e-11,1.546859016206124e-11
sub-009,Alzheimer's Disease,O2,2.2009059216464779e-10,3.56015036512889e-11,4.496317424370119e-11,1.4846398232954172e-11
sub-009,Alzheimer's Disease,F7,1.9511877215883539e-10,3.0281544097815875e-11,3.052616879204699e-11,1.4059488049441464e-11
sub-009,Alzheimer's Disease,F8,2.5594367573505625e-10,4.0821934029546245e-11,3.444238457267624e-11,2.1553385543223436e-11
sub-009,Alzheimer's Disease,T3,2.1641080783235544e-10,3.626275720311607e-11,3.1767093452446533e-11,1.4019062404165257e-11
sub-009,Alzheimer's Disease,T4,2.3209667283983115e-10,3.822528408256646e-11,2.5280381432526486e-11,3.216403933404554e-11
sub-009,Alzheimer's Disease,T5,2.2142907175413924e-10,3.768276050972787e-11,3.429105447272063e-11,1.6711808011897484e-11
sub-009,Alzheimer's Disease,T6,2.26129238192229e-10,3.9863116870669046e-11,3.951627910219671e-11,1.6705173597755015e-11
sub-009,Alzheimer's Disease,Fz,2.212073655954454e-10,4.787804968906712e-11,3.381166396395623e-11,1.6828805380912155e-11
sub-009,Alzheimer's Disease,Cz,2.2037459942300503e-10,3.695501442122591e-11,2.1016359460686375e-11,1.3227862512813997e-11
sub-009,Alzheimer's Disease,Pz,2.191465117219947e-10,3.138089199003333e-11,2.1686572332415577e-11,1.1449362603407794e-11
sub-010,Alzheimer's Disease,Fp1,2.1864052093995265e-10,2.7510353355710473e-11,9.445312767812325e-12,9.090295056509218e-12
sub-010,Alzheimer's Disease,Fp2,2.2797666530543035e-10,2.8777748528287017e-11,1.0090613957925796e-11,9.35363777886664e-12
sub-010,Alzheimer's Disease,F3,2.229300372881721e-10,2.7845708495048733e-11,9.026523535288837e-12,8.78510253395218e-12
sub-010,Alzheimer's Disease,F4,2.3084942457023607e-10,2.933054652600194e-11,1.0348590129083134e-11,9.585512058892736e-12
sub-010,Alzheimer's Disease,C3,2.2437205447387436e-10,2.806199397359625e-11,9.306455340605095e-12,8.726500813649347e-12
sub-010,Alzheimer's Disease,C4,2.2825250756605522e-10,2.877560860427421e-11,9.990447566166805e-12,9.161584231742648e-12
sub-010,Alzheimer's Disease,P3,2.2804602347486597e-10,2.8824253044756245e-11,1.2494479349983966e-11,1.0266285140490685e-11
sub-010,Alzheimer's Disease,P4,2.2952972568128063e-10,2.937544561415333e-11,1.5113403898525742e-11,1.1280285156811765e-11
sub-010,Alzheimer's Disease,O1,2.292416500580517e-10,2.9477644938692774e-11,2.088395277335446e-11,1.270969915650414e-11
sub-010,Alzheimer's Disease,O2,2.309574683639114e-10,2.9975531710231725e-11,2.2917144270767462e-11,1.459251692559843e-11
sub-010,Alzheimer's Disease,F7,2.2395902625502367e-10,2.8774103626518233e-11,1.1072069023435005e-11,1.0953717816881366e-11
sub-010,Alzheimer's Disease,F8,2.32825056817951e-10,3.02935992673936e-11,1.2712947943311047e-11,1.3584397797018307e-11
sub-010,Alzheimer's Disease,T3,2.288381650390967e-10,2.997018537954633e-11,1.4409286641019231e-11,1.2513778787088904e-11
sub-010,Alzheimer's Disease,T4,2.3402986593456865e-10,3.0891058988667115e-11,1.76132888819671e-11,1.853762738750457e-11
sub-010,Alzheimer's Disease,T5,2.2957755188293231e-10,2.959678017648313e-11,2.0315564187735308e-11,1.2718032669347647e-11
sub-010,Alzheimer's Disease,T6,2.3256539970210875e-10,3.033594244360311e-11,2.813326503406373e-11,1.6579234255918007e-11
sub-010,Alzheimer's Disease,Fz,2.277714922409585e-10,2.9246850205952385e-11,1.0247315874882595e-11,9.145549248476404e-12
sub-010,Alzheimer's Disease,Cz,2.293554003919708e-10,2.939678899857045e-11,9.925215216372784e-12,8.485935858051284e-12
sub-010,Alzheimer's Disease,Pz,2.2971742748093163e-10,2.925457302963246e-11,1.2144118527156694e-11,9.969101237878395e-12
sub-011,Alzheimer's Disease,Fp1,2.372431471367632e-10,4.1253066880474075e-11,2.0336539007918952e-11,1.744912470615296e-11
sub-011,Alzheimer's Disease,Fp2,2.3919841228735386e-10,3.8900175707886505e-11,2.171043707685101e-11,1.7782898279799427e-11
sub-011,Alzheimer's Disease,F3,2.3240533101949815e-10,3.331575538973806e-11,1.1825037585305543e-11,9.475936052737558e-12
sub-011,Alzheimer's Disease,F4,2.34622497889168e-10,3.266484586077673e-11,1.3121834132280065e-11,1.3684058282910195e-11
sub-011,Alzheimer's Disease,C3,2.310686401760058e-10,3.3149468440909716e-11,1.2470370671427266e-11,8.342184103301293e-12
sub-011,Alzheimer's Disease,C4,2.3429131857518203e-10,3.4019262486460456e-11,1.3660211435058396e-11,8.266218328754577e-12
sub-011,Alzheimer's Disease,P3,2.3024246712349567e-10,4.0861524491908325e-11,2.769240654900976e-11,1.0693140267849646e-11
sub-011,Alzheimer's Disease,P4,2.356268158280535e-10,4.1145752101061636e-11,2.8070737297572146e-11,1.0257225503485545e-11
sub-011,Alzheimer's Disease,O1,2.3470774217011224e-10,5.5702586703534364e-11,4.5100427534494836e-11,1.5464103316431563e-11
sub-011,Alzheimer's Disease,O2,2.391117176089417e-10,6.144575573490574e-11,5.50944660333322e-11,1.627810486592272e-11
sub-011,Alzheimer's Disease,F7,2.3707832012063936e-10,4.163196429387867e-11,1.9845223576848485e-11,1.1211904901799693e-11
sub-011,Alzheimer's Disease,F8,2.4164640658846026e-10,4.257190748052019e-11,2.021597058726597e-11,1.4498226784987511e-11
sub-011,Alzheimer's Disease,T3,2.400593463703341e-10,5.7122225537618715e-11,2.7906705660259786e-11,1.5119868362967118e-11
sub-011,Alzheimer's Disease,T4,2.5102477469848057e-10,6.583477089101032e-11,3.2322509881800666e-11,1.8653042181872867e-11
sub-011,Alzheimer's Disease,T5,2.370284258173588e-10,7.234198088320329e-11,3.944777263664673e-11,1.6475976516120097e-11
sub-011,Alzheimer's Disease,T6,2.401878290558562e-10,7.269353623814319e-11,4.213454387351628e-11,1.613809809055812e-11
sub-011,Alzheimer's Disease,Fz,2.303186955817031e-10,2.980300254784904e-11,9.623612970823081e-12,7.381548246935843e-12
sub-011,Alzheimer's Disease,Cz,2.3125921582710824e-10,2.98811332438339e-11,9.790199873319469e-12,7.053281503352482e-12
sub-011,Alzheimer's Disease,Pz,2.3214723068036276e-10,3.55703276199514e-11,2.2628314734606797e-11,9.21446337960515e-12
sub-012,Alzheimer's Disease,Fp1,2.4402902649814076e-10,3.6059524661070014e-11,1.2977997338587156e-11,1.1612534428224084e-11
sub-012,Alzheimer's Disease,Fp2,2.514689314297806e-10,3.711194855497903e-11,1.4611210490746162e-11,1.3261029041914732e-11
sub-012,Alzheimer's Disease,F3,2.4337048039903154e-10,3.58183845566116e-11,1.2124034519142097e-11,1.199294914761878e-11
sub-012,Alzheimer's Disease,F4,2.41792336427569e-10,3.515341759783192e-11,1.152800450392367e-11,1.1463070345686397e-11
sub-012,Alzheimer's Disease,C3,2.418150918009864e-10,3.475582058423669e-11,1.1381734854275214e-11,8.76514932000118e-12
sub-012,Alzheimer's Disease,C4,2.392264931859515e-10,3.5150540458217325e-11,1.143517014893621e-11,9.430818098417851e-12
sub-012,Alzheimer's Disease,P3,2.4525479915985223e-10,3.643164135100093e-11,1.5071921755933882e-11,1.1140825481171996e-11
sub-012,Alzheimer's Disease,P4,2.454187756051746e-10,3.6333297128352616e-11,1.4274013332644458e-11,1.0700318843907324e-11
sub-012,Alzheimer's Disease,O1,2.554684739554331e-10,3.8278007011169215e-11,2.1170379855332162e-11,1.1936230469572277e-11
sub-012,Alzheimer's Disease,O2,2.534158537079132e-10,3.912170544055854e-11,2.4871688674851954e-11,1.2162239240232097e-11
sub-012,Alzheimer's Disease,F7,2.5078107650745195e-10,3.74754867630415e-11,1.458525920937371e-11,1.2815482932897938e-11
sub-012,Alzheimer's Disease,F8,2.519946924152687e-10,3.851597724098918e-11,1.5908299448786376e-11,1.4730141278919452e-11
sub-012,Alzheimer's Disease,T3,2.478972552999724e-10,3.864806474746396e-11,1.8830099232925233e-11,1.2357558149327404e-11
sub-012,Alzheimer's Disease,T4,2.501857352993189e-10,3.870164004868632e-11,1.8982189294992858e-11,1.3511939223744593e-11
sub-012,Alzheimer's Disease,T5,2.41624317283228e-10,3.9002233423904807e-11,2.2856751534433882e-11,1.2405791754484478e-11
sub-012,Alzheimer's Disease,T6,2.4528959237694477e-10,3.881456041760117e-11,2.5748038096083e-11,1.2871593767659919e-11
sub-012,Alzheimer's Disease,Fz,2.423677393420462e-10,3.548594260762681e-11,1.116064426688456e-11,1.0673021481588575e-11
sub-012,Alzheimer's Disease,Cz,2.5091698495617567e-10,3.548310684989123e-11,1.0896385249847097e-11,9.118481971842193e-12
sub-012,Alzheimer's Disease,Pz,2.4588853105117123e-10,3.6282941035645165e-11,1.3671539943443925e-11,1.0101829900518984e-11
sub-013,Alzheimer's Disease,Fp1,2.950004587844495e-10,4.942056508380845e-11,1.3107886913695035e-11,1.2153233689330962e-11
sub-013,Alzheimer's Disease,Fp2,2.8328820342537503e-10,4.660792024355948e-11,1.410910504183442e-11,1.1418811886602169e-11
sub-013,Alzheimer's Disease,F3,2.7483755841012463e-10,4.331117118488228e-11,1.2292978428683232e-11,9.41674244952686e-12
sub-013,Alzheimer's Disease,F4,2.782968196291629e-10,4.3710496621828514e-11,1.2991855582111929e-11,9.818789056750561e-12
sub-013,Alzheimer's Disease,C3,2.666525769105274e-10,3.6849287462309257e-11,1.0924579298340811e-11,8.058988453025454e-12
sub-013,Alzheimer's Disease,C4,2.6980301750285376e-10,3.712385774639945e-11,1.0948269093188928e-11,8.041217561904291e-12
sub-013,Alzheimer's Disease,P3,2.7589961090467034e-10,4.053335064320321e-11,1.2125121543698064e-11,8.580959316750681e-12
sub-013,Alzheimer's Disease,P4,2.7205773617428724e-10,3.950890837311553e-11,1.2973139121786455e-11,8.974046924641096e-12
sub-013,Alzheimer's Disease,O1,2.861586615925068e-10,4.3938715257204135e-11,1.9049913223802565e-11,1.070409164919884e-11
sub-013,Alzheimer's Disease,O2,2.82577118023182e-10,4.672462563604241e-11,2.8768657968045004e-11,1.1952269587572309e-11
sub-013,Alzheimer's Disease,F7,3.0214175909230073e-10,5.043914865132865e-11,1.3693206514552779e-11,1.364848001489017e-11
sub-013,Alzheimer's Disease,F8,2.835657045501418e-10,4.4452809510764704e-11,1.4356456546469384e-11,1.3398140628401306e-11
sub-013,Alzheimer's Disease,T3,2.7928187091444144e-10,4.51350539269777e-11,1.3754737542605332e-11,1.3971545694398396e-11
sub-013,Alzheimer's Disease,T4,2.729351833525244e-10,4.194484166977673e-11,1.3661439925081653e-11,1.1974985501238752e-11
sub-013,Alzheimer's Disease,T5,2.8286336036733506e-10,4.4911679402660436e-11,1.5265238065898898e-11,9.740553717194526e-12
sub-013,Alzheimer's Disease,T6,2.760092330644389e-10,4.6592661937968746e-11,1.8995519121955313e-11,1.0850913485982071e-11
sub-013,Alzheimer's Disease,Fz,2.6951009590807034e-10,4.185898948650086e-11,1.1232618704209783e-11,8.393939434680124e-12
sub-013,Alzheimer's Disease,Cz,2.6957102740877724e-10,3.5550187026545454e-11,1.0342738619587416e-11,7.801436513776063e-12
sub-013,Alzheimer's Disease,Pz,2.764344062384169e-10,4.004710188019386e-11,1.2434510108829295e-11,8.518214553032837e-12
sub-014,Alzheimer's Disease,Fp1,2.4569748540001695e-10,4.764288246003491e-11,1.61827085794129e-11,1.9921302063420166e-11
sub-014,Alzheimer's Disease,Fp2,2.623329417148081e-10,4.722290617542592e-11,1.726159910429746e-11,7.142322959725216e-11
sub-014,Alzheimer's Disease,F3,2.047695105497374e-10,3.316600441526443e-11,1.1790351793938088e-11,1.8462312827022036e-11
sub-014,Alzheimer's Disease,F4,2.0718680086013593e-10,3.3745158443690074e-11,1.1195123804197103e-11,1.6832048263775795e-11
sub-014,Alzheimer's Disease,C3,1.933981527014495e-10,2.724166505042051e-11,8.279262957010595e-12,6.3461053652309445e-12
sub-014,Alzheimer's Disease,C4,1.9390004919722304e-10,2.7609761654611938e-11,8.401489074743336e-12,6.363336383692934e-12
sub-014,Alzheimer's Disease,P3,2.015014410323114e-10,2.9738310797354915e-11,8.904076392620486e-12,7.040049283553927e-12
sub-014,Alzheimer's Disease,P4,2.0308272752217083e-10,3.068069700351658e-11,9.279127963052013e-12,7.1991939652881144e-12
sub-014,Alzheimer's Disease,O1,2.162006730278738e-10,3.508227909106507e-11,1.1812005287042022e-11,1.2688954030396403e-11
sub-014,Alzheimer's Disease,O2,2.172630036997009e-10,3.5067030632674965e-11,1.1277216157761338e-11,1.070976509259193e-11
sub-014,Alzheimer's Disease,F7,2.1883492852807821e-10,3.554734850395142e-11,1.1675479425458419e-11,1.1351682124804394e-11
sub-014,Alzheimer's Disease,F8,2.1810159930319881e-10,3.755420212811929e-11,1.160130446167989e-11,1.2688313794140666e-11
sub-014,Alzheimer's Disease,T3,2.0364378558375063e-10,3.2167106357744216e-11,1.050422998746061e-11,1.0473140150833005e-11
sub-014,Alzheimer's Disease,T4,2.0249784038411928e-10,3.164188627284008e-11,1.0208147901828033e-11,1.1309983041729033e-11
sub-014,Alzheimer's Disease,T5,2.0571628302274056e-10,3.257266018404193e-11,1.0598856038308298e-11,1.0506226244390402e-11
sub-014,Alzheimer's Disease,T6,2.1197882214481165e-10,3.3659102282283735e-11,1.1052126442874445e-11,1.0960241134991228e-11
sub-014,Alzheimer's Disease,Fz,2.039927282296957e-10,3.40032513056984e-11,1.0279307577496511e-11,7.606660389157169e-12
sub-014,Alzheimer's Disease,Cz,1.966848162723887e-10,2.914618374390267e-11,8.729107030134426e-12,6.2778928130550265e-12
sub-014,Alzheimer's Disease,Pz,2.05692697586108e-10,3.0645534796289106e-11,9.067890130117878e-12,7.042323249538491e-12
sub-015,Alzheimer's Disease,Fp1,2.6880167362973743e-10,3.5100587677025046e-11,1.3505225503847728e-11,8.557087056378376e-12
sub-015,Alzheimer's Disease,Fp2,2.671039741468909e-10,3.473437914524196e-11,1.368817562349337e-11,1.6780053041056703e-11
sub-015,Alzheimer's Disease,F3,2.694094678208119e-10,3.5790242645106014e-11,1.3674932465611962e-11,9.775868333799631e-12
sub-015,Alzheimer's Disease,F4,2.6710215385620776e-10,3.583798448274739e-11,1.395405875471126e-11,1.1442435576386845e-11
sub-015,Alzheimer's Disease,C3,2.677867560185927e-10,3.472232341844791e-11,1.1683419260118689e-11,8.204493001318822e-12
sub-015,Alzheimer's Disease,C4,2.659244990568454e-10,3.500602246447472e-11,1.1767744160315362e-11,8.066137094990976e-12
sub-015,Alzheimer's Disease,P3,2.6855518113917425e-10,3.727438168648462e-11,2.846486962221022e-11,9.889395979978401e-12
sub-015,Alzheimer's Disease,P4,2.691533998418759e-10,3.688494796799564e-11,2.354034629665098e-11,9.366355591033697e-12
sub-015,Alzheimer's Disease,O1,2.703865413055668e-10,3.935066676227321e-11,4.445696538644456e-11,1.1608924594284215e-11
sub-015,Alzheimer's Disease,O2,2.7025848179294454e-10,3.99436555968662e-11,4.9362283163762404e-11,1.218846174932621e-11
sub-015,Alzheimer's Disease,F7,2.7076945130010553e-10,3.639664555921347e-11,1.55067435485603e-11,9.697476658279485e-12
sub-015,Alzheimer's Disease,F8,2.634423701616506e-10,3.454762394791302e-11,1.5043973616799987e-11,9.083181055359977e-12
sub-015,Alzheimer's Disease,T3,2.700234162184854e-10,3.722616700122271e-11,2.1584583936907847e-11,9.317257879718469e-12
sub-015,Alzheimer's Disease,T4,2.661815566107892e-10,3.679144892096402e-11,1.6756344983522852e-11,1.2979905499878642e-11
sub-015,Alzheimer's Disease,T5,2.707903578064742e-10,4.1704340384879565e-11,5.947082829838796e-11,1.1641188206037367e-11
sub-015,Alzheimer's Disease,T6,2.6839355354099056e-10,4.017984052461081e-11,4.658312145956729e-11,1.127636824857211e-11
sub-015,Alzheimer's Disease,Fz,2.6911558278533307e-10,3.69718565510882e-11,1.5560230131548704e-11,9.329198229923822e-12
sub-015,Alzheimer's Disease,Cz,2.688315365562721e-10,3.554786094167872e-11,1.3401708138834993e-11,8.369757340146865e-12
sub-015,Alzheimer's Disease,Pz,2.680011355259392e-10,3.6601242752866203e-11,2.6741458560615125e-11,9.751232326982595e-12
sub-016,Alzheimer's Disease,Fp1,2.744944580663558e-10,3.8356946913758446e-11,1.0600268035609538e-11,9.730485876712925e-12
sub-016,Alzheimer's Disease,Fp2,2.7661373612771284e-10,3.6427955465681766e-11,1.0114404990780162e-11,8.02696764218702e-12
sub-016,Alzheimer's Disease,F3,2.726219305824365e-10,3.916357635704078e-11,1.0269770722809726e-11,8.135790230099222e-12
sub-016,Alzheimer's Disease,F4,2.7379749002388863e-10,3.711611159747856e-11,9.896659296239794e-12,7.990833987551646e-12
sub-016,Alzheimer's Disease,C3,2.7189691752593483e-10,3.581103565383369e-11,9.593635361045155e-12,7.474605603719415e-12
sub-016,Alzheimer's Disease,C4,2.761389303041144e-10,3.5964431048042905e-11,9.672993068699857e-12,7.618946814303809e-12
sub-016,Alzheimer's Disease,P3,2.782044169951876e-10,3.802844573024528e-11,9.974760653179174e-12,7.768522403457692e-12
sub-016,Alzheimer's Disease,P4,2.775380373140326e-10,3.7703801237351166e-11,1.0138451052535201e-11,7.880587014165464e-12
sub-016,Alzheimer's Disease,O1,2.7833066072930566e-10,4.200003487939662e-11,1.0955884492836417e-11,8.35496960645264e-12
sub-016,Alzheimer's Disease,O2,2.8098645215281973e-10,4.2114814784663895e-11,1.1548985933789096e-11,8.617480760566218e-12
sub-016,Alzheimer's Disease,F7,2.8561392024137947e-10,4.08897246432714e-11,1.1208339031039323e-11,9.518496773379201e-12
sub-016,Alzheimer's Disease,F8,2.917145099193249e-10,4.135704924438765e-11,1.1481122981540137e-11,9.298489947726405e-12
sub-016,Alzheimer's Disease,T3,2.779440139719422e-10,4.2029202949600895e-11,1.144628873213104e-11,8.852750837880782e-12
sub-016,Alzheimer's Disease,T4,2.822023093140428e-10,4.0692331797453246e-11,1.0997975432965492e-11,9.443796081993502e-12
sub-016,Alzheimer's Disease,T5,2.760791293577317e-10,4.054817763742676e-11,1.0698109618374357e-11,8.224270558215458e-12
sub-016,Alzheimer's Disease,T6,2.779800753626401e-10,4.077900307806289e-11,1.1497762347796683e-11,8.444440556968901e-12
sub-016,Alzheimer's Disease,Fz,2.7276687761552795e-10,4.274069329188788e-11,1.0425620583143547e-11,7.77065343346741e-12
sub-016,Alzheimer's Disease,Cz,2.7625601532953983e-10,3.617047853372329e-11,9.60892822344242e-12,7.380240318195445e-12
sub-016,Alzheimer's Disease,Pz,2.779420173235169e-10,3.8083535131933296e-11,1.0069725738515641e-11,7.736104968764042e-12
sub-017,Alzheimer's Disease,Fp1,3.067124696713017e-10,5.2872229381919514e-11,1.6108504332110417e-11,1.3076307210483704e-11
sub-017,Alzheimer's Disease,Fp2,3.1381736604642867e-10,4.759652225726663e-11,1.4644028449830193e-11,1.2145411326419391e-11
sub-017,Alzheimer's Disease,F3,2.9473953479632637e-10,5.6392048483783785e-11,1.523411617777111e-11,1.0762639974198772e-11
sub-017,Alzheimer's Disease,F4,3.083102428993518e-10,4.829435601996235e-11,1.374432787138395e-11,1.0831959699929523e-11
sub-017,Alzheimer's Disease,C3,2.7805176245671936e-10,4.093930461148351e-11,1.1032111742809508e-11,8.532016849951605e-12
sub-017,Alzheimer's Disease,C4,2.8372535026496004e-10,4.254954423457007e-11,1.1525198549474068e-11,8.506767030142401e-12
sub-017,Alzheimer's Disease,P3,2.9013744276118385e-10,4.260125164039713e-11,1.3466687588974119e-11,8.9849463721244e-12
sub-017,Alzheimer's Disease,P4,2.867431933656806e-10,4.521116771851589e-11,1.5063238190454164e-11,8.987435880489253e-12
sub-017,Alzheimer's Disease,O1,2.9919777129060054e-10,4.799095013520358e-11,1.8255440578571736e-11,1.0363362402281964e-11
sub-017,Alzheimer's Disease,O2,2.9743745844180433e-10,4.996467206297963e-11,2.0073895997357502e-11,1.0290228186903744e-11
sub-017,Alzheimer's Disease,F7,3.176747208363714e-10,6.020625319729852e-11,1.7005913957879612e-11,1.3732190221840147e-11
sub-017,Alzheimer's Disease,F8,3.1361410597126183e-10,4.595408104520153e-11,1.4093837097450385e-11,1.1813811884763985e-11
sub-017,Alzheimer's Disease,T3,3.1030378886309157e-10,5.5857764430222876e-11,1.4844177393296834e-11,1.2258560972071272e-11
sub-017,Alzheimer's Disease,T4,3.0388866562315964e-10,4.9817332553652256e-11,1.447523165360517e-11,1.3343803108437615e-11
sub-017,Alzheimer's Disease,T5,2.9922220497230385e-10,4.9944468839304164e-11,1.4536617213064687e-11,1.0493265740814737e-11
sub-017,Alzheimer's Disease,T6,2.9543437599414354e-10,5.0758576706536016e-11,1.7729641013972065e-11,1.0248580893517271e-11
sub-017,Alzheimer's Disease,Fz,2.918172469053641e-10,5.503260771516809e-11,1.398235673491667e-11,9.63303862761715e-12
sub-017,Alzheimer's Disease,Cz,2.8044058343803334e-10,3.948133325303806e-11,1.2229171931787134e-11,1.174629929832759e-11
sub-017,Alzheimer's Disease,Pz,2.8720508679811034e-10,4.117747532987906e-11,1.4408095226545542e-11,8.970859035546999e-12
sub-018,Alzheimer's Disease,Fp1,2.678628251057599e-10,5.245986997060656e-11,2.4672749331836564e-11,2.3162959374978187e-11
sub-018,Alzheimer's Disease,Fp2,2.6436092441854103e-10,4.778134836381105e-11,2.357584203002423e-11,2.7211590256364652e-11
sub-018,Alzheimer's Disease,F3,2.6191854645564483e-10,5.6128414085979046e-11,2.947466526649961e-11,2.5428322145968366e-11
sub-018,Alzheimer's Disease,F4,2.6081018667179985e-10,5.1081435412363366e-11,2.6913865144071458e-11,2.7874651777160067e-11
sub-018,Alzheimer's Disease,C3,2.527561955996385e-10,4.570974339071187e-11,2.0399693676921476e-11,1.7267208655862098e-11
sub-018,Alzheimer's Disease,C4,2.497953134199718e-10,4.4395419670360644e-11,2.1498621479499963e-11,1.7581464625175938e-11
sub-018,Alzheimer's Disease,P3,2.647666091570003e-10,6.380227499645796e-11,2.930687965125087e-11,1.6754090672668692e-11
sub-018,Alzheimer's Disease,P4,2.5598991533666126e-10,5.102909688849558e-11,2.2099416683123486e-11,1.4540714756785162e-11
sub-018,Alzheimer's Disease,O1,2.640701330460269e-10,6.592485462679188e-11,3.2874844658235167e-11,1.699110875113943e-11
sub-018,Alzheimer's Disease,O2,2.6211686000177517e-10,6.948550135981492e-11,3.770557332423584e-11,1.774826413401948e-11
sub-018,Alzheimer's Disease,F7,2.944277110995503e-10,7.366746695045069e-11,3.0003493722614824e-11,2.5049167211466976e-11
sub-018,Alzheimer's Disease,F8,2.6948821531274047e-10,5.350572706512109e-11,3.097717981756406e-11,3.143001553904139e-11
sub-018,Alzheimer's Disease,T3,2.854841768626398e-10,8.997094810979505e-11,2.7682704044750034e-11,1.9754882831593237e-11
sub-018,Alzheimer's Disease,T4,2.603674654237954e-10,5.5976642555292126e-11,3.073408600650579e-11,1.9884293240110256e-11
sub-018,Alzheimer's Disease,T5,2.725909408707834e-10,8.813538738908962e-11,3.160240403506603e-11,1.8377216511547045e-11
sub-018,Alzheimer's Disease,T6,2.581328404396818e-10,7.342793453661886e-11,3.846184660110186e-11,1.691600449765169e-11
sub-018,Alzheimer's Disease,Fz,2.5981391076850507e-10,5.243227546225856e-11,2.477557481076351e-11,2.4156761555277842e-11
sub-018,Alzheimer's Disease,Cz,2.539515709341123e-10,4.373622294555999e-11,1.85259871707854e-11,3.159573566008647e-11
sub-018,Alzheimer's Disease,Pz,2.6098717144457287e-10,5.739792593915641e-11,2.8250293528548805e-11,1.5256439030601993e-11
sub-019,Alzheimer's Disease,Fp1,2.425422628644638e-10,3.2252137742529525e-11,1.1774762377666965e-11,9.882878830167852e-12
sub-019,Alzheimer's Disease,Fp2,2.534610279424241e-10,3.357897454820115e-11,1.192354976905107e-11,1.1906643694015053e-11
sub-019,Alzheimer's Disease,F3,2.511491368640798e-10,3.340939178246893e-11,1.1073712310110735e-11,1.3714143566809402e-11
sub-019,Alzheimer's Disease,F4,2.587244190917216e-10,3.409794420143878e-11,1.1412647557771143e-11,1.1056081162437101e-11
sub-019,Alzheimer's Disease,C3,2.5073410241512263e-10,3.308562626113679e-11,1.0547829668497498e-11,8.723071905113961e-12
sub-019,Alzheimer's Disease,C4,2.5223160641544384e-10,3.3378231897071725e-11,1.0700609852397682e-11,8.759473210065352e-12
sub-019,Alzheimer's Disease,P3,2.5271045925742966e-10,3.387547783330523e-11,1.321009475598955e-11,9.623929477355693e-12
sub-019,Alzheimer's Disease,P4,2.5528613155701363e-10,3.377181826498611e-11,1.3374829712087187e-11,9.433816551238588e-12
sub-019,Alzheimer's Disease,O1,2.5753995764625483e-10,3.530548273043871e-11,2.0682811498830183e-11,1.224005482747276e-11
sub-019,Alzheimer's Disease,O2,2.6252100309785436e-10,3.6210669550829194e-11,2.2355586252582093e-11,1.2401562562998411e-11
sub-019,Alzheimer's Disease,F7,2.5681663715642806e-10,3.422923571161807e-11,1.5890603451337422e-11,3.157685772683218e-11
sub-019,Alzheimer's Disease,F8,2.619208195688532e-10,3.51322234709085e-11,1.4085774744604915e-11,1.239746803794279e-11
sub-019,Alzheimer's Disease,T3,2.5307873801747223e-10,3.425553210160458e-11,1.3277216361440799e-11,1.2138517926518317e-11
sub-019,Alzheimer's Disease,T4,2.5601078124710484e-10,3.497865088458764e-11,1.5011174430789027e-11,2.8006166283486123e-11
sub-019,Alzheimer's Disease,T5,2.546507899694837e-10,3.463938365260137e-11,1.4449467741246003e-11,1.1174032295947705e-11
sub-019,Alzheimer's Disease,T6,2.570071204724793e-10,3.480379947517243e-11,1.5432734413094967e-11,1.1458446429276575e-11
sub-019,Alzheimer's Disease,Fz,2.546018666328173e-10,3.366586675183882e-11,1.0953577816592925e-11,9.427700513069472e-12
sub-019,Alzheimer's Disease,Cz,2.5277459558721386e-10,3.3197235014789885e-11,1.049070076827242e-11,8.255134158923753e-12
sub-019,Alzheimer's Disease,Pz,2.539583154291e-10,3.3725428601501695e-11,1.3810862473256313e-11,9.117138440348532e-12
sub-020,Alzheimer's Disease,Fp1,2.734899647879749e-10,3.673277991967983e-11,1.1162207278025761e-11,1.052380159973415e-11
sub-020,Alzheimer's Disease,Fp2,2.705300808411279e-10,3.590755973739052e-11,1.0435906591723388e-11,8.412813177855272e-12
sub-020,Alzheimer's Disease,F3,2.660950726381872e-10,3.677680990289992e-11,1.121648429421013e-11,9.913231897250483e-12
sub-020,Alzheimer's Disease,F4,2.692055665755601e-10,3.6979490001206224e-11,1.1158463591564046e-11,9.374244369723252e-12
sub-020,Alzheimer's Disease,C3,2.629412659398041e-10,3.5322647607137745e-11,1.0272394572709622e-11,8.286048649784705e-12
sub-020,Alzheimer's Disease,C4,2.623612217083094e-10,3.4842300612385294e-11,1.0282366871604896e-11,8.334149523346252e-12
sub-020,Alzheimer's Disease,P3,2.6188464201894343e-10,3.616542473386272e-11,1.1468102624446473e-11,8.565170682193945e-12
sub-020,Alzheimer's Disease,P4,2.656024419030004e-10,3.586831013155485e-11,1.21525401643806e-11,8.863182267162885e-12
sub-020,Alzheimer's Disease,O1,2.650262960292473e-10,3.882554564220256e-11,1.500626709549041e-11,1.0387891443321614e-11
sub-020,Alzheimer's Disease,O2,2.6539609688983097e-10,3.8968640009967597e-11,1.573153969023992e-11,1.0640377166851716e-11
sub-020,Alzheimer's Disease,F7,2.748889645417928e-10,4.239080880787932e-11,1.3932364640802836e-11,1.5499783230726796e-11
sub-020,Alzheimer's Disease,F8,2.698791608090131e-10,3.911252506036536e-11,1.2344456932145418e-11,1.1188656836124298e-11
sub-020,Alzheimer's Disease,T3,2.662856623071032e-10,4.185635024586851e-11,1.3613133160975656e-11,1.1601868185804984e-11
sub-020,Alzheimer's Disease,T4,2.6315268335978463e-10,3.921050406320276e-11,1.3354490477418504e-11,1.170627310547238e-11
sub-020,Alzheimer's Disease,T5,2.633612153549512e-10,3.9254149451153745e-11,1.426516997220138e-11,1.0655394425374821e-11
sub-020,Alzheimer's Disease,T6,2.6385553676634796e-10,3.893020600383977e-11,1.5567140215406563e-11,1.12463993026567e-11
sub-020,Alzheimer's Disease,Fz,2.6956687909775563e-10,3.682707953635791e-11,1.1063686365928297e-11,8.637794621701357e-12
sub-020,Alzheimer's Disease,Cz,2.653134177777096e-10,3.559282692377358e-11,1.0368150019899271e-11,8.243822658141614e-12
sub-020,Alzheimer's Disease,Pz,2.63359370173193e-10,3.554072693575893e-11,1.1002392029832316e-11,8.35370523427782e-12
sub-021,Alzheimer's Disease,Fp1,2.6585315996497576e-10,3.89794628467909e-11,1.2745938334322607e-11,1.4882758708074256e-11
sub-021,Alzheimer's Disease,Fp2,2.569811230433213e-10,3.740002453499895e-11,1.1405546397148683e-11,1.2064984802508894e-11
sub-021,Alzheimer's Disease,F3,2.614828991185606e-10,3.931369817549813e-11,1.2994465185355587e-11,1.702594796945798e-11
sub-021,Alzheimer's Disease,F4,2.617338917799437e-10,3.873178115366319e-11,1.2753574903837087e-11,2.0434580745057134e-11
sub-021,Alzheimer's Disease,C3,2.6028076956078314e-10,3.7056829652720096e-11,1.0810128453006176e-11,1.164224580542923e-11
sub-021,Alzheimer's Disease,C4,2.620026070505547e-10,3.80469068244622e-11,1.2083242390759788e-11,1.2742103139748657e-11
sub-021,Alzheimer's Disease,P3,2.6859632906412286e-10,3.9532497199377474e-11,1.3141923679573075e-11,1.442388355221712e-11
sub-021,Alzheimer's Disease,P4,2.613885038569901e-10,3.9780781108951366e-11,1.403344001350696e-11,1.4799595023625224e-11
sub-021,Alzheimer's Disease,O1,2.656888909465638e-10,4.27722938629221e-11,1.681487656396825e-11,2.2047044982323626e-11
sub-021,Alzheimer's Disease,O2,2.6492725463286406e-10,4.275986340515824e-11,1.668882320643678e-11,2.0206733306983345e-11
sub-021,Alzheimer's Disease,F7,2.696265744575281e-10,4.2236698338304315e-11,1.7579353635302e-11,2.012872749350412e-11
sub-021,Alzheimer's Disease,F8,2.6485518452259623e-10,3.945528270052936e-11,1.2789989391615425e-11,1.3865606517648864e-11
sub-021,Alzheimer's Disease,T3,2.6493844995070597e-10,4.15277919261393e-11,1.6547917408446148e-11,1.7304487719674443e-11
sub-021,Alzheimer's Disease,T4,2.642255844196109e-10,4.208295402923005e-11,1.6673216056551254e-11,1.784532013487479e-11
sub-021,Alzheimer's Disease,T5,2.632276399150637e-10,4.2004156196004516e-11,1.830622110459632e-11,2.0442559683982233e-11
sub-021,Alzheimer's Disease,T6,2.6398476005107407e-10,4.264800273019147e-11,1.808662346208677e-11,1.9856496175566962e-11
sub-021,Alzheimer's Disease,Fz,2.6209656626139e-10,4.1487279004097856e-11,1.4151090167644494e-11,1.489532712681768e-11
sub-021,Alzheimer's Disease,Cz,2.625653568249435e-10,3.832944283294906e-11,1.210829403071547e-11,1.2374452643844681e-11
sub-021,Alzheimer's Disease,Pz,2.623119395465992e-10,3.953852432152123e-11,1.286357393889815e-11,1.3828931895701148e-11
sub-022,Alzheimer's Disease,Fp1,2.8944237608794554e-10,5.568766172475858e-11,1.9620350246587414e-11,2.006628027708325e-11
sub-022,Alzheimer's Disease,Fp2,2.76627517030826e-10,5.2563018053265915e-11,2.103541739709475e-11,1.9853285664364718e-11
sub-022,Alzheimer's Disease,F3,2.536008439914294e-10,5.008461191089822e-11,1.87965302370368e-11,1.7557719132907542e-11
sub-022,Alzheimer's Disease,F4,2.452515075877159e-10,4.688100254771932e-11,1.897388923676827e-11,1.5732760413616117e-11
sub-022,Alzheimer's Disease,C3,2.269736471270509e-10,4.111764172675178e-11,1.435933788493113e-11,1.2396481896423438e-11
sub-022,Alzheimer's Disease,C4,2.2573467088397207e-10,4.1145350315981035e-11,1.4196213322550826e-11,1.2441882828018826e-11
sub-022,Alzheimer's Disease,P3,2.3911437583907135e-10,4.847526872270813e-11,2.1096461433826436e-11,1.3026650694622948e-11
sub-022,Alzheimer's Disease,P4,2.4115034721406557e-10,4.6976798618630456e-11,1.828749848304607e-11,1.2062753812125687e-11
sub-022,Alzheimer's Disease,O1,2.611880002637974e-10,6.015164272906431e-11,4.2309253314295386e-11,1.468803371116507e-11
sub-022,Alzheimer's Disease,O2,2.4011069598974735e-10,4.968346849935061e-11,2.2821650012015788e-11,1.2430137097979641e-11
sub-022,Alzheimer's Disease,F7,2.6323727682205144e-10,5.421223727576814e-11,1.9003412099887627e-11,2.941824102718313e-11
sub-022,Alzheimer's Disease,F8,2.557607180334317e-10,5.156843232958727e-11,1.9958992601652915e-11,3.136123929218282e-11
sub-022,Alzheimer's Disease,T3,2.4549091308763363e-10,4.995663672038323e-11,1.8716117177772635e-11,1.5238173688316855e-11
sub-022,Alzheimer's Disease,T4,2.394838257208438e-10,4.919245322946196e-11,1.9972145620132207e-11,1.5851134822028267e-11
sub-022,Alzheimer's Disease,T5,2.58213239985199e-10,6.493585422353239e-11,5.0625048587489005e-11,1.6344382719338234e-11
sub-022,Alzheimer's Disease,T6,2.4216173645354053e-10,5.342012202723194e-11,2.5202434796025e-11,1.4009675944849638e-11
sub-022,Alzheimer's Disease,Fz,2.4755571727093975e-10,4.681383301552685e-11,1.868246838042091e-11,1.4518573761361357e-11
sub-022,Alzheimer's Disease,Cz,2.2957785511478533e-10,4.415664397876572e-11,1.7959993326511366e-11,1.4351712338367458e-11
sub-022,Alzheimer's Disease,Pz,2.4051577156196597e-10,5.0513145862495824e-11,1.8133352337655697e-11,1.218048219100077e-11
sub-023,Alzheimer's Disease,Fp1,2.47651927163376e-10,3.894628773698721e-11,1.600276168585388e-11,1.8065805291613165e-11
sub-023,Alzheimer's Disease,Fp2,2.532258791682614e-10,3.749020626194828e-11,1.4540990969234519e-11,1.4986966801926017e-11
sub-023,Alzheimer's Disease,F3,2.499463646188222e-10,3.7813295909381976e-11,1.601527094282755e-11,1.619279943108442e-11
sub-023,Alzheimer's Disease,F4,2.557408716939702e-10,4.003161674671158e-11,1.569764360962213e-11,1.699658748487495e-11
sub-023,Alzheimer's Disease,C3,2.4855644706379666e-10,3.3859045538423646e-11,1.311425501880448e-11,1.0562808557438314e-11
sub-023,Alzheimer's Disease,C4,2.511739830575324e-10,3.434378991107476e-11,1.2758023667550071e-11,1.0639397878935873e-11
sub-023,Alzheimer's Disease,P3,2.5377712983410144e-10,3.924291885772512e-11,1.8607917344074216e-11,1.1862038914000611e-11
sub-023,Alzheimer's Disease,P4,2.5523762752729987e-10,3.7640394563116114e-11,1.7247140446827466e-11,1.1304018022659279e-11
sub-023,Alzheimer's Disease,O1,2.585017045255631e-10,4.298734203541422e-11,2.5376462036126344e-11,1.3756151790683757e-11
sub-023,Alzheimer's Disease,O2,2.583251016692008e-10,4.321511625978484e-11,2.721501873366466e-11,1.3851713938307416e-11
sub-023,Alzheimer's Disease,F7,2.5361055918992443e-10,4.170552444550095e-11,1.7903156187784872e-11,1.4554086051569927e-11
sub-023,Alzheimer's Disease,F8,2.601675271604364e-10,3.97975145790391e-11,1.581714770116709e-11,1.2962978870575742e-11
sub-023,Alzheimer's Disease,T3,2.5143741468010504e-10,4.14375015818045e-11,1.7661628578389745e-11,1.581835354857193e-11
sub-023,Alzheimer's Disease,T4,2.5420666302168975e-10,4.018787962220895e-11,1.7334429580874632e-11,2.0402911427834927e-11
sub-023,Alzheimer's Disease,T5,2.535131648428967e-10,4.558630495656535e-11,3.098947829506717e-11,1.5416208178423542e-11
sub-023,Alzheimer's Disease,T6,2.54371720379282e-10,4.1012112115553655e-11,2.272815779500678e-11,1.2763413779317256e-11
sub-023,Alzheimer's Disease,Fz,2.5169056970471176e-10,4.3218110625186223e-11,1.5384601251999943e-11,1.179403099670058e-11
sub-023,Alzheimer's Disease,Cz,2.5139091346332346e-10,3.514806233662266e-11,1.212838158766783e-11,9.350940001464528e-12
sub-023,Alzheimer's Disease,Pz,2.5346002532382475e-10,3.919309670752664e-11,1.598113640076811e-11,1.098104978030877e-11
sub-024,Alzheimer's Disease,Fp1,2.6781461950540253e-10,6.203765122137087e-11,1.9201297744431695e-11,1.2676494874612697e-11
sub-024,Alzheimer's Disease,Fp2,2.626163893935966e-10,5.720385014058802e-11,1.780064919141659e-11,1.1542180989567946e-11
sub-024,Alzheimer's Disease,F3,2.556426747368256e-10,5.720639225274726e-11,1.8072369405908913e-11,1.1615126340118935e-11
sub-024,Alzheimer's Disease,F4,2.537213881461815e-10,5.249183088733478e-11,1.677180598387042e-11,1.134539363058275e-11
sub-024,Alzheimer's Disease,C3,2.4618206196501526e-10,4.49136501397011e-11,1.2825644644950729e-11,9.1397798876023e-12
sub-024,Alzheimer's Disease,C4,2.4394927877701803e-10,4.115651363369653e-11,1.2312700378757561e-11,9.110045668751991e-12
sub-024,Alzheimer's Disease,P3,2.5223917104498686e-10,4.8113241281519515e-11,1.5009277769245927e-11,9.72925328700502e-12
sub-024,Alzheimer's Disease,P4,2.544707171784365e-10,4.6615539941986935e-11,1.3829044565148273e-11,9.263421974904838e-12
sub-024,Alzheimer's Disease,O1,2.5575658287152893e-10,4.934501535048558e-11,1.6883752959786917e-11,1.135951835970326e-11
sub-024,Alzheimer's Disease,O2,2.564291857178206e-10,4.9885343534654375e-11,1.665730227493061e-11,1.1324861960635135e-11
sub-024,Alzheimer's Disease,F7,2.816251510315401e-10,6.715940691176201e-11,2.0185296668616786e-11,1.2238019196454066e-11
sub-024,Alzheimer's Disease,F8,2.660530368230125e-10,5.595004614239795e-11,1.7191993560467932e-11,1.1702562537017547e-11
sub-024,Alzheimer's Disease,T3,2.6682336172424996e-10,6.576842375125061e-11,1.976036774233585e-11,1.1798928321430071e-11
sub-024,Alzheimer's Disease,T4,2.577790879439356e-10,5.6085917319085334e-11,1.6832520225306653e-11,1.1649496158368298e-11
sub-024,Alzheimer's Disease,T5,2.541938883738118e-10,5.837309473782916e-11,1.8850425699708595e-11,1.200292069898482e-11
sub-024,Alzheimer's Disease,T6,2.519107440838774e-10,5.470919277107406e-11,1.687850239934021e-11,1.1462447566699121e-11
sub-024,Alzheimer's Disease,Fz,2.5501491531960233e-10,5.665452941471427e-11,1.7106600888584208e-11,1.0719962745792466e-11
sub-024,Alzheimer's Disease,Cz,2.462774201622552e-10,3.9014691878751146e-11,1.2021602262113679e-11,9.442759678503709e-12
sub-024,Alzheimer's Disease,Pz,2.527106972981456e-10,4.318689639544275e-11,1.3197863173576424e-11,8.834575732555816e-12
sub-025,Alzheimer's Disease,Fp1,2.379894774088868e-10,3.68144649234901e-11,1.6977160848041886e-11,1.2640186502718521e-11
sub-025,Alzheimer's Disease,Fp2,2.4131556065553373e-10,3.661446747763241e-11,1.5670910902861355e-11,9.505713450731755e-12
sub-025,Alzheimer's Disease,F3,2.3577761007517447e-10,3.73206042152962e-11,1.669813606276321e-11,1.0017153422501383e-11
sub-025,Alzheimer's Disease,F4,2.397317575283153e-10,3.669567677678123e-11,1.663167277198972e-11,9.096141297991515e-12
sub-025,Alzheimer's Disease,C3,2.3783409666304873e-10,3.6360808703100476e-11,1.1183393449212634e-11,8.657387477112145e-12
sub-025,Alzheimer's Disease,C4,2.4112987803426303e-10,3.6428094287050034e-11,1.0719717289091295e-11,8.141644962560009e-12
sub-025,Alzheimer's Disease,P3,2.4084569646016926e-10,3.722225396262209e-11,4.185533910703695e-11,1.054838947305829e-11
sub-025,Alzheimer's Disease,P4,2.4531580999603743e-10,3.7910616676967646e-11,5.257315060034214e-11,1.0968334134170301e-11
sub-025,Alzheimer's Disease,O1,2.5101784379676813e-10,4.221851922394413e-11,1.3843104368602182e-10,1.6500850170280555e-11
sub-025,Alzheimer's Disease,O2,2.505516187487755e-10,4.193806290364363e-11,1.4361308072531045e-10,1.738778922473206e-11
sub-025,Alzheimer's Disease,F7,2.4230275534966155e-10,3.802749288533591e-11,1.849554220475744e-11,3.427294408973123e-11
sub-025,Alzheimer's Disease,F8,2.5351560836665594e-10,3.819752124682823e-11,1.8412444112823833e-11,2.523889427289569e-11
sub-025,Alzheimer's Disease,T3,2.4144300938416596e-10,3.8939428739757997e-11,2.0492025676268325e-11,1.8262301260891997e-11
sub-025,Alzheimer's Disease,T4,2.4936934798024874e-10,3.9002056197266606e-11,2.1302319771721075e-11,1.7660377944837682e-11
sub-025,Alzheimer's Disease,T5,2.456221252198282e-10,4.269165838846389e-11,7.454248514077349e-11,1.7699622925636414e-11
sub-025,Alzheimer's Disease,T6,2.5130917895801175e-10,4.279358603667757e-11,9.482967545903509e-11,1.6848391816416874e-11
sub-025,Alzheimer's Disease,Fz,2.352340817849961e-10,3.714665731148199e-11,1.8864325044425265e-11,8.691013670866219e-12
sub-025,Alzheimer's Disease,Cz,2.373638113737924e-10,3.6750472398617623e-11,1.2753010299071127e-11,8.017424017701698e-12
sub-025,Alzheimer's Disease,Pz,2.4156347485111117e-10,3.660504562683242e-11,3.642112886376862e-11,8.882389310919714e-12
sub-026,Alzheimer's Disease,Fp1,2.5803628449360475e-10,4.524171960254148e-11,1.3316864926106704e-11,1.0679559978511635e-11
sub-026,Alzheimer's Disease,Fp2,2.433762649948538e-10,4.2930771744195294e-11,1.2224506289298026e-11,9.777411424080135e-12
sub-026,Alzheimer's Disease,F3,2.5323280021902706e-10,4.57795129084327e-11,1.2812073057370711e-11,1.0791893444113367e-11
sub-026,Alzheimer's Disease,F4,2.4617883886633343e-10,4.673943387274381e-11,1.3268321872841459e-11,1.3295741179189384e-11
sub-026,Alzheimer's Disease,C3,2.420207006626914e-10,3.481692558833248e-11,1.0339713737909377e-11,8.76206969677335e-12
sub-026,Alzheimer's Disease,C4,2.3843438885600325e-10,3.539744650578498e-11,1.041739987051298e-11,8.916392563660448e-12
sub-026,Alzheimer's Disease,P3,2.478341089819051e-10,3.961073708392454e-11,1.2087645030527011e-11,9.43081283833732e-12
sub-026,Alzheimer's Disease,P4,2.4480457657053235e-10,4.219571203254979e-11,1.2128630771057134e-11,9.699080557742104e-12
sub-026,Alzheimer's Disease,O1,2.544961008427617e-10,4.904432626184689e-11,1.7484480782334888e-11,1.622543662041301e-11
sub-026,Alzheimer's Disease,O2,2.586978622113073e-10,5.483625097097013e-11,1.8817731221310158e-11,1.655452630826019e-11
sub-026,Alzheimer's Disease,F7,2.7182356434716296e-10,5.2544137378781096e-11,1.6795953797947623e-11,1.866757063808438e-11
sub-026,Alzheimer's Disease,F8,2.480852789860818e-10,4.205916023711799e-11,1.3095523693190985e-11,1.260426871738659e-11
sub-026,Alzheimer's Disease,T3,2.503233203623504e-10,4.1480305320772315e-11,1.3148177576859709e-11,1.1642352517340579e-11
sub-026,Alzheimer's Disease,T4,2.4329480902426485e-10,3.8861679832392085e-11,1.2824485558937868e-11,1.0949936553992764e-11
sub-026,Alzheimer's Disease,T5,2.4957592776112033e-10,4.1674619121397266e-11,1.3433087861611211e-11,1.1041164302316346e-11
sub-026,Alzheimer's Disease,T6,2.5598209795396496e-10,5.303872520636323e-11,1.6635760595151764e-11,1.3732013828109067e-11
sub-026,Alzheimer's Disease,Fz,2.4739863881276094e-10,4.580391767673501e-11,1.3154874389681048e-11,9.919392885228848e-12
sub-026,Alzheimer's Disease,Cz,2.4062143456377216e-10,3.694418994531892e-11,1.1994127130819979e-11,9.721790279428339e-12
sub-026,Alzheimer's Disease,Pz,2.432074834007296e-10,3.9417461395784215e-11,1.165479308448733e-11,9.19546814082359e-12
sub-027,Alzheimer's Disease,Fp1,3.1701054336126315e-10,7.738214054574739e-11,1.5281539928107744e-11,1.6171737746566965e-11
sub-027,Alzheimer's Disease,Fp2,3.230378351021911e-10,8.091248969957189e-11,1.5267783920020927e-11,1.6131878795577585e-11
sub-027,Alzheimer's Disease,F3,3.0207497513782634e-10,8.250726694108322e-11,1.4097686509324084e-11,1.3112402765906072e-11
sub-027,Alzheimer's Disease,F4,3.031425702497936e-10,8.103102795395848e-11,1.3921452196486546e-11,1.3323542185497524e-11
sub-027,Alzheimer's Disease,C3,2.616445741009854e-10,4.589063803711668e-11,1.1930070609858954e-11,1.0855734272837216e-11
sub-027,Alzheimer's Disease,C4,2.7486055682189726e-10,4.626591350422637e-11,1.1557373712821782e-11,1.0508075775123493e-11
sub-027,Alzheimer's Disease,P3,2.8696113939589663e-10,5.5868601335459424e-11,1.460513527567304e-11,1.1000464886061318e-11
sub-027,Alzheimer's Disease,P4,2.9331105141151316e-10,6.229773725402616e-11,1.282639651147265e-11,1.0017733723340455e-11
sub-027,Alzheimer's Disease,O1,3.094590934502112e-10,7.122076983336768e-11,2.01720120143267e-11,1.3145341791120032e-11
sub-027,Alzheimer's Disease,O2,3.1052392764400666e-10,7.638999162005095e-11,1.753128136193129e-11,1.2617384694260481e-11
sub-027,Alzheimer's Disease,F7,3.1189699204050016e-10,7.64672237744728e-11,1.856819087652885e-11,2.4553814883042866e-11
sub-027,Alzheimer's Disease,F8,3.331665358747868e-10,8.389967568285366e-11,2.0211707890618933e-11,2.3634524336746808e-11
sub-027,Alzheimer's Disease,T3,2.7811009629137327e-10,5.832783359679484e-11,1.533343806100382e-11,1.5266908645298473e-11
sub-027,Alzheimer's Disease,T4,2.9946533299942006e-10,6.830224074904711e-11,1.8292006812689187e-11,3.4812742184490234e-11
sub-027,Alzheimer's Disease,T5,2.8324899002089704e-10,5.94725960205828e-11,1.6495251421407434e-11,1.4250085408244752e-11
sub-027,Alzheimer's Disease,T6,2.9703680757452167e-10,7.179930211603346e-11,1.613462526266462e-11,1.2418684089929881e-11
sub-027,Alzheimer's Disease,Fz,3.026115605878519e-10,9.113596115053821e-11,1.3756702379269344e-11,1.1542933364214913e-11
sub-027,Alzheimer's Disease,Cz,2.7660527562206214e-10,4.234902699697008e-11,1.1585622187516622e-11,1.4242719006379727e-11
sub-027,Alzheimer's Disease,Pz,2.9599167594660993e-10,5.995047206588398e-11,1.3314408587710336e-11,1.0370874941491512e-11
sub-028,Alzheimer's Disease,Fp1,2.492611551132916e-10,5.756592314328208e-11,1.7062500577583114e-11,1.4107647412569278e-11
sub-028,Alzheimer's Disease,Fp2,2.400014357187294e-10,4.68135710708049e-11,1.4884770278494508e-11,1.0158275884751506e-11
sub-028,Alzheimer's Disease,F3,2.4293591229585475e-10,5.173218043479409e-11,1.527366596164408e-11,1.0499739246768107e-11
sub-028,Alzheimer's Disease,F4,2.398735638821389e-10,4.2977382705093566e-11,1.412315731087596e-11,1.0769513383099358e-11
sub-028,Alzheimer's Disease,C3,2.3632933567401973e-10,3.836363345971569e-11,1.147594093356363e-11,8.187954228439196e-12
sub-028,Alzheimer's Disease,C4,2.403434609772653e-10,3.836158027211398e-11,1.1404838885591031e-11,8.789227685101779e-12
sub-028,Alzheimer's Disease,P3,2.396723446857124e-10,4.1473512016659803e-11,1.3671976236974114e-11,9.625682368876298e-12
sub-028,Alzheimer's Disease,P4,2.4314606486346767e-10,3.946504301598876e-11,1.1805256792916135e-11,8.701020989729688e-12
sub-028,Alzheimer's Disease,O1,2.4193054962181507e-10,4.288750484980912e-11,1.5333577966826895e-11,1.0873794971755776e-11
sub-028,Alzheimer's Disease,O2,2.4308386920429095e-10,4.029624714968712e-11,1.3634099889483882e-11,1.0101308550770104e-11
sub-028,Alzheimer's Disease,F7,2.5913628213866117e-10,6.398894237758768e-11,1.7032956028890632e-11,1.1262326289584181e-11
sub-028,Alzheimer's Disease,F8,2.454128113689051e-10,4.8134773285165555e-11,1.4673257123374937e-11,1.0322224895347181e-11
sub-028,Alzheimer's Disease,T3,2.5181229285212573e-10,5.814866045057219e-11,1.64494432023771e-11,1.0824812281867922e-11
sub-028,Alzheimer's Disease,T4,2.4475164512332446e-10,4.7110340497929075e-11,1.42288447427612e-11,1.0313799476659718e-11
sub-028,Alzheimer's Disease,T5,2.409780183784491e-10,4.733555957608164e-11,1.5201831928647795e-11,1.0814364113135851e-11
sub-028,Alzheimer's Disease,T6,2.4303636562412727e-10,4.243457274959387e-11,1.3682545773022274e-11,9.895316162292532e-12
sub-028,Alzheimer's Disease,Fz,2.43766949639258e-10,4.7149336369138555e-11,1.4597195677490244e-11,1.0043152519243167e-11
sub-028,Alzheimer's Disease,Cz,2.3686397353247486e-10,3.4715939122542606e-11,1.1828366887246252e-11,9.576927342361974e-12
sub-028,Alzheimer's Disease,Pz,2.406665597161313e-10,3.657019024185302e-11,1.189026224176346e-11,8.720225937892961e-12
sub-029,Alzheimer's Disease,Fp1,2.480235749917666e-10,4.944772667384608e-11,1.3474372409638877e-11,1.0648103108229077e-11
sub-029,Alzheimer's Disease,Fp2,2.342122390786031e-10,5.1004360369430676e-11,1.4484532064209078e-11,1.4053090320194406e-11
sub-029,Alzheimer's Disease,F3,2.507113815681834e-10,4.941176788886674e-11,1.449188743519886e-11,1.2788957714445331e-11
sub-029,Alzheimer's Disease,F4,2.396944023429705e-10,5.169895559101537e-11,1.6269203450390733e-11,2.0413139998618017e-11
sub-029,Alzheimer's Disease,C3,2.5133831012490825e-10,4.393040220501337e-11,1.1211500412916005e-11,9.278264032863455e-12
sub-029,Alzheimer's Disease,C4,2.432276720516555e-10,4.2670487815485865e-11,1.1482842997751554e-11,9.435904620529188e-12
sub-029,Alzheimer's Disease,P3,2.6317491390950744e-10,5.0577636616997974e-11,1.3077078155173966e-11,9.840068142265608e-12
sub-029,Alzheimer's Disease,P4,2.5998791651596395e-10,5.1134236253724655e-11,1.3834507863980661e-11,9.797691346205769e-12
sub-029,Alzheimer's Disease,O1,2.7257572931320797e-10,5.5613142951208054e-11,1.765550954537477e-11,1.336862969983814e-11
sub-029,Alzheimer's Disease,O2,2.6397089822520226e-10,5.5607223552535345e-11,1.7528329217849654e-11,1.3288279218838149e-11
sub-029,Alzheimer's Disease,F7,2.7061615857261765e-10,5.5174719866004456e-11,1.461972314545721e-11,1.3941053259080935e-11
sub-029,Alzheimer's Disease,F8,2.4670148748652993e-10,6.253233300820966e-11,2.080092695836845e-11,2.549292454555037e-11
sub-029,Alzheimer's Disease,T3,2.6426971538141927e-10,5.5977938055585047e-11,1.2693373442411546e-11,1.2167983491633983e-11
sub-029,Alzheimer's Disease,T4,2.5307724642794287e-10,6.113522727667197e-11,1.465516061006853e-11,1.3649705243877857e-11
sub-029,Alzheimer's Disease,T5,2.682252530181591e-10,5.4218486904487284e-11,1.3452888716528593e-11,1.0374000329250368e-11
sub-029,Alzheimer's Disease,T6,2.6169491237790645e-10,6.112110622067141e-11,1.554101939035448e-11,1.186573702550663e-11
sub-029,Alzheimer's Disease,Fz,2.431881367503138e-10,4.928450617592157e-11,1.3369870418729889e-11,1.074225660478352e-11
sub-029,Alzheimer's Disease,Cz,2.440701018343861e-10,3.9258506653969075e-11,1.2641542497652274e-11,1.0768866144917408e-11
sub-029,Alzheimer's Disease,Pz,2.587724725771185e-10,4.78024413981443e-11,1.414753224606796e-11,1.0113043683049598e-11
sub-030,Alzheimer's Disease,Fp1,1.6584673913070106e-10,1.0131939955207698e-10,3.568144331160712e-11,3.818113616613481e-11
sub-030,Alzheimer's Disease,Fp2,2.0042601729046211e-10,9.230126559301719e-11,3.632566685527463e-11,5.025508023333751e-11
sub-030,Alzheimer's Disease,F3,1.610610603963096e-10,8.272951116881693e-11,2.998877098021195e-11,1.703444128539707e-11
sub-030,Alzheimer's Disease,F4,1.957885213039492e-10,5.545213259739368e-11,2.25301483059895e-11,2.3520616130871954e-11
sub-030,Alzheimer's Disease,C3,2.002377701277073e-10,4.978038393274163e-11,2.496999349781961e-11,1.1938372146370065e-11
sub-030,Alzheimer's Disease,C4,1.9796184371660499e-10,4.238431938661956e-11,1.47038208772015e-11,1.0234585247988422e-11
sub-030,Alzheimer's Disease,P3,2.072319144301768e-10,6.384817951618885e-11,2.5679985610096557e-11,1.2087909820667435e-11
sub-030,Alzheimer's Disease,P4,1.5807013858591691e-10,4.986676678386007e-11,1.7361358469241406e-11,1.5282720679845132e-11
sub-030,Alzheimer's Disease,O1,1.6181756177186934e-10,6.566421326261649e-11,2.3610097361850606e-11,2.3875353599183455e-11
sub-030,Alzheimer's Disease,O2,1.5113660305941286e-10,5.6299655297760254e-11,2.3942839132187964e-11,2.6976954660482144e-11
sub-030,Alzheimer's Disease,F7,2.7743221136079675e-10,1.2673833186542538e-10,4.464912523311489e-11,2.299132921099846e-11
sub-030,Alzheimer's Disease,F8,2.300757936602681e-10,8.458150709327326e-11,4.0955549128978753e-11,1.846482886004664e-11
sub-030,Alzheimer's Disease,T3,4.419815299424138e-10,1.225114435591226e-10,4.6906858327180704e-11,1.566645229040927e-11
sub-030,Alzheimer's Disease,T4,2.1078708602862e-10,6.474028428242266e-11,2.9576068022856236e-11,1.2508539644548344e-11
sub-030,Alzheimer's Disease,T5,2.845547023545892e-10,8.475188633727366e-11,3.2514987102884145e-11,1.5413625579191545e-11
sub-030,Alzheimer's Disease,T6,1.6710769903250474e-10,5.36426354817825e-11,1.9939402990410594e-11,1.6771505065469355e-11
sub-030,Alzheimer's Disease,Fz,1.8425924597703605e-10,7.733738262115612e-11,2.1402720567669867e-11,1.1786555489742373e-11
sub-030,Alzheimer's Disease,Cz,1.831974147149617e-10,4.0775606805971815e-11,1.4311597363618895e-11,1.0255497597045265e-11
sub-030,Alzheimer's Disease,Pz,1.5033588053128352e-10,5.288395957348437e-11,1.4792268203358207e-11,1.3161176882855663e-11
sub-031,Alzheimer's Disease,Fp1,2.5657621818427954e-10,3.62486311926978e-11,1.4201238825820473e-11,9.454451083507487e-12
sub-031,Alzheimer's Disease,Fp2,2.5754319460618617e-10,3.488803541146672e-11,1.29960697571714e-11,8.645487705171092e-12
sub-031,Alzheimer's Disease,F3,2.580599180701044e-10,3.6913955947033326e-11,1.448439460048838e-11,1.0225034618788683e-11
sub-031,Alzheimer's Disease,F4,2.5768503707338174e-10,3.614185431550097e-11,1.3846844435781623e-11,9.487770916470436e-12
sub-031,Alzheimer's Disease,C3,2.561350858956899e-10,3.459194142298661e-11,1.1518642878352431e-11,8.634623238970996e-12
sub-031,Alzheimer's Disease,C4,2.5537203723777573e-10,3.4035346576632964e-11,1.143527057629801e-11,8.385285610749019e-12
sub-031,Alzheimer's Disease,P3,2.5839737678528825e-10,3.674681221957463e-11,2.2532507092733575e-11,1.0083186085832654e-11
sub-031,Alzheimer's Disease,P4,2.5724568319496485e-10,3.534902794114427e-11,1.726178242091344e-11,9.204838248162592e-12
sub-031,Alzheimer's Disease,O1,2.6280709187044113e-10,4.0293376997948704e-11,4.232783494007612e-11,1.3361708045311242e-11
sub-031,Alzheimer's Disease,O2,2.650098329728189e-10,4.048575186095993e-11,5.711613429870871e-11,1.3246457871341316e-11
sub-031,Alzheimer's Disease,F7,2.6009035927594863e-10,3.8652951164581446e-11,1.522930767186766e-11,1.105017770041464e-11
sub-031,Alzheimer's Disease,F8,2.599346325490991e-10,3.644503983559755e-11,1.3852416927311682e-11,9.400180254898132e-12
sub-031,Alzheimer's Disease,T3,2.5890187472761173e-10,3.769003280865646e-11,1.833021498689113e-11,9.619242028287994e-12
sub-031,Alzheimer's Disease,T4,2.589933062810265e-10,3.6058646228601046e-11,1.4731327066549043e-11,9.588094333543519e-12
sub-031,Alzheimer's Disease,T5,2.613106573488677e-10,4.043572770714001e-11,4.6654097970144624e-11,1.1279109730572659e-11
sub-031,Alzheimer's Disease,T6,2.593826829784057e-10,3.798612341629727e-11,3.6426456430831264e-11,1.0745864123425996e-11
sub-031,Alzheimer's Disease,Fz,2.5879762842881733e-10,3.697908828716891e-11,1.645653805275907e-11,9.91803274522487e-12
sub-031,Alzheimer's Disease,Cz,2.573193933504792e-10,3.4353815457745674e-11,1.3753819822469414e-11,8.980846906097472e-12
sub-031,Alzheimer's Disease,Pz,2.576892601569327e-10,3.58097750351242e-11,1.984466770798555e-11,1.0093483865158643e-11
sub-032,Alzheimer's Disease,Fp1,2.731771957444023e-10,4.707293310564431e-11,1.7236782724609235e-11,1.870966183730877e-11
sub-032,Alzheimer's Disease,Fp2,2.726374562689833e-10,4.907636928842248e-11,1.738509488320931e-11,1.661564347256648e-11
sub-032,Alzheimer's Disease,F3,2.772235502190837e-10,4.862174714151162e-11,1.663820430805033e-11,1.4544046344750255e-11
sub-032,Alzheimer's Disease,F4,2.790443649326736e-10,5.0720886175343415e-11,1.6549254346565328e-11,1.5586292105519766e-11
sub-032,Alzheimer's Disease,C3,2.75609758328266e-10,4.196354285758247e-11,1.4788265438733635e-11,1.3184030905743637e-11
sub-032,Alzheimer's Disease,C4,2.7783044675551304e-10,4.3508045452683537e-11,1.4267673818095843e-11,1.3423579337589162e-11
sub-032,Alzheimer's Disease,P3,2.783484901305019e-10,4.4363824416971174e-11,1.6582237645322475e-11,1.5452050906023446e-11
sub-032,Alzheimer's Disease,P4,2.8181685502838834e-10,4.8689828284436755e-11,1.9584740738585105e-11,1.702354388210197e-11
sub-032,Alzheimer's Disease,O1,2.8501304973166036e-10,5.780000347757183e-11,2.5203885821525826e-11,2.132255294545215e-11
sub-032,Alzheimer's Disease,O2,2.891323211500599e-10,6.069588247289825e-11,3.213606114729784e-11,2.3227260137503075e-11
sub-032,Alzheimer's Disease,F7,2.8348755319254893e-10,5.242616136583952e-11,1.9752411955410257e-11,1.5321504085320075e-11
sub-032,Alzheimer's Disease,F8,2.895184111479261e-10,5.454818731642293e-11,2.1139984849731674e-11,1.7325614778330254e-11
sub-032,Alzheimer's Disease,T3,2.8238194902702525e-10,5.648794234566825e-11,2.293624574587143e-11,1.7182877750664628e-11
sub-032,Alzheimer's Disease,T4,2.864914181485811e-10,5.7679632159264323e-11,2.32598965524164e-11,1.7707809645464352e-11
sub-032,Alzheimer's Disease,T5,2.8256963311745647e-10,5.454010490360004e-11,2.2794932786130906e-11,1.924131397094933e-11
sub-032,Alzheimer's Disease,T6,2.8885639169836183e-10,6.423398798970672e-11,3.278274386563211e-11,2.2723924581606926e-11
sub-032,Alzheimer's Disease,Fz,2.7805058738037693e-10,5.397795423764904e-11,1.7824785981534666e-11,1.5484976358923278e-11
sub-032,Alzheimer's Disease,Cz,2.775992584563573e-10,4.1275972004706735e-11,1.377208509856273e-11,1.3020923979762274e-11
sub-032,Alzheimer's Disease,Pz,2.81322457949746e-10,4.526339216485144e-11,1.657760162496625e-11,1.4909789675947706e-11
sub-033,Alzheimer's Disease,Fp1,2.382555637524591e-10,3.5156823074716135e-11,1.738153496828289e-11,2.7239319651738676e-11
sub-033,Alzheimer's Disease,Fp2,2.349226792738345e-10,3.418758161597919e-11,1.5486139199258016e-11,2.567549086179643e-11
sub-033,Alzheimer's Disease,F3,2.3422119109156157e-10,3.5106265311922433e-11,1.4763196108827874e-11,2.3544691327340433e-11
sub-033,Alzheimer's Disease,F4,2.377666929064349e-10,3.49867644531528e-11,1.3951192128470635e-11,2.678196337225669e-11
sub-033,Alzheimer's Disease,C3,2.2822712823296683e-10,3.189396255373261e-11,1.249337123383832e-11,1.220300571173011e-11
sub-033,Alzheimer's Disease,C4,2.3256343692425113e-10,3.224028083407455e-11,1.325940369486978e-11,1.2301656325678897e-11
sub-033,Alzheimer's Disease,P3,2.3179882956916148e-10,3.269134999628014e-11,1.5809906528458777e-11,1.4105441181399402e-11
sub-033,Alzheimer's Disease,P4,2.3788868166519564e-10,3.412826482301733e-11,1.6859329446424266e-11,1.4409109871364746e-11
sub-033,Alzheimer's Disease,O1,2.371396307011935e-10,3.655615644729651e-11,2.0514851424269884e-11,1.8046129880881498e-11
sub-033,Alzheimer's Disease,O2,2.4093570755212086e-10,3.625579133883306e-11,1.6703317512811603e-11,1.5100142750766142e-11
sub-033,Alzheimer's Disease,F7,2.529937819357535e-10,3.960355738546931e-11,2.919912383168244e-11,2.136781576224769e-11
sub-033,Alzheimer's Disease,F8,2.484977845360352e-10,3.564870208545237e-11,1.9288683719713522e-11,2.6978233831911473e-11
sub-033,Alzheimer's Disease,T3,2.385612394704054e-10,3.7569834239089306e-11,3.26827646025339e-11,2.168629051111203e-11
sub-033,Alzheimer's Disease,T4,2.424250315161729e-10,3.762941976298673e-11,2.6377815390716493e-11,2.0441073999216866e-11
sub-033,Alzheimer's Disease,T5,2.3361087898101293e-10,3.6135195551624316e-11,2.5389577506327823e-11,1.8246770538722297e-11
sub-033,Alzheimer's Disease,T6,2.393016106351566e-10,3.65873861347585e-11,2.1763674559880518e-11,1.7506461616081324e-11
sub-033,Alzheimer's Disease,Fz,2.3422227142144477e-10,3.888282181661353e-11,1.4541201937873933e-11,2.0630986076408532e-11
sub-033,Alzheimer's Disease,Cz,2.334311297684593e-10,3.402326634901979e-11,1.1972977089783269e-11,1.315494718908482e-11
sub-033,Alzheimer's Disease,Pz,2.342963714962568e-10,3.3389849446262115e-11,1.2309324271301411e-11,1.1189797407740249e-11
sub-034,Alzheimer's Disease,Fp1,2.6851962080268493e-10,3.4491708136475843e-11,1.054495126114264e-11,9.151455724457692e-12
sub-034,Alzheimer's Disease,Fp2,2.702748549624139e-10,3.464743290149078e-11,1.03560003598761e-11,8.579253163898254e-12
sub-034,Alzheimer's Disease,F3,2.756024316880384e-10,3.730879199843625e-11,1.1154865668286733e-11,1.0177346755303678e-11
sub-034,Alzheimer's Disease,F4,2.711410404770347e-10,3.6072267222735946e-11,1.0973196542932007e-11,9.340755263581929e-12
sub-034,Alzheimer's Disease,C3,2.703162462266292e-10,3.488119050606318e-11,1.0710186335803025e-11,9.75374519734891e-12
sub-034,Alzheimer's Disease,C4,2.698232333396033e-10,3.460462511654678e-11,1.0811523134279363e-11,9.55834957080944e-12
sub-034,Alzheimer's Disease,P3,2.7178678580054436e-10,3.6366471790788386e-11,1.1560612491267693e-11,1.1275487818725264e-11
sub-034,Alzheimer's Disease,P4,2.724300088571955e-10,3.676763947122749e-11,1.2378618096637759e-11,1.136098823747901e-11
sub-034,Alzheimer's Disease,O1,2.759482764066767e-10,4.11217154611402e-11,1.4999793497571198e-11,1.3172105214490964e-11
sub-034,Alzheimer's Disease,O2,2.74966298574528e-10,4.068863059081788e-11,1.502974748897421e-11,1.2725786622685172e-11
sub-034,Alzheimer's Disease,F7,2.855699132993287e-10,4.3278600744296266e-11,1.2448473881225405e-11,1.3172218803434731e-11
sub-034,Alzheimer's Disease,F8,2.726140266155788e-10,3.799080492844982e-11,1.1382022680882471e-11,9.265290662598317e-12
sub-034,Alzheimer's Disease,T3,2.790513624393745e-10,4.141453256914437e-11,1.240827415179206e-11,1.3316259159270545e-11
sub-034,Alzheimer's Disease,T4,2.7350742021378737e-10,4.2653743668160256e-11,1.2999893788792081e-11,1.0480840598733004e-11
sub-034,Alzheimer's Disease,T5,2.7586109700305315e-10,4.0283688338043886e-11,1.35086544473627e-11,1.2557153529700582e-11
sub-034,Alzheimer's Disease,T6,2.7426897645302987e-10,4.23085256178071e-11,1.481351972727869e-11,1.206948987890608e-11
sub-034,Alzheimer's Disease,Fz,2.7050446478239937e-10,3.541224082843453e-11,1.0727217584302273e-11,8.951154332653478e-12
sub-034,Alzheimer's Disease,Cz,2.701726328723065e-10,3.470904401329594e-11,1.0315088846083258e-11,8.378041630674435e-12
sub-034,Alzheimer's Disease,Pz,2.7139841971976807e-10,3.6160831241212965e-11,1.1026143665485495e-11,9.989227098470395e-12
sub-035,Alzheimer's Disease,Fp1,2.557656712208982e-10,4.0703915422943125e-11,1.3696685610564489e-11,1.1586887816618607e-11
sub-035,Alzheimer's Disease,Fp2,2.607834148108695e-10,4.3571423735439043e-11,1.5461687242213934e-11,1.2535187171340633e-11
sub-035,Alzheimer's Disease,F3,2.512895367028005e-10,3.9069048606393364e-11,1.2991499312091083e-11,1.0019675550336824e-11
sub-035,Alzheimer's Disease,F4,2.513954421555487e-10,3.865784954375303e-11,1.335835916803048e-11,1.0299609551209708e-11
sub-035,Alzheimer's Disease,C3,2.4083324853538717e-10,3.563209218223209e-11,1.0450398822951463e-11,8.125224557342507e-12
sub-035,Alzheimer's Disease,C4,2.388709726179795e-10,3.432319210313178e-11,1.0500958973947684e-11,8.341052455587263e-12
sub-035,Alzheimer's Disease,P3,2.4752118997815066e-10,3.668234428389019e-11,1.1504616710819535e-11,9.319315864922016e-12
sub-035,Alzheimer's Disease,P4,2.497399759888426e-10,3.570765972827707e-11,1.1416406168608345e-11,8.696050553281221e-12
sub-035,Alzheimer's Disease,O1,2.5481154362274896e-10,3.8260735368992214e-11,1.2602220141753401e-11,1.1166968781266733e-11
sub-035,Alzheimer's Disease,O2,2.567195164619267e-10,3.804108298377486e-11,1.2368028301236151e-11,9.625631469476399e-12
sub-035,Alzheimer's Disease,F7,2.740794549125415e-10,5.3073415364403915e-11,1.833224007456145e-11,1.2589993379275489e-11
sub-035,Alzheimer's Disease,F8,2.700106606343319e-10,5.0539918098745234e-11,1.69845326866871e-11,1.320649274864361e-11
sub-035,Alzheimer's Disease,T3,2.57134971241402e-10,4.5997387273386986e-11,1.5434839961432543e-11,1.6586484935648196e-11
sub-035,Alzheimer's Disease,T4,2.5551835388133006e-10,4.390338564476414e-11,1.524434133945449e-11,1.6446265241288935e-11
sub-035,Alzheimer's Disease,T5,2.531156685329505e-10,3.990875397725699e-11,1.3249777770326227e-11,1.2811925881140344e-11
sub-035,Alzheimer's Disease,T6,2.63182310573321e-10,3.862199241324123e-11,1.2935614105668678e-11,1.0935376347448085e-11
sub-035,Alzheimer's Disease,Fz,2.4624529565064195e-10,3.8742082565490936e-11,1.3685054406968457e-11,8.997701724368585e-12
sub-035,Alzheimer's Disease,Cz,2.3786046534238737e-10,3.5040896211460836e-11,1.0912220569744667e-11,7.941691814746457e-12
sub-035,Alzheimer's Disease,Pz,2.454861824583901e-10,3.5635130705609005e-11,1.1103525039852426e-11,8.153856873589495e-12
sub-036,Alzheimer's Disease,Fp1,2.254106248828253e-10,3.689498815364245e-11,3.312452590185384e-11,2.5708426014508073e-11
sub-036,Alzheimer's Disease,Fp2,2.2665097916999796e-10,3.843160029258472e-11,3.2332634168305943e-11,2.695477558065949e-11
sub-036,Alzheimer's Disease,F3,2.2721497415753678e-10,3.6891164274783714e-11,3.1134073925351486e-11,2.8981165478342968e-11
sub-036,Alzheimer's Disease,F4,2.2634300584841407e-10,3.752784365201355e-11,2.847442454158894e-11,2.8085588202197705e-11
sub-036,Alzheimer's Disease,C3,2.2563962461669732e-10,3.6306880040180476e-11,3.382895735671453e-11,2.3299788441394128e-11
sub-036,Alzheimer's Disease,C4,2.259234512567689e-10,3.5722373148155764e-11,3.456392099270332e-11,2.2530794854482754e-11
sub-036,Alzheimer's Disease,P3,2.2678022716889405e-10,3.83093364292218e-11,4.2837338531134234e-11,3.3004467945678005e-11
sub-036,Alzheimer's Disease,P4,2.286667336271904e-10,4.133047945264635e-11,4.8393909366587695e-11,2.8559740921459823e-11
sub-036,Alzheimer's Disease,O1,2.2688625488011934e-10,4.102293728564508e-11,4.4658833202859895e-11,3.256596060181322e-11
sub-036,Alzheimer's Disease,O2,2.3088611757628274e-10,4.407794111118151e-11,4.508646970099106e-11,2.8622128997314127e-11
sub-036,Alzheimer's Disease,F7,2.3703823311687105e-10,4.114466635179948e-11,4.3388593250420245e-11,2.8887609910913963e-11
sub-036,Alzheimer's Disease,F8,2.3190171774725555e-10,4.239596023792191e-11,4.1808053718088514e-11,3.0039445041247765e-11
sub-036,Alzheimer's Disease,T3,2.334555179149517e-10,4.6074062212413126e-11,6.0287401773906e-11,3.630643419935138e-11
sub-036,Alzheimer's Disease,T4,2.3185758887735924e-10,4.4701462862556234e-11,5.261025930155805e-11,3.138626330864153e-11
sub-036,Alzheimer's Disease,T5,2.228300298008025e-10,4.0903513991517245e-11,4.4420688224448994e-11,2.9840225895082814e-11
sub-036,Alzheimer's Disease,T6,2.2824972440036936e-10,4.7213182545910045e-11,6.486107226804458e-11,3.832044658872346e-11
sub-036,Alzheimer's Disease,Fz,2.2575643375570193e-10,3.9370849057588865e-11,3.002618506651852e-11,2.9212857740927e-11
sub-036,Alzheimer's Disease,Cz,2.3082247956301405e-10,3.769193292500326e-11,2.7019591910597723e-11,2.5450030980190535e-11
sub-036,Alzheimer's Disease,Pz,2.2839458404769915e-10,3.796196687986985e-11,3.24912187038985e-11,2.3420276779293837e-11
sub-037,Control,Fp1,2.6800467902424867e-10,4.52829584435542e-11,3.703485416877571e-11,1.5186849489588864e-11
sub-037,Control,Fp2,2.59483948688696e-10,4.357134246299062e-11,3.4917458136238004e-11,1.4144559459858932e-11
sub-037,Control,F3,2.5361460989229646e-10,3.8217804261434805e-11,2.2978608193029393e-11,1.280400982077822e-11
sub-037,Control,F4,2.511643371348318e-10,3.8640971401943144e-11,2.493266510376118e-11,1.0592138049052575e-11
sub-037,Control,C3,2.4186392092857064e-10,3.395180007314934e-11,1.4048788466356247e-11,9.800484789438732e-12
sub-037,Control,C4,2.4212823172933646e-10,3.4808137746261505e-11,1.528737068413674e-11,9.849373853018446e-12
sub-037,Control,P3,2.4372328406762395e-10,4.946462550178848e-11,6.996559273551102e-11,1.1878223674035334e-11
sub-037,Control,P4,2.4181090571896793e-10,4.417546534568913e-11,4.347276046606779e-11,1.2106097262539843e-11
sub-037,Control,O1,2.4824986275662493e-10,7.106075182442893e-11,1.3366308144043456e-10,1.6936325403139273e-11
sub-037,Control,O2,2.484682645713158e-10,6.247948248352439e-11,1.1667433398386737e-10,1.5888005438359818e-11
sub-037,Control,F7,2.536783349998269e-10,4.1379882954903593e-11,2.8978641744398707e-11,1.471659453260909e-11
sub-037,Control,F8,2.604996524270001e-10,4.374926740232238e-11,3.390517518754104e-11,1.3481495042753963e-11
sub-037,Control,T3,2.4874927801554433e-10,4.1049061005240884e-11,2.3497468199862237e-11,1.450129149863686e-11
sub-037,Control,T4,2.5716487465297713e-10,4.080770393566279e-11,2.527532039791711e-11,1.3657461663075596e-11
sub-037,Control,T5,2.469210935375043e-10,6.165702143238685e-11,8.6043285157658e-11,1.6007154206613047e-11
sub-037,Control,T6,2.453640754542385e-10,5.278468013712097e-11,6.338168259528307e-11,1.5059982844284407e-11
sub-037,Control,Fz,2.4640463659710706e-10,3.976859774263505e-11,2.7729017949560477e-11,1.208940800160529e-11
sub-037,Control,Cz,2.505291344357094e-10,3.7745953462623966e-11,1.8948933169535104e-11,1.0685607480816247e-11
sub-037,Control,Pz,2.453679164558205e-10,5.056637172485141e-11,7.47457482482982e-11,1.0947746498433618e-11
sub-038,Control,Fp1,2.2916053627179628e-10,3.2822688552569474e-11,1.2858521416590866e-11,1.0996064083508728e-11
sub-038,Control,Fp2,2.2659923262194226e-10,3.25000201396055e-11,1.3165353904268699e-11,1.1957785053676882e-11
sub-038,Control,F3,2.3209825839310592e-10,3.4043983444967256e-11,1.314135579840801e-11,1.509419724347825e-11
sub-038,Control,F4,2.335767483792887e-10,3.431495561918381e-11,1.3123948897247754e-11,1.68295955048718e-11
sub-038,Control,C3,2.2675093789568976e-10,3.243241722628449e-11,1.1636123174887216e-11,1.3298942356155659e-11
sub-038,Control,C4,2.265914398314311e-10,3.215724848736069e-11,1.1205314118401772e-11,1.270692143066038e-11
sub-038,Control,P3,2.42018921294721e-10,3.465215052700857e-11,1.664905242181528e-11,1.4326920278336408e-11
sub-038,Control,P4,2.3244540308217106e-10,3.341004891249503e-11,1.8933489850155125e-11,1.3684399458031353e-11
sub-038,Control,O1,2.3246451640802706e-10,3.5833451645805575e-11,3.6574133913034526e-11,1.5626870479560624e-11
sub-038,Control,O2,2.3936878815448515e-10,3.771785499712027e-11,5.103352705999562e-11,1.67442347146797e-11
sub-038,Control,F7,2.34490744821752e-10,3.447963728687112e-11,1.6587173756471302e-11,1.4980212396797718e-11
sub-038,Control,F8,2.357473203807153e-10,3.520786715788976e-11,1.7037122165700652e-11,1.6197155044971863e-11
sub-038,Control,T3,2.3313446880979366e-10,3.4449202668101624e-11,1.6855706169428804e-11,1.4289150611209746e-11
sub-038,Control,T4,2.3625114063931295e-10,3.4575013799040156e-11,1.6223066391901976e-11,1.533638603497439e-11
sub-038,Control,T5,2.321341093609477e-10,3.534384307934135e-11,3.112762911803685e-11,1.691776902308672e-11
sub-038,Control,T6,2.354193269092518e-10,3.582560959821933e-11,3.286965914950868e-11,1.62766445188801e-11
sub-038,Control,Fz,2.3159982563347906e-10,3.4607236895201533e-11,1.2628234594973666e-11,1.5128616872142615e-11
sub-038,Control,Cz,2.2872878859845441e-10,3.2721687665183625e-11,1.0612661380553657e-11,1.1137017220244819e-11
sub-038,Control,Pz,2.320711652464923e-10,3.3177133028105763e-11,1.5925323055201447e-11,1.1837269317130032e-11
sub-039,Control,Fp1,2.184675547119894e-10,3.890466955639867e-11,5.5423775385345916e-11,1.5852456986723155e-11
sub-039,Control,Fp2,2.1601385382453496e-10,3.854467744418127e-11,5.417112952420983e-11,1.5293372845249938e-11
sub-039,Control,F3,2.1756589864630486e-10,4.0040487642724074e-11,4.4870792266428155e-11,1.855488423367825e-11
sub-039,Control,F4,2.179146318742209e-10,4.0148049200617926e-11,4.782699546401774e-11,1.907517086913239e-11
sub-039,Control,C3,2.1590630970296674e-10,3.545033872949523e-11,3.151089519733482e-11,1.3131640370570366e-11
sub-039,Control,C4,2.1474825454121512e-10,3.5179021343809465e-11,2.912388781047626e-11,1.3240530636976785e-11
sub-039,Control,P3,2.1932141717471206e-10,4.250038931850142e-11,7.52593178721605e-11,1.7650850562874123e-11
sub-039,Control,P4,2.1610979893857885e-10,3.760687827649354e-11,4.6067488696171643e-11,1.459809064878786e-11
sub-039,Control,O1,2.251975015069976e-10,5.3620727940113557e-11,1.2594151290530728e-10,2.0270421733030662e-11
sub-039,Control,O2,2.249834129197181e-10,4.9577410908681e-11,1.0642749822000787e-10,2.033401187428595e-11
sub-039,Control,F7,2.2713328487343943e-10,4.143598797232053e-11,5.724510799564687e-11,2.091057111616009e-11
sub-039,Control,F8,2.3066577983502675e-10,4.150688984787407e-11,5.7778543083581824e-11,2.0447525657961e-11
sub-039,Control,T3,2.2282062771352162e-10,4.2058136898054395e-11,5.544188742227093e-11,1.714972590136544e-11
sub-039,Control,T4,2.2078636077824736e-10,4.0165909356921596e-11,5.1469156355383256e-11,1.8213047363322846e-11
sub-039,Control,T5,2.247788457902425e-10,5.145003862360262e-11,1.0787208181321732e-10,1.9933135273563113e-11
sub-039,Control,T6,2.2212825335718277e-10,4.571658179937961e-11,9.65790208000336e-11,1.933488069354556e-11
sub-039,Control,Fz,2.2456802068860237e-10,4.1553993642304646e-11,5.1855669657936076e-11,1.6827314227360148e-11
sub-039,Control,Cz,2.153767669373634e-10,3.4786617457723755e-11,1.912558001983316e-11,1.2889774386464315e-11
sub-039,Control,Pz,2.182865066121721e-10,4.170896154124521e-11,7.092052116901638e-11,1.509530825689196e-11
sub-040,Control,Fp1,2.2469637735513178e-10,3.395171720527096e-11,2.0137447243740362e-11,1.087804334083497e-11
sub-040,Control,Fp2,2.2675760808566972e-10,3.434285268164629e-11,2.0086725084295903e-11,1.4076245800388157e-11
sub-040,Control,F3,2.3332357159936504e-10,3.4743993809017e-11,2.135177734612021e-11,1.194326107604222e-11
sub-040,Control,F4,2.284096496768124e-10,3.4322354025280145e-11,2.039912222551058e-11,1.2244064720372097e-11
sub-040,Control,C3,2.2792469519218125e-10,3.354019249992013e-11,1.386614971011824e-11,1.1142870001921979e-11
sub-040,Control,C4,2.2505262288873421e-10,3.326517621502509e-11,1.4515182033914208e-11,1.1185787375926526e-11
sub-040,Control,P3,2.3182379639533748e-10,3.607987142715103e-11,3.5116676689672807e-11,1.332139993790197e-11
sub-040,Control,P4,2.2986702039375913e-10,3.5642072539763163e-11,3.657003720052357e-11,1.4148146238324913e-11
sub-040,Control,O1,2.391997903259224e-10,4.247059662859028e-11,8.986950555932458e-11,1.9537817892847054e-11
sub-040,Control,O2,2.342841007726956e-10,4.227796966210217e-11,9.468891005533537e-11,2.13432885257846e-11
sub-040,Control,F7,2.3850037591448463e-10,3.73510858567838e-11,2.89388244181957e-11,1.4981738682144662e-11
sub-040,Control,F8,2.35564282651435e-10,3.749603739250125e-11,2.7771011026186374e-11,1.593227285570758e-11
sub-040,Control,T3,2.3191239996086523e-10,3.71158391735946e-11,2.983678026054053e-11,1.53756425848043e-11
sub-040,Control,T4,2.2853144328491458e-10,3.671329988339925e-11,2.8433434962284853e-11,2.0739337544951524e-11
sub-040,Control,T5,2.3329499982546863e-10,3.955445525790879e-11,6.03795737237222e-11,1.6381497961989453e-11
sub-040,Control,T6,2.328713325598715e-10,4.018453756630608e-11,6.142864989692251e-11,1.7753687001311013e-11
sub-040,Control,Fz,2.2682931255989537e-10,3.377029313278526e-11,1.9403462939021626e-11,9.746462319291413e-12
sub-040,Control,Cz,2.2848039586014557e-10,3.3604830606414355e-11,1.313395552106613e-11,1.0232404121806728e-11
sub-040,Control,Pz,2.3150490106552447e-10,3.5588055204917684e-11,3.994959511707438e-11,1.3174229116148611e-11
sub-041,Control,Fp1,2.6249799764862564e-10,3.390348963092454e-11,1.261702873347932e-11,1.3949414990704425e-11
sub-041,Control,Fp2,2.6019748464783944e-10,3.3173003657264953e-11,1.1828068074267066e-11,1.1865337267349133e-11
sub-041,Control,F3,2.5817210945803425e-10,3.324640143638586e-11,1.1861083354257516e-11,1.2866100341988031e-11
sub-041,Control,F4,2.5945513376488146e-10,3.3179863768390664e-11,1.171075295323166e-11,1.3373604298474205e-11
sub-041,Control,C3,2.532442270656062e-10,3.224308536734879e-11,1.0184503208265333e-11,9.322862507572106e-12
sub-041,Control,C4,2.560112014740861e-10,3.222894108987791e-11,1.0603403175465903e-11,9.291635941259302e-12
sub-041,Control,P3,2.5293463439893313e-10,3.312626890313166e-11,1.6841219402580994e-11,1.5274241511842045e-11
sub-041,Control,P4,2.5397955189735954e-10,3.275489375313961e-11,1.76557859460476e-11,1.4806852146140445e-11
sub-041,Control,O1,2.5491875091756023e-10,3.4088205746803666e-11,2.716179199928909e-11,2.5127623942670774e-11
sub-041,Control,O2,2.5497491014575424e-10,3.4355674305636446e-11,3.636713271695056e-11,3.8836860114019165e-11
sub-041,Control,F7,2.5974575535680743e-10,3.361307056681405e-11,1.2141444776121738e-11,1.3705060379031364e-11
sub-041,Control,F8,2.5897660677690777e-10,3.298183712581766e-11,1.2045950171433354e-11,1.1854241329520984e-11
sub-041,Control,T3,2.545426853034108e-10,3.2833080113132826e-11,1.3894788277278008e-11,1.5865465044888034e-11
sub-041,Control,T4,2.5621307898964066e-10,3.310898804287172e-11,1.5597069693623176e-11,1.89247484267045e-11
sub-041,Control,T5,2.531417085594248e-10,3.3668197230422855e-11,2.7487539421505153e-11,2.0909765465325893e-11
sub-041,Control,T6,2.542405314311817e-10,3.3557513361859326e-11,3.017962408033695e-11,2.0144744201634602e-11
sub-041,Control,Fz,2.5868023763476913e-10,3.388627238887189e-11,1.2531013204208896e-11,1.36915494290918e-11
sub-041,Control,Cz,2.6022116085539125e-10,3.327917342525772e-11,1.0987533214156329e-11,1.0418422715341789e-11
sub-041,Control,Pz,2.5596418142995775e-10,3.294659335796912e-11,1.7766487478528746e-11,1.3154712665687526e-11
sub-042,Control,Fp1,2.48607971859275e-10,3.127284474339771e-11,1.2994363148452203e-11,9.559684324637663e-12
sub-042,Control,Fp2,2.509483257048308e-10,3.145334124800311e-11,1.5431076022690494e-11,9.134513627621098e-12
sub-042,Control,F3,2.546976643011798e-10,3.31218112563441e-11,1.550944559490402e-11,1.263584796552307e-11
sub-042,Control,F4,2.5310050337919063e-10,3.214167197914902e-11,1.7542035481433867e-11,1.0932350732394208e-11
sub-042,Control,C3,2.479282627900374e-10,3.212824974308174e-11,1.5180491825823547e-11,1.0722786685214181e-11
sub-042,Control,C4,2.4754760045410034e-10,3.1361491143604826e-11,1.5073822808012126e-11,1.0745795072988336e-11
sub-042,Control,P3,2.4924067871907726e-10,3.295076583257148e-11,3.2509701340507085e-11,1.6740056148730233e-11
sub-042,Control,P4,2.4926885000976523e-10,3.227603859284379e-11,2.539256345235974e-11,1.6283804802127173e-11
sub-042,Control,O1,2.5309153685496396e-10,3.636869178927969e-11,5.232211885009256e-11,2.2819823634908224e-11
sub-042,Control,O2,2.5514817151447703e-10,3.7314936370525007e-11,7.3876333288207e-11,2.4713091359071852e-11
sub-042,Control,F7,2.5546242664497553e-10,3.367983049567824e-11,1.9240036753035966e-11,1.2505137270776521e-11
sub-042,Control,F8,2.5773620984716975e-10,3.379044012533743e-11,1.9910922790306935e-11,1.2572025776194868e-11
sub-042,Control,T3,2.5498097070518043e-10,3.4822022233114935e-11,3.059599831380754e-11,1.858924725782272e-11
sub-042,Control,T4,2.592869881219165e-10,3.510687253486961e-11,2.5776723016734124e-11,1.7262683720139323e-11
sub-042,Control,T5,2.522143611078014e-10,3.689538462086227e-11,8.148212139603407e-11,2.7660470951874605e-11
sub-042,Control,T6,2.520879679260783e-10,3.4800082868053236e-11,4.641048949870037e-11,2.056767613743994e-11
sub-042,Control,Fz,2.538710086225789e-10,3.32513202530224e-11,1.9807223557848062e-11,1.0313343066164402e-11
sub-042,Control,Cz,2.5286896107724966e-10,3.220936318892376e-11,1.5570478655369392e-11,9.651818918160944e-12
sub-042,Control,Pz,2.51907818335904e-10,3.2868434819036864e-11,1.8648575241725148e-11,1.3865771003538522e-11
sub-043,Control,Fp1,2.497986664404758e-10,3.320542088781251e-11,1.0055596692708425e-11,9.221285203119272e-12
sub-043,Control,Fp2,2.554816556899239e-10,3.440269574496467e-11,1.0791020718854057e-11,1.0733832638139554e-11
sub-043,Control,F3,2.5397320688182494e-10,3.4151364696253695e-11,1.0343803656560483e-11,1.0105709543287377e-11
sub-043,Control,F4,2.549521489009063e-10,3.4275471798021526e-11,1.0330930071539467e-11,1.0230885506749568e-11
sub-043,Control,C3,2.5498856237598957e-10,3.374608958444057e-11,1.005243895895425e-11,8.738654470148057e-12
sub-043,Control,C4,2.5519344602265375e-10,3.3322611707914425e-11,9.882880884084421e-12,8.640429913352763e-12
sub-043,Control,P3,2.635257604941841e-10,3.666067789487163e-11,1.3157847132332979e-11,1.0305557476559917e-11
sub-043,Control,P4,2.542905152985614e-10,3.47888241986158e-11,1.2816683361978041e-11,9.537962070287856e-12
sub-043,Control,O1,2.551697891931549e-10,3.568761535103412e-11,1.6757995911637632e-11,1.0984175719253334e-11
sub-043,Control,O2,2.6607880490151694e-10,3.684890643538749e-11,1.7905927904105205e-11,1.1167397248203377e-11
sub-043,Control,F7,2.545133178954883e-10,3.4825883638260024e-11,1.2631973531771561e-11,1.4233178693191827e-11
sub-043,Control,F8,2.6672377827542667e-10,3.657137887512316e-11,1.234728582260719e-11,1.1707704806453631e-11
sub-043,Control,T3,2.5400189623707065e-10,3.522343039255985e-11,1.4443389111852699e-11,2.662116089724659e-11
sub-043,Control,T4,2.536282659010443e-10,3.444298815796259e-11,1.2792295366765779e-11,1.3218223481273336e-11
sub-043,Control,T5,2.547433493917129e-10,3.5831109280065734e-11,1.728819154696699e-11,1.1170956896534585e-11
sub-043,Control,T6,2.7152463985275927e-10,3.5454039188258504e-11,1.7135042835709222e-11,1.0443180728920261e-11
sub-043,Control,Fz,2.592108367670624e-10,3.507458821919291e-11,1.0741528475750871e-11,1.0079973975647427e-11
sub-043,Control,Cz,2.5836721599776357e-10,3.409330045527631e-11,1.0075085800909404e-11,8.936256876099446e-12
sub-043,Control,Pz,2.5788978068996306e-10,3.428522995907939e-11,1.1125828443983546e-11,8.982928121262214e-12
sub-044,Control,Fp1,2.724059096567539e-10,3.956601800896365e-11,2.331853235988127e-11,1.2731117971539395e-11
sub-044,Control,Fp2,2.770123823141966e-10,4.1065464588661705e-11,3.2930515472641964e-11,1.434557949992892e-11
sub-044,Control,F3,2.6475310311134216e-10,3.832826710206188e-11,2.0359094586856606e-11,1.129354115734935e-11
sub-044,Control,F4,2.672468388167007e-10,4.018294398749902e-11,3.902120159045321e-11,1.3293688492393312e-11
sub-044,Control,C3,2.6245115852492765e-10,3.6475605506749405e-11,1.3224946696054327e-11,9.578841205125503e-12
sub-044,Control,C4,2.580240159538223e-10,3.5810470456096536e-11,1.361527204789531e-11,9.732695879542594e-12
sub-044,Control,P3,2.6377017994955836e-10,3.801951525247059e-11,4.293976350117117e-11,1.535197135728276e-11
sub-044,Control,P4,2.61694979677385e-10,3.7342798243615544e-11,3.564398329704177e-11,1.3968006748062067e-11
sub-044,Control,O1,2.735317603723785e-10,4.094305715299574e-11,1.088322890862436e-10,2.0635224526929642e-11
sub-044,Control,O2,2.7136376810661566e-10,4.0588663874284e-11,9.44047035120933e-11,1.9600785678528863e-11
sub-044,Control,F7,2.752271539730336e-10,4.024804081461771e-11,2.0556423226724174e-11,1.234433892328233e-11
sub-044,Control,F8,2.74626592436772e-10,4.0390486295980854e-11,2.6494134810735705e-11,1.3261473049381314e-11
sub-044,Control,T3,2.686087663324053e-10,4.0411568575529135e-11,3.024013848823843e-11,1.544407738539714e-11
sub-044,Control,T4,2.660128116207251e-10,3.895351419468627e-11,2.2710646459113755e-11,1.3023767233695481e-11
sub-044,Control,T5,2.6761370316220277e-10,4.070999505109605e-11,8.349999802056281e-11,1.9522198898393296e-11
sub-044,Control,T6,2.649506185658025e-10,3.93715049566711e-11,5.312883765594234e-11,1.669964125084242e-11
sub-044,Control,Fz,2.6633594029619626e-10,3.9095659001455225e-11,2.7643865739520033e-11,1.2567158080708424e-11
sub-044,Control,Cz,2.6754859581766893e-10,3.761462316261458e-11,1.637208942500915e-11,9.866470486549491e-12
sub-044,Control,Pz,2.685003276454893e-10,3.7878621200299286e-11,4.3536751367690375e-11,1.4949000349459325e-11
sub-045,Control,Fp1,2.5167769460434046e-10,3.53016080376854e-11,1.393318740025858e-11,1.0337575092446884e-11
sub-045,Control,Fp2,2.5784417841677834e-10,3.6251173388089416e-11,1.4262466791045776e-11,1.052817174185555e-11
sub-045,Control,F3,2.5487447255761436e-10,3.617960199586858e-11,1.4206432113910112e-11,1.1307161846424062e-11
sub-045,Control,F4,2.564930762227835e-10,3.582245660850835e-11,1.3410227010186552e-11,1.0812413771696267e-11
sub-045,Control,C3,2.490879130246394e-10,3.446753413776637e-11,1.2846101564010051e-11,9.855938271018121e-12
sub-045,Control,C4,2.4947580872848205e-10,3.4268143508512043e-11,1.2444300593062041e-11,9.458536478331085e-12
sub-045,Control,P3,2.5224022174668657e-10,3.6220151471387014e-11,1.701606519078665e-11,1.2963003769894377e-11
sub-045,Control,P4,2.507139042468784e-10,3.552685253901825e-11,1.6811801229747235e-11,1.1744580328088852e-11
sub-045,Control,O1,2.59552572931784e-10,4.102582348636526e-11,2.3537900696665632e-11,1.5589766995550217e-11
sub-045,Control,O2,2.591373451408666e-10,4.1321482701732e-11,2.5721986082561167e-11,1.5263905941999285e-11
sub-045,Control,F7,2.554824614140848e-10,3.745190664599976e-11,1.5836324487111474e-11,1.27866492859897e-11
sub-045,Control,F8,2.628548664253939e-10,3.7813488052284516e-11,1.5655347285982833e-11,1.2556389033728447e-11
sub-045,Control,T3,2.639093815610163e-10,4.2562303096693204e-11,2.681594380352335e-11,1.8339223721110737e-11
sub-045,Control,T4,2.631377029304936e-10,3.796714919102251e-11,1.6209563792105655e-11,1.2345865943285954e-11
sub-045,Control,T5,2.6126017093406596e-10,4.221975697289822e-11,2.5878363421372554e-11,1.8769091621684736e-11
sub-045,Control,T6,2.5837219570799884e-10,3.8611730392896774e-11,2.156131634298072e-11,1.3607075643016837e-11
sub-045,Control,Fz,2.525869800290911e-10,3.5527814633324804e-11,1.3018581904415386e-11,9.854556131198157e-12
sub-045,Control,Cz,2.475497805820039e-10,3.3903472907033606e-11,1.1123097704895086e-11,8.620101260700218e-12
sub-045,Control,Pz,2.4809306705651635e-10,3.484345280258841e-11,1.2536057679008626e-11,9.928666698209837e-12
sub-046,Control,Fp1,2.258705405840988e-10,4.557289972680765e-11,3.821666132147736e-11,2.2690191981387993e-11
sub-046,Control,Fp2,2.3095577298462928e-10,5.0666388004109724e-11,4.59270482507802e-11,3.2699857910218834e-11
sub-046,Control,F3,2.2570169030185536e-10,4.2214893913556236e-11,2.8723722218486022e-11,2.2314632581270906e-11
sub-046,Control,F4,2.2564153030206108e-10,4.663437641457053e-11,3.3096307617842385e-11,2.6955987239025955e-11
sub-046,Control,C3,2.2469165667881768e-10,4.129520093029284e-11,2.579340814905324e-11,1.7160609229220302e-11
sub-046,Control,C4,2.2336257258641827e-10,4.049879024110643e-11,2.4837374270300107e-11,1.7849623470174537e-11
sub-046,Control,P3,2.2457606001593916e-10,5.4694634322984826e-11,5.874829396005937e-11,2.6757529415964626e-11
sub-046,Control,P4,2.2570340537581832e-10,4.844941903737734e-11,5.5979570897893796e-11,2.6941208856692942e-11
sub-046,Control,O1,2.2701605193625416e-10,5.828310916728712e-11,9.710879114212431e-11,3.5794128355479606e-11
sub-046,Control,O2,2.301969010670333e-10,5.92222069527124e-11,1.0787093254730009e-10,3.786552929959589e-11
sub-046,Control,F7,2.2807321080403545e-10,4.553993910622514e-11,3.861507600406669e-11,2.937015375180029e-11
sub-046,Control,F8,2.2589109838432335e-10,4.823341348280072e-11,4.149731803042421e-11,2.6231108073033772e-11
sub-046,Control,T3,2.259432585925639e-10,4.533625431304065e-11,3.914420510132536e-11,2.8498657168874698e-11
sub-046,Control,T4,2.2951760532420127e-10,4.773382653721227e-11,4.193996137108671e-11,2.60618979612355e-11
sub-046,Control,T5,2.2509679254211542e-10,5.992239186315824e-11,8.34860892569126e-11,3.724321488345961e-11
sub-046,Control,T6,2.2697812842259187e-10,5.363397569132868e-11,7.20944164635134e-11,2.9690417593267136e-11
sub-046,Control,Fz,2.2361717603866917e-10,4.649958656463347e-11,2.916264839920348e-11,2.4145969931396928e-11
sub-046,Control,Cz,2.2921534914558553e-10,4.758845392736672e-11,2.4990466906182083e-11,3.042039238014096e-11
sub-046,Control,Pz,2.2728456800083655e-10,4.7764274768135824e-11,4.8006295344283426e-11,2.568197758864908e-11
sub-047,Control,Fp1,2.602165733378483e-10,3.9950730877104636e-11,3.2663082970431165e-11,1.3783429024344843e-11
sub-047,Control,Fp2,2.505062001013461e-10,3.7733882096935855e-11,2.868972172767285e-11,1.262785137392977e-11
sub-047,Control,F3,2.5189695168424435e-10,3.7217904673771587e-11,2.283146837384903e-11,1.239483968459003e-11
sub-047,Control,F4,2.486117568138135e-10,3.60396410003152e-11,2.0537573780565953e-11,1.1741492824874795e-11
sub-047,Control,C3,2.450120263436875e-10,3.523443265503407e-11,1.6842653473695114e-11,1.0293485807028161e-11
sub-047,Control,C4,2.4517291798401275e-10,3.4772238262518575e-11,1.6752520916919596e-11,1.0588618514958301e-11
sub-047,Control,P3,2.49933089214577e-10,3.730892466221253e-11,3.1525517112727176e-11,1.3805718235970507e-11
sub-047,Control,P4,2.449556467657453e-10,3.629952879028274e-11,2.8300204505745022e-11,1.232444950608745e-11
sub-047,Control,O1,2.6498391909453903e-10,4.090264815176095e-11,6.897331259628247e-11,1.89689514724407e-11
sub-047,Control,O2,2.5029275053931516e-10,4.039513747530015e-11,7.356749077624701e-11,1.8035894678913494e-11
sub-047,Control,F7,2.5341861308374944e-10,3.8971658624220336e-11,3.182136844290117e-11,1.4542707350473223e-11
sub-047,Control,F8,2.4748486699863676e-10,3.783224370604395e-11,2.874437929521705e-11,1.2789599709899578e-11
sub-047,Control,T3,2.4800780647258875e-10,3.857026890837302e-11,3.4708160384768025e-11,1.800748467690385e-11
sub-047,Control,T4,2.467360504899101e-10,3.638594847701954e-11,2.4643339860049772e-11,1.3079737597140708e-11
sub-047,Control,T5,2.494019690860503e-10,4.093343321716706e-11,6.162740563115069e-11,2.168028494539417e-11
sub-047,Control,T6,2.4763097709807285e-10,3.936957472508307e-11,5.7824960006812034e-11,1.7546628356896496e-11
sub-047,Control,Fz,2.569169046965918e-10,3.7621299642255593e-11,2.095310220195129e-11,1.2207547139658876e-11
sub-047,Control,Cz,2.4493461497079053e-10,3.4522232069335374e-11,1.3296794548185209e-11,9.505825450613915e-12
sub-047,Control,Pz,2.450408752184004e-10,3.649976195962019e-11,2.6333259121850808e-11,1.1479221130428852e-11
sub-048,Control,Fp1,2.667275121154267e-10,3.989579294102746e-11,2.249067026001362e-11,2.1022953900101483e-11
sub-048,Control,Fp2,2.5889979926751486e-10,3.65452827091519e-11,1.7300635884001664e-11,1.3874604590049008e-11
sub-048,Control,F3,2.579582948644271e-10,3.7520253709188604e-11,1.9203434085499114e-11,1.3858342142396658e-11
sub-048,Control,F4,2.586195945480612e-10,3.678550034276158e-11,1.9885146899100133e-11,1.6911489632502298e-11
sub-048,Control,C3,2.5290132501197415e-10,3.518279384153861e-11,1.1424428157503656e-11,9.413861445257679e-12
sub-048,Control,C4,2.542972271430662e-10,3.427110130217557e-11,1.2634486636940808e-11,9.248779924446847e-12
sub-048,Control,P3,2.546382833482726e-10,3.7090339601677994e-11,2.6435480798263793e-11,1.2657680700488166e-11
sub-048,Control,P4,2.5496580020309084e-10,3.523162062698031e-11,1.8150784216524668e-11,1.0358513486195692e-11
sub-048,Control,O1,2.6090008088333697e-10,4.3003105548328356e-11,8.488307318920344e-11,2.0925126273311376e-11
sub-048,Control,O2,2.5823736023870484e-10,4.3245923075208655e-11,8.398777545946508e-11,2.1083976695559573e-11
sub-048,Control,F7,2.635785765646877e-10,3.9522755983512853e-11,2.61695414903894e-11,1.8531087747823564e-11
sub-048,Control,F8,2.7370529779731246e-10,3.894251696787261e-11,2.4522195967312166e-11,1.771910652808902e-11
sub-048,Control,T3,2.5772934832734423e-10,3.841879990354822e-11,2.555289635966025e-11,1.56205332542375e-11
sub-048,Control,T4,2.6021396091709105e-10,3.62833454645201e-11,1.9317706530632742e-11,1.308026613831945e-11
sub-048,Control,T5,2.529811420748583e-10,4.31503616362017e-11,8.221761401668016e-11,2.2003786131920812e-11
sub-048,Control,T6,2.586941301672616e-10,3.890754246748334e-11,5.553189168418976e-11,1.6097664401578704e-11
sub-048,Control,Fz,2.5822154910832054e-10,3.6119415329266854e-11,1.8808021388091833e-11,1.2542563300618433e-11
sub-048,Control,Cz,2.5379998870705895e-10,3.4276486152072565e-11,1.1204694875353808e-11,8.015635393879832e-12
sub-048,Control,Pz,2.54207367729304e-10,3.568410816279101e-11,2.0915302433759283e-11,1.0460779034156925e-11
sub-049,Control,Fp1,2.3268866471510527e-10,3.300278074135279e-11,1.8803586530299598e-11,1.3122415589094306e-11
sub-049,Control,Fp2,2.440868664342225e-10,3.460078524861527e-11,1.7592860070191203e-11,1.2161713494954178e-11
sub-049,Control,F3,2.2854594569055042e-10,3.3546386213428383e-11,1.6894650041664902e-11,1.2476570150754764e-11
sub-049,Control,F4,2.3403073551112295e-10,3.449953827949756e-11,1.5474758464394556e-11,1.1710104601869693e-11
sub-049,Control,C3,2.2436155069619818e-10,3.285483059295843e-11,1.2279181504676316e-11,1.1517746316865559e-11
sub-049,Control,C4,2.264731236812478e-10,3.380216525855674e-11,1.1662721698558921e-11,1.1390016032439489e-11
sub-049,Control,P3,2.2428571417277177e-10,3.497841653667982e-11,3.771049754109243e-11,1.6063245689148405e-11
sub-049,Control,P4,2.2427125708268434e-10,3.5170277003178504e-11,4.015668350005857e-11,1.5062781559974237e-11
sub-049,Control,O1,2.2907715828940555e-10,4.048972610499471e-11,1.0509947618804908e-10,2.8581443012076587e-11
sub-049,Control,O2,2.308946270439622e-10,4.2681850938430023e-11,1.267899772159916e-10,3.061970258838295e-11
sub-049,Control,F7,2.3081762324446872e-10,3.30602033262544e-11,9.599606845473527e-12,8.985006576477031e-12
sub-049,Control,F8,2.4175482316794736e-10,3.457667824065997e-11,1.5295084945858532e-11,1.1952454350435344e-11
sub-049,Control,T3,2.2999730659536192e-10,3.4531767125939465e-11,1.8891390449204303e-11,1.7592401195564093e-11
sub-049,Control,T4,2.3159284188355789e-10,3.457702333130909e-11,1.641856387357704e-11,1.817281635172614e-11
sub-049,Control,T5,2.2887957913190402e-10,3.835645334042915e-11,7.456730999214795e-11,2.615585602394549e-11
sub-049,Control,T6,2.2802465729987404e-10,3.8452356884009714e-11,9.39051628129822e-11,2.533849995382906e-11
sub-049,Control,Fz,2.3006309510737742e-10,3.459941916121907e-11,1.7817792210217905e-11,1.1902916853539155e-11
sub-049,Control,Cz,2.2689183715845498e-10,3.379658469377928e-11,1.1868221462603765e-11,1.0691200504187373e-11
sub-049,Control,Pz,2.2353619017120317e-10,3.4812065330663004e-11,3.5059422445816315e-11,1.4119178534967512e-11
sub-050,Control,Fp1,2.469669257084599e-10,3.466623597413343e-11,1.457859742108271e-11,1.2155743275474972e-11
sub-050,Control,Fp2,2.445736157307961e-10,3.4549896010161685e-11,1.4218470225503755e-11,1.1981972509513268e-11
sub-050,Control,F3,2.477340561141907e-10,3.517567261022532e-11,1.378765043071025e-11,1.1845316459273375e-11
sub-050,Control,F4,2.4717205430835075e-10,3.5519114319986176e-11,1.3857221039230769e-11,1.1441595345622167e-11
sub-050,Control,C3,2.44592030946626e-10,3.372781443347649e-11,1.156572045069075e-11,9.916374958133056e-12
sub-050,Control,C4,2.4323684705324585e-10,3.346908189928703e-11,1.1267980016009682e-11,1.006853090409501e-11
sub-050,Control,P3,2.4579492407353166e-10,3.856623432219985e-11,2.4883587519377965e-11,1.0894339610333696e-11
sub-050,Control,P4,2.437831679428491e-10,3.694069072117867e-11,2.2788484687869597e-11,1.0090945240412333e-11
sub-050,Control,O1,2.4753362210667834e-10,5.481060482574554e-11,4.2631137397965145e-11,1.42246681967067e-11
sub-050,Control,O2,2.545046150853345e-10,5.7198648736404444e-11,5.497358242869086e-11,1.4449719057509059e-11
sub-050,Control,F7,2.517008858163461e-10,3.612792180515542e-11,1.709065408990857e-11,2.011680534794044e-11
sub-050,Control,F8,2.5185829851388604e-10,3.7523410704730424e-11,1.599914378399746e-11,1.453715536843085e-11
sub-050,Control,T3,2.4895607688141116e-10,4.09490875749219e-11,2.0015628012217227e-11,2.4934963092191923e-11
sub-050,Control,T4,2.500261920319278e-10,4.171074272984807e-11,1.7988937483105248e-11,2.4141143933951762e-11
sub-050,Control,T5,2.4856351592496263e-10,5.808069572253342e-11,3.4966584399844415e-11,1.5445626041387307e-11
sub-050,Control,T6,2.466874507822699e-10,5.8000085961654884e-11,3.6782731344128565e-11,1.4981395288868602e-11
sub-050,Control,Fz,2.4300192889624504e-10,3.723904775957148e-11,1.4478022980176083e-11,9.21888966378436e-12
sub-050,Control,Cz,2.4379727488140746e-10,3.4881642247161455e-11,1.217874007735242e-11,8.523669419899659e-12
sub-050,Control,Pz,2.4486478376556594e-10,3.697054611623067e-11,2.5850410783653894e-11,1.025350152172754e-11
sub-051,Control,Fp1,2.506033613298531e-10,3.455385172484433e-11,1.6295467621512223e-11,1.3658607042487478e-11
sub-051,Control,Fp2,2.5507156335952974e-10,3.5531767371402135e-11,1.769924722002594e-11,1.414374778555144e-11
sub-051,Control,F3,2.573501134451851e-10,3.557876134301983e-11,1.5011990058373444e-11,1.1397850681319826e-11
sub-051,Control,F4,2.5312225476313e-10,3.477210756541441e-11,1.699856994233562e-11,1.189487571206819e-11
sub-051,Control,C3,2.5222361002501015e-10,3.3207114658320436e-11,1.2554728577855298e-11,9.47342729094246e-12
sub-051,Control,C4,2.5178142667268263e-10,3.306655771018467e-11,1.2485821090433752e-11,9.557388125751081e-12
sub-051,Control,P3,2.536697165726943e-10,3.461542111672503e-11,1.9684959104968454e-11,1.0999770554975072e-11
sub-051,Control,P4,2.5320543457872496e-10,3.4081835822856144e-11,1.7960663186004686e-11,1.074259349662365e-11
sub-051,Control,O1,2.5962623748411203e-10,3.746773131068419e-11,3.076240861427439e-11,1.8555175536094632e-11
sub-051,Control,O2,2.570893110931068e-10,3.859289892242904e-11,3.469703232127837e-11,2.5583048279420104e-11
sub-051,Control,F7,2.57689488290416e-10,3.6582081122883254e-11,1.6882009364466063e-11,1.568568166541004e-11
sub-051,Control,F8,2.5346197056761667e-10,3.689241556774502e-11,1.8148150903806807e-11,1.2898255686444859e-11
sub-051,Control,T3,2.519159740356748e-10,3.557216517386932e-11,1.733055217268264e-11,1.6040190538282552e-11
sub-051,Control,T4,2.5354752116906897e-10,3.591585395014293e-11,1.7441104832119095e-11,1.5246402468190204e-11
sub-051,Control,T5,2.567204747293667e-10,3.6266874348578886e-11,2.4986964367649097e-11,1.3775039486136396e-11
sub-051,Control,T6,2.5663471487681583e-10,3.752354582090966e-11,3.226168824243611e-11,1.836028642967125e-11
sub-051,Control,Fz,2.538580183673487e-10,3.538300079182558e-11,1.6740201207189752e-11,1.1073180571944873e-11
sub-051,Control,Cz,2.525756791789448e-10,3.425088036232226e-11,1.3279948572099409e-11,9.77300585354114e-12
sub-051,Control,Pz,2.5363778499719154e-10,3.423230528370289e-11,1.8957331725990408e-11,1.0035065576783715e-11
sub-052,Control,Fp1,2.3890078712810075e-10,3.854123970002161e-11,2.2425162589687856e-11,1.8306310733326172e-11
sub-052,Control,Fp2,2.371257670991316e-10,3.734691894943589e-11,2.1115175125697e-11,1.651029466228383e-11
sub-052,Control,F3,2.363715742540393e-10,3.78626353616697e-11,2.016167142252133e-11,1.7621517331648583e-11
sub-052,Control,F4,2.3752281623408637e-10,3.681223706271167e-11,1.9059749017633824e-11,1.8768334130213865e-11
sub-052,Control,C3,2.3450258966409335e-10,3.530453395775023e-11,1.557710685827086e-11,1.2071452893124147e-11
sub-052,Control,C4,2.3111992943826942e-10,3.5406747605007984e-11,1.588082584440538e-11,1.2277206279338098e-11
sub-052,Control,P3,2.3700978855186073e-10,3.795041247169045e-11,3.148134603017579e-11,1.566981559448165e-11
sub-052,Control,P4,2.3152081366673403e-10,3.6937899422058477e-11,2.5087215783321185e-11,1.4526835884829258e-11
sub-052,Control,O1,2.436121879823347e-10,4.4651135451393984e-11,8.257578698186999e-11,1.9848639509118514e-11
sub-052,Control,O2,2.4005722704873824e-10,4.442837595499522e-11,6.60400894171337e-11,1.9702815407157762e-11
sub-052,Control,F7,2.4474923517880275e-10,4.041149160472203e-11,2.2975379095753832e-11,2.02488716490592e-11
sub-052,Control,F8,2.519006223131893e-10,3.964846650457598e-11,2.3334999999870785e-11,1.947730670879224e-11
sub-052,Control,T3,2.435742391881572e-10,4.0339591113864374e-11,2.4404762038253963e-11,2.1808115010986262e-11
sub-052,Control,T4,2.409821048502874e-10,3.864069507042891e-11,2.24625232706368e-11,2.222369538480884e-11
sub-052,Control,T5,2.413952372762057e-10,4.2798108824328097e-11,5.155049914657003e-11,2.0563555258851046e-11
sub-052,Control,T6,2.3811418228192984e-10,4.1336264492005786e-11,3.7437825234222194e-11,1.8999512958918452e-11
sub-052,Control,Fz,2.3751134211290545e-10,3.7245622567341986e-11,1.979349004049395e-11,1.5683198888304483e-11
sub-052,Control,Cz,2.396509117210234e-10,3.625367359865138e-11,1.4116172240900617e-11,1.4152727200546342e-11
sub-052,Control,Pz,2.363000574284732e-10,3.619391110143817e-11,2.3233553765936857e-11,1.3094381834726459e-11
sub-053,Control,Fp1,2.1437861299459787e-10,4.0842316266475333e-11,2.7201438942785498e-11,3.16774347882478e-11
sub-053,Control,Fp2,2.162690333607924e-10,3.959431119425466e-11,2.525376066135421e-11,1.2179565883530529e-11
sub-053,Control,F3,2.1612095971904062e-10,3.9214573056933636e-11,2.2433799141156435e-11,1.761598316738416e-11
sub-053,Control,F4,2.1860671416683247e-10,3.998433134189598e-11,2.4867216872544046e-11,2.1075151943303673e-11
sub-053,Control,C3,2.1675980457689054e-10,3.539936423397915e-11,1.4464681796559564e-11,9.01741420628629e-12
sub-053,Control,C4,2.1794592283999893e-10,3.5061353957558144e-11,1.4224858352736428e-11,9.432772581861824e-12
sub-053,Control,P3,2.2143523413205862e-10,4.3930807035320293e-11,4.385349722145844e-11,1.2707089342029177e-11
sub-053,Control,P4,2.203680277518206e-10,3.486664021506383e-11,1.2292083339208357e-11,7.58497620311957e-12
sub-053,Control,O1,2.2495990699950371e-10,6.319358471825529e-11,9.799627377403353e-11,2.1290191067246952e-11
sub-053,Control,O2,2.272263001806298e-10,6.27726266057339e-11,8.515770954381757e-11,2.3015587365012865e-11
sub-053,Control,F7,2.1762747837980875e-10,5.655019904967313e-11,3.820786659107789e-11,4.103676337598416e-11
sub-053,Control,F8,2.233794156847115e-10,5.309592298033565e-11,3.638081939426872e-11,1.6506089718961427e-11
sub-053,Control,T3,2.1960861953035387e-10,5.5357873094867583e-11,4.228519379578934e-11,3.043158602124102e-11
sub-053,Control,T4,2.2264216664563056e-10,4.87172228840373e-11,3.263809839797671e-11,1.8402280898796007e-11
sub-053,Control,T5,2.2546283234673415e-10,6.643482385683484e-11,7.716679560993245e-11,2.166920072729481e-11
sub-053,Control,T6,2.2222829832303942e-10,5.7053969871411217e-11,4.9197947986324404e-11,2.190377727322846e-11
sub-053,Control,Fz,2.1668685345873024e-10,4.066950640298708e-11,2.325349270618341e-11,1.1324664757250214e-11
sub-053,Control,Cz,2.1779183029059844e-10,3.6627352362800696e-11,1.5823371436467864e-11,8.781168726447259e-12
sub-053,Control,Pz,2.211634214967535e-10,3.898464865019377e-11,3.811803114830413e-11,1.106342205669718e-11
sub-054,Control,Fp1,2.1894788394366613e-10,3.83624496959821e-11,4.063250336507466e-11,1.3808394389228625e-11
sub-054,Control,Fp2,2.249333417551318e-10,4.0819919145520295e-11,4.4767613825076216e-11,1.5706328629491816e-11
sub-054,Control,F3,2.2668163395218383e-10,4.1528899568943383e-11,2.874606209821111e-11,1.8536890075834525e-11
sub-054,Control,F4,2.3015984749553405e-10,4.134858136565165e-11,3.391703234553579e-11,1.668566002182532e-11
sub-054,Control,C3,2.2300534507100023e-10,4.085786865732296e-11,2.0817882922416302e-11,1.3232738079581575e-11
sub-054,Control,C4,2.2507330603725488e-10,4.068189746065622e-11,2.026914101544062e-11,1.2951793188193775e-11
sub-054,Control,P3,2.2470856297453403e-10,4.543794517653578e-11,5.954767844380917e-11,1.9241804458906107e-11
sub-054,Control,P4,2.2383285820222663e-10,4.25026990054491e-11,6.12945026588367e-11,1.754251822835655e-11
sub-054,Control,O1,2.327547173546637e-10,3.4131904327784784e-11,1.049897234152617e-11,7.32533000686579e-12
sub-054,Control,O2,2.2859507361396843e-10,4.8465039642215454e-11,1.232196807591193e-10,2.7091423484383743e-11
sub-054,Control,F7,2.2961441821731945e-10,4.104358512918448e-11,3.706772019726877e-11,2.02427024406825e-11
sub-054,Control,F8,2.3012945432448736e-10,4.654360929532806e-11,4.8863414348659775e-11,2.1195130106591213e-11
sub-054,Control,T3,2.2575685857456243e-10,4.443798821784928e-11,4.0696025786293164e-11,2.1361247647251766e-11
sub-054,Control,T4,2.2652683005936663e-10,4.6224044395821185e-11,3.147384960885615e-11,1.808684964077852e-11
sub-054,Control,T5,2.271833594069233e-10,5.5545174611834374e-11,1.2002330944679213e-10,2.7794480534866506e-11
sub-054,Control,T6,2.2867968112414127e-10,4.932159198892187e-11,8.89474725753425e-11,2.1844059786923086e-11
sub-054,Control,Fz,2.272744212668679e-10,4.120825941844397e-11,3.130533244604516e-11,1.6963547268302447e-11
sub-054,Control,Cz,2.2487720041123573e-10,3.816275466186265e-11,1.9352907211512626e-11,1.4075976948324517e-11
sub-054,Control,Pz,2.3285207136527685e-10,4.1428168983770395e-11,4.836676258814601e-11,1.810804545654981e-11
sub-055,Control,Fp1,2.3702524103135174e-10,3.6908225117224606e-11,2.0549640551540198e-11,2.4934404477418723e-11
sub-055,Control,Fp2,2.3183284065825932e-10,3.68061341670109e-11,2.0605616507272814e-11,2.4562843470911467e-11
sub-055,Control,F3,2.343394352698616e-10,3.6242319339570615e-11,1.6862119655289766e-11,2.1458498643071206e-11
sub-055,Control,F4,2.3901223059573847e-10,3.610219320757564e-11,1.6322081095283207e-11,2.04123889676026e-11
sub-055,Control,C3,2.2455363647696487e-10,3.422846009465825e-11,1.4742897379600005e-11,1.858947518150866e-11
sub-055,Control,C4,2.2274609956684375e-10,3.4393818525680534e-11,1.4857333492731777e-11,1.8787774252580455e-11
sub-055,Control,P3,2.2380718940004383e-10,3.51996918448082e-11,2.4571127914767717e-11,2.5758676627637092e-11
sub-055,Control,P4,2.2277715336318214e-10,3.485667245527608e-11,2.1911168211608634e-11,2.176694793030913e-11
sub-055,Control,O1,2.2463676497965547e-10,3.740949011608354e-11,8.495296387279258e-11,3.164747258015346e-11
sub-055,Control,O2,2.2385700341651005e-10,3.7412103932572647e-11,8.44456724433274e-11,3.0376384135456554e-11
sub-055,Control,F7,2.3842248752825164e-10,3.860535690330813e-11,2.070592742868893e-11,2.4479143718427144e-11
sub-055,Control,F8,2.3436157293017826e-10,3.831624980955104e-11,2.303547288110712e-11,2.5094360638607082e-11
sub-055,Control,T3,2.2918821187174266e-10,3.843279181854213e-11,2.1084837757292524e-11,2.622216432242919e-11
sub-055,Control,T4,2.3113353802107307e-10,3.717978002242166e-11,2.1247559354454916e-11,2.5166276365463055e-11
sub-055,Control,T5,2.2596039091536253e-10,3.827251893289118e-11,4.7329764730557315e-11,3.6365960210612443e-11
sub-055,Control,T6,2.276572997058126e-10,3.754366366637816e-11,3.782792230107739e-11,3.4301964813649246e-11
sub-055,Control,Fz,2.271768981321146e-10,3.611953025865283e-11,1.518474440725496e-11,1.8819232503359532e-11
sub-055,Control,Cz,2.2424022439738356e-10,3.3763990987314415e-11,1.225242521486688e-11,1.6465038865373675e-11
sub-055,Control,Pz,2.2531151591482916e-10,3.442855813277566e-11,2.4131381008838e-11,1.6748614477010604e-11
sub-056,Control,Fp1,2.2082185677867702e-10,3.90533445737186e-11,4.333729536605337e-11,1.192808631958433e-11
sub-056,Control,Fp2,2.2103517505197843e-10,4.014171079736987e-11,4.759801645149911e-11,1.3026947924975851e-11
sub-056,Control,F3,2.2499741220089757e-10,3.8965967107991945e-11,3.00091479017926e-11,1.2286467148049316e-11
sub-056,Control,F4,2.2323298136955312e-10,3.999236015462455e-11,3.5644355383749216e-11,1.2774544460664004e-11
sub-056,Control,C3,2.2482754274356325e-10,3.8324686256928587e-11,1.7889408907229355e-11,1.0656293412693908e-11
sub-056,Control,C4,2.2153126356593384e-10,3.873353177200753e-11,1.6711100123491217e-11,1.0430186004741187e-11
sub-056,Control,P3,2.2466523020547103e-10,4.238252029995073e-11,6.313984774170906e-11,1.2857704860233324e-11
sub-056,Control,P4,2.228736164282249e-10,4.263068560010591e-11,4.859220824911523e-11,1.1678199991869865e-11
sub-056,Control,O1,2.232689181113333e-10,4.7276349467531293e-11,8.546856670531096e-11,1.548479700009931e-11
sub-056,Control,O2,2.235278719339192e-10,4.857961061008441e-11,8.445113299589365e-11,1.537051385660229e-11
sub-056,Control,F7,2.2549305703762743e-10,4.078360330885592e-11,4.4039606913328096e-11,1.6102782418972575e-11
sub-056,Control,F8,2.2542353168477494e-10,4.3780636587694256e-11,5.156285818712856e-11,1.563731119589482e-11
sub-056,Control,T3,2.2498601182704107e-10,4.274317417066071e-11,4.828612435591062e-11,1.5276499431392616e-11
sub-056,Control,T4,2.2194212241675519e-10,4.385678853986224e-11,3.9225640214487054e-11,1.3844625942262805e-11
sub-056,Control,T5,2.2455378560039956e-10,4.916870502875954e-11,1.0542681559614459e-10,1.7146322556994893e-11
sub-056,Control,T6,2.2288742436431116e-10,5.059600476168606e-11,8.790692632960007e-11,1.548546277015436e-11
sub-056,Control,Fz,2.2957593125462962e-10,4.040202338228997e-11,3.5085741914350775e-11,1.2204356532508166e-11
sub-056,Control,Cz,2.239390169275483e-10,3.8414770909095805e-11,1.8261873602784822e-11,1.0247461731474594e-11
sub-056,Control,Pz,2.2419605373264832e-10,4.049227417053218e-11,4.399382620697048e-11,1.0653196719168344e-11
sub-057,Control,Fp1,2.5905496101900594e-10,3.743018195872288e-11,1.8854334983280415e-11,1.713944861442499e-11
sub-057,Control,Fp2,2.3626665115128003e-10,3.2687839672981964e-11,1.35542310381482e-11,1.2238165605214962e-11
sub-057,Control,F3,2.4761944939895614e-10,3.5032787382915716e-11,1.570665981776763e-11,1.3588841554832367e-11
sub-057,Control,F4,2.3851873455898614e-10,3.311811248821316e-11,1.3284886162471166e-11,1.1334515923321873e-11
sub-057,Control,C3,2.417601516790652e-10,3.295953007705768e-11,1.273086579673601e-11,1.0068701435859545e-11
sub-057,Control,C4,2.390327813918165e-10,3.2207343064862155e-11,1.1867011279358921e-11,1.0023867151178667e-11
sub-057,Control,P3,2.4411627628653834e-10,3.514514759600479e-11,2.549720371375809e-11,1.4157349637976356e-11
sub-057,Control,P4,2.4189372546675794e-10,3.4217478484331055e-11,2.8241623241077383e-11,1.2060724076744324e-11
sub-057,Control,O1,2.549153056872705e-10,4.2775835009811796e-11,7.857971454921314e-11,2.0113185143062043e-11
sub-057,Control,O2,2.533471853688586e-10,4.5723008689555946e-11,1.052316499019006e-10,2.0328759097624163e-11
sub-057,Control,F7,2.613699539455215e-10,4.042793664010401e-11,2.3028547772866206e-11,1.6983574758601043e-11
sub-057,Control,F8,2.363417063789683e-10,3.354312826276565e-11,1.6246511960461276e-11,1.298181203338139e-11
sub-057,Control,T3,2.5063422783079837e-10,3.854036876360797e-11,2.180457614179191e-11,1.8283906263590608e-11
sub-057,Control,T4,2.465356759938132e-10,3.6581548186425423e-11,2.070767908099286e-11,1.8264493680810256e-11
sub-057,Control,T5,2.4923317030725586e-10,3.809397925761012e-11,2.841637963903994e-11,1.776004555993294e-11
sub-057,Control,T6,2.443767437199521e-10,3.6402224496777433e-11,2.9170629354247215e-11,1.5519323714668887e-11
sub-057,Control,Fz,2.434744388156543e-10,3.5288983159097414e-11,1.3671743084138616e-11,1.0584508657497417e-11
sub-057,Control,Cz,2.436473889592743e-10,3.362644163722173e-11,1.2021832209491013e-11,9.704454027043984e-12
sub-057,Control,Pz,2.4359011966273727e-10,3.522270192549298e-11,3.057411332532978e-11,1.1925004029509025e-11
sub-058,Control,Fp1,2.3935551931029224e-10,3.507208742269945e-11,2.4938136005890683e-11,1.912000596607894e-11
sub-058,Control,Fp2,2.4502055591613586e-10,3.53769753129987e-11,2.3004516534372192e-11,1.7271963381396697e-11
sub-058,Control,F3,2.376269493661733e-10,3.456365250669348e-11,2.1180332676492292e-11,1.991192255606775e-11
sub-058,Control,F4,2.4536774440278923e-10,3.529330387991752e-11,1.9756388521763368e-11,2.3347222455797033e-11
sub-058,Control,C3,2.3963482907540836e-10,3.377387474730698e-11,1.4884670130942263e-11,1.1924936234887663e-11
sub-058,Control,C4,2.43790070610571e-10,3.387851169982341e-11,1.49237957573972e-11,1.2198827003426546e-11
sub-058,Control,P3,2.448896709514388e-10,3.467115151572062e-11,2.4915019260801226e-11,1.612823260085592e-11
sub-058,Control,P4,2.4624483089965593e-10,3.515866530243362e-11,2.8909571460071916e-11,1.4773293676885616e-11
sub-058,Control,O1,2.4923345053833275e-10,3.759698198862517e-11,5.5449543943236483e-11,2.6195544745489293e-11
sub-058,Control,O2,2.510425921163314e-10,3.8037709964667886e-11,4.760837638008112e-11,2.4999938194875068e-11
sub-058,Control,F7,2.3912007940584045e-10,3.547760645875176e-11,2.3127795954437828e-11,1.8543845046343622e-11
sub-058,Control,F8,2.5390365918686397e-10,3.669256489123493e-11,2.1550808922271458e-11,1.8513706090923508e-11
sub-058,Control,T3,2.4360684090882534e-10,3.619404928816963e-11,2.6708875883896614e-11,2.5192045506829927e-11
sub-058,Control,T4,2.485614609823013e-10,3.7075224126598266e-11,2.4881830091497522e-11,1.8436175093440666e-11
sub-058,Control,T5,2.4425024457750656e-10,3.7685483115761753e-11,6.399962121368661e-11,2.4392150093876566e-11
sub-058,Control,T6,2.5180769500041726e-10,4.2446994466769343e-11,8.001704729874503e-11,2.606042484233052e-11
sub-058,Control,Fz,2.4064695260388335e-10,3.5331540692178836e-11,2.350929512383426e-11,1.8248042406797837e-11
sub-058,Control,Cz,2.4286760631307627e-10,3.454034165601375e-11,1.5232591921512395e-11,1.558329482801737e-11
sub-058,Control,Pz,2.445698683644151e-10,3.423783218279374e-11,1.6389412199680357e-11,1.2739773093748147e-11
sub-059,Control,Fp1,2.662045419330987e-10,3.4054256751282826e-11,1.2620257640548808e-11,2.6093002254723043e-11
sub-059,Control,Fp2,2.623235232625718e-10,3.342745380919116e-11,1.1599183316904648e-11,9.982037304108844e-12
sub-059,Control,F3,2.658232601810264e-10,3.39297397986795e-11,1.1534535227414097e-11,1.3904937747900186e-11
sub-059,Control,F4,2.646313217662968e-10,3.3853705611801694e-11,1.1623847074524081e-11,1.1823099629573458e-11
sub-059,Control,C3,2.648437071904994e-10,3.355181326572085e-11,1.1135322710769548e-11,9.550455812573745e-12
sub-059,Control,C4,2.6457678549967673e-10,3.341571849224269e-11,1.106212464601437e-11,9.78614349098555e-12
sub-059,Control,P3,2.6454944673964033e-10,3.4589774404133376e-11,1.5240380952134403e-11,1.0523661172046557e-11
sub-059,Control,P4,2.649748281388277e-10,3.415663819585732e-11,1.4158227682725303e-11,1.0742986041936422e-11
sub-059,Control,O1,2.6688161640785977e-10,3.540154865497117e-11,1.453356616863311e-11,1.203879527383256e-11
sub-059,Control,O2,2.6689379020596453e-10,3.504523914210691e-11,1.4472686399590084e-11,1.3861197802126985e-11
sub-059,Control,F7,2.6728918429341074e-10,3.485907156718434e-11,1.2545964591477298e-11,1.512579926372484e-11
sub-059,Control,F8,2.6647691918527293e-10,3.4199730738961705e-11,1.2277542936939091e-11,1.1331502824607434e-11
sub-059,Control,T3,2.6679284028565323e-10,3.530518658223599e-11,1.299068789745394e-11,1.2665139648386756e-11
sub-059,Control,T4,2.6600581907445364e-10,3.405869668443885e-11,1.204702195798634e-11,1.3209025612003627e-11
sub-059,Control,T5,2.668330531077117e-10,3.6154870040145524e-11,1.7140955402748635e-11,1.2636073808995154e-11
sub-059,Control,T6,2.662988716592041e-10,3.4860575126709755e-11,1.4893736497386195e-11,1.3540421092538789e-11
sub-059,Control,Fz,2.661810851406204e-10,3.3924037480285163e-11,1.1401953853318937e-11,1.074412322418994e-11
sub-059,Control,Cz,2.648928671677963e-10,3.3177965271300006e-11,1.0474781706315467e-11,9.365532736461154e-12
sub-059,Control,Pz,2.649872374142158e-10,3.383051199540364e-11,1.31644323129233e-11,9.771736640301002e-12
sub-060,Control,Fp1,2.4442084753595803e-10,3.40467308386293e-11,1.2082544804909802e-11,1.475471930874617e-11
sub-060,Control,Fp2,2.512611782906894e-10,3.531455359650232e-11,1.3292469364042466e-11,1.926131736905601e-11
sub-060,Control,F3,2.470633057422846e-10,3.30904586129221e-11,1.02707212291746e-11,1.0218119699548325e-11
sub-060,Control,F4,2.4743052451118233e-10,3.304107790022541e-11,1.0470560937025145e-11,9.91403955449673e-12
sub-060,Control,C3,2.488060203810161e-10,3.333002352414469e-11,1.058846386208024e-11,1.0726405475387108e-11
sub-060,Control,C4,2.5345165231664617e-10,3.338723694758378e-11,1.0509486374228174e-11,1.1186794401632481e-11
sub-060,Control,P3,2.526055139935187e-10,3.448271631765253e-11,1.2322398228061198e-11,1.4858740475896956e-11
sub-060,Control,P4,2.5372488239952487e-10,3.3985400874748724e-11,1.1529265327538606e-11,1.4029710533089792e-11
sub-060,Control,O1,2.5653819790884214e-10,3.61750397455606e-11,1.5600736830604263e-11,1.9549045025448112e-11
sub-060,Control,O2,2.5942738082712665e-10,3.62648722728275e-11,1.6083733105830222e-11,2.0146860401824967e-11
sub-060,Control,F7,2.5406474673534013e-10,3.4012460963057584e-11,1.0939788732404215e-11,1.1705981815561114e-11
sub-060,Control,F8,2.5728193379105605e-10,3.514757870072749e-11,1.214411861202769e-11,1.5533980081579234e-11
sub-060,Control,T3,2.510430745636381e-10,3.471944746448027e-11,1.2688582217663687e-11,1.6143260844981213e-11
sub-060,Control,T4,2.502925648291777e-10,3.4673943030027486e-11,1.2351015946418369e-11,1.4844319753471436e-11
sub-060,Control,T5,2.539189353273803e-10,3.55936984515891e-11,1.6061072770249266e-11,1.9349581605514407e-11
sub-060,Control,T6,2.5439166530560887e-10,3.555395591790272e-11,1.5913670255269067e-11,1.9324952651735973e-11
sub-060,Control,Fz,2.501446925489602e-10,3.343848371399008e-11,1.044064341985593e-11,1.0134522283274169e-11
sub-060,Control,Cz,2.5533250447558556e-10,3.36131306905619e-11,1.0579435548973937e-11,1.1574434136608666e-11
sub-060,Control,Pz,2.5437206494353284e-10,3.409239965555345e-11,1.1056390940947283e-11,1.3144932718331589e-11
sub-061,Control,Fp1,2.84820077763184e-10,3.754039044876636e-11,1.579407780106164e-11,1.2052251691019194e-11
sub-061,Control,Fp2,3.1180621725514475e-10,4.066950084650627e-11,1.734263467667348e-11,1.2837714525671844e-11
sub-061,Control,F3,2.606066938064517e-10,3.359844854010628e-11,1.1256942100637141e-11,8.372527138358799e-12
sub-061,Control,F4,2.708558363124281e-10,3.4853994891346104e-11,1.1994193873107e-11,9.825979309818857e-12
sub-061,Control,C3,2.6333015983901504e-10,3.372440660805159e-11,9.921092075394876e-12,7.649146524648065e-12
sub-061,Control,C4,2.6443924014452416e-10,3.388264511816303e-11,1.0106129187308677e-11,7.965309220363614e-12
sub-061,Control,P3,2.6778393793041495e-10,3.4610506576014643e-11,1.5663990699987535e-11,8.478908007457662e-12
sub-061,Control,P4,2.659341550580633e-10,3.4366784704881124e-11,1.6393825018233037e-11,8.184198098891618e-12
sub-061,Control,O1,2.677924429928906e-10,3.6087306288915716e-11,4.2897216897483524e-11,1.0654494226638036e-11
sub-061,Control,O2,2.7374285881121485e-10,3.697047219324265e-11,4.8484427494487207e-11,1.076890524121629e-11
sub-061,Control,F7,2.6626674128440346e-10,3.485800022651649e-11,1.243237544823202e-11,9.608255018864339e-12
sub-061,Control,F8,2.778744841651835e-10,3.5837341965606825e-11,1.2550708310287424e-11,1.0904137580530238e-11
sub-061,Control,T3,2.6531256847740245e-10,3.5064956074172986e-11,1.2121785248642691e-11,9.876575019443014e-12
sub-061,Control,T4,2.660537127670637e-10,3.451922267634577e-11,1.259389579287687e-11,1.0536414550777285e-11
sub-061,Control,T5,2.6713898136252206e-10,3.5725338356823175e-11,2.150806991068952e-11,1.0214195533427313e-11
sub-061,Control,T6,2.6654584745440667e-10,3.555478168437425e-11,3.244950664928212e-11,1.0026304147702206e-11
sub-061,Control,Fz,2.6198459644172055e-10,3.366569780604038e-11,1.143474470071141e-11,7.571024295283206e-12
sub-061,Control,Cz,2.6442832724707157e-10,3.403540039540831e-11,1.0376610599119022e-11,7.43289705079529e-12
sub-061,Control,Pz,2.662603198867186e-10,3.441823192987359e-11,1.56458740510977e-11,8.086972356351626e-12
sub-062,Control,Fp1,1.975797886456063e-10,3.5894699640442104e-11,2.229191375029866e-11,1.0647609997782466e-11
sub-062,Control,Fp2,1.9929293869986503e-10,3.529520250045905e-11,2.052965941542525e-11,2.6827910110557107e-11
sub-062,Control,F3,1.993518179261083e-10,3.5377683447032273e-11,2.1867640887142508e-11,1.5591134502385033e-11
sub-062,Control,F4,1.9666578309086668e-10,3.519512708468286e-11,1.7811972169916484e-11,1.3581494232230679e-11
sub-062,Control,C3,1.9619785062103742e-10,3.4367137158936914e-11,1.4247973656882896e-11,9.016202393148313e-12
sub-062,Control,C4,1.9563305768706953e-10,3.468480166645649e-11,1.3063663627209825e-11,9.204978388171197e-12
sub-062,Control,P3,1.9813818116970792e-10,3.696424095698382e-11,5.6714634648752045e-11,1.2330391589590998e-11
sub-062,Control,P4,1.9882208609344442e-10,3.742721126994267e-11,6.197518317415411e-11,1.2942362150852693e-11
sub-062,Control,O1,2.088739931827311e-10,4.268086226260289e-11,1.3696171541673013e-10,1.6062200829821904e-11
sub-062,Control,O2,2.0372644429071195e-10,4.245095955227803e-11,1.3691083248239019e-10,1.550059364401927e-11
sub-062,Control,F7,1.9915844374850395e-10,3.830146718355708e-11,2.6223079836642584e-11,1.220661400868974e-11
sub-062,Control,F8,1.987174216913896e-10,3.735402393392413e-11,2.6191447769951344e-11,1.2141971738548066e-11
sub-062,Control,T3,1.9892634056729948e-10,3.775540358162443e-11,2.7763155185250486e-11,1.2308354787586117e-11
sub-062,Control,T4,1.9731415113991593e-10,3.7321919583452274e-11,3.238784071580913e-11,1.1882971577713733e-11
sub-062,Control,T5,2.0038049618819074e-10,4.160281478330846e-11,1.2614447018300864e-10,1.7475649090732846e-11
sub-062,Control,T6,2.081909234513601e-10,3.925092463456787e-11,8.531115297711485e-11,1.371102791101868e-11
sub-062,Control,Fz,1.9363356588967617e-10,3.4860217071556996e-11,2.2542545280155307e-11,1.0381077043829176e-11
sub-062,Control,Cz,1.935047005721672e-10,3.509641704969125e-11,1.3917916009929274e-11,9.194439145791869e-12
sub-062,Control,Pz,1.9998019400843059e-10,3.729751516679262e-11,5.1532691507758975e-11,1.1763085356650208e-11
sub-063,Control,Fp1,2.4686810192340194e-10,3.529288065042483e-11,1.2738164062352722e-11,1.221970274341548e-11
sub-063,Control,Fp2,2.4505745639312494e-10,3.442249180336725e-11,1.2547210387381261e-11,1.0761554142880948e-11
sub-063,Control,F3,2.450804476277783e-10,3.4811188633176316e-11,1.233827456030388e-11,1.139900519110531e-11
sub-063,Control,F4,2.4426339389848103e-10,3.399763082916462e-11,1.1890721368388821e-11,1.088503331638983e-11
sub-063,Control,C3,2.426320729803075e-10,3.37495368049563e-11,1.1788594449752007e-11,9.957505740583916e-12
sub-063,Control,C4,2.433239085421255e-10,3.331744860833669e-11,1.142308891508912e-11,1.0562385977807543e-11
sub-063,Control,P3,2.4576712458968175e-10,3.4783636153221354e-11,1.4959930024623452e-11,1.3047467398246278e-11
sub-063,Control,P4,2.4679635217317453e-10,3.4444542593807976e-11,1.5953255148536166e-11,1.1476281161349376e-11
sub-063,Control,O1,2.507602991078588e-10,3.713918093329418e-11,3.070750935265437e-11,1.611697399380398e-11
sub-063,Control,O2,2.5250049605870494e-10,3.806045683762647e-11,4.08875606134624e-11,1.6233566062068498e-11
sub-063,Control,F7,2.4937849127479737e-10,3.5967386250115206e-11,1.4066422363445017e-11,1.330296880218547e-11
sub-063,Control,F8,2.488801289489325e-10,3.5623730641605024e-11,1.427021665212049e-11,1.3291078866622376e-11
sub-063,Control,T3,2.483054760343132e-10,3.6265909787979585e-11,1.5538743557905723e-11,1.3859390242802898e-11
sub-063,Control,T4,2.493133586645426e-10,3.5406312928221016e-11,1.5803178098445672e-11,1.7745894057310212e-11
sub-063,Control,T5,2.4628027981908356e-10,3.642773813879505e-11,2.3605998391446646e-11,1.562539000372034e-11
sub-063,Control,T6,2.496907193677902e-10,3.551367253361683e-11,2.472472540801485e-11,1.4037897311601617e-11
sub-063,Control,Fz,2.4509101521479885e-10,3.478927323810071e-11,1.2222567609661736e-11,1.046002649051038e-11
sub-063,Control,Cz,2.4497294666055383e-10,3.4116693748563976e-11,1.1636109162805262e-11,9.822946025356969e-12
sub-063,Control,Pz,2.4707913896979063e-10,3.463400043530072e-11,1.4229710587107007e-11,1.0972995645126401e-11
sub-064,Control,Fp1,2.1450030539271904e-10,3.9665253753431474e-11,6.073047082238279e-11,2.1214991975498138e-11
sub-064,Control,Fp2,2.214974818115162e-10,4.08830722583508e-11,6.245582033988358e-11,2.4560844387192378e-11
sub-064,Control,F3,2.1726611590820575e-10,3.7996874361217595e-11,5.633419427303051e-11,2.4655841692995973e-11
sub-064,Control,F4,2.194178348707201e-10,4.13903027066576e-11,5.5372654486438124e-11,2.8330121623497797e-11
sub-064,Control,C3,2.1825004297284289e-10,3.442502203119948e-11,3.2498049852416034e-11,1.8524483324256908e-11
sub-064,Control,C4,2.1970849868487332e-10,3.7383365086921976e-11,2.5071450746145535e-11,1.8199566885445413e-11
sub-064,Control,P3,2.2522913832306075e-10,3.9298394254409375e-11,6.937736353499838e-11,2.7867636871064317e-11
sub-064,Control,P4,2.1707898009172998e-10,4.029514265794594e-11,6.896487370659115e-11,2.6895090447011694e-11
sub-064,Control,O1,2.346426562518217e-10,4.458258190308974e-11,1.0673531902270208e-10,3.162492874050633e-11
sub-064,Control,O2,2.2787661416133655e-10,4.7247748197379606e-11,1.866904550490085e-10,3.500657135193394e-11
sub-064,Control,F7,2.34623654669096e-10,4.1544905252046496e-11,6.180116952118686e-11,2.1833695887394376e-11
sub-064,Control,F8,2.3424838402433875e-10,4.342351180395518e-11,6.462497006855283e-11,2.5446706341875465e-11
sub-064,Control,T3,2.3068134094451292e-10,4.1169988059731925e-11,6.159886508413595e-11,2.7075699239462322e-11
sub-064,Control,T4,2.350381006147928e-10,4.3103929982519094e-11,5.411450275819762e-11,2.6639094801960126e-11
sub-064,Control,T5,2.347718549969362e-10,5.373629451288931e-11,1.9229032307637907e-10,4.1082282625045214e-11
sub-064,Control,T6,2.2632153120681995e-10,4.542094687858857e-11,1.182569130723023e-10,2.951472718427523e-11
sub-064,Control,Fz,2.2076409138328038e-10,4.001858827845674e-11,6.157678569454077e-11,2.0547785119694835e-11
sub-064,Control,Cz,2.2484188534529762e-10,3.679149078869345e-11,3.615254353194973e-11,2.255085628121302e-11
sub-064,Control,Pz,2.2542102649583669e-10,3.6801812715454346e-11,5.813189872876957e-11,2.4060122873898764e-11
sub-065,Control,Fp1,2.6011530965558414e-10,3.40969558654815e-11,1.1488783910566589e-11,1.5861342623744976e-11
sub-065,Control,Fp2,2.550401431887092e-10,3.305898914047669e-11,1.0328638434141598e-11,9.912669874906476e-12
sub-065,Control,F3,2.541222593977909e-10,3.320102725680571e-11,1.0837683974609562e-11,1.1320930746441317e-11
sub-065,Control,F4,2.557883529611705e-10,3.330726869828989e-11,1.0759947571071396e-11,1.1998968583205548e-11
sub-065,Control,C3,2.517622223559636e-10,3.254213875587854e-11,1.019033698146791e-11,9.382783075180683e-12
sub-065,Control,C4,2.536414088604925e-10,3.274976083622894e-11,1.0229398663683378e-11,9.851789209483357e-12
sub-065,Control,P3,2.5664545431802625e-10,3.2977001369426416e-11,1.558633212378849e-11,1.2085485479579174e-11
sub-065,Control,P4,2.5559656890587735e-10,3.294467917187275e-11,1.3716077657465717e-11,1.087004404656692e-11
sub-065,Control,O1,2.5928530648901983e-10,3.4179088011955295e-11,3.335187368417726e-11,1.625802861674962e-11
sub-065,Control,O2,2.619808282027996e-10,3.43309082126048e-11,3.000452659781627e-11,1.565041120098856e-11
sub-065,Control,F7,2.5857671558801147e-10,3.446959970601107e-11,1.212852009836456e-11,1.4098312086371501e-11
sub-065,Control,F8,2.62579031919528e-10,3.467671629525111e-11,1.1673389254825882e-11,1.3161859385141142e-11
sub-065,Control,T3,2.5885569385227845e-10,3.453561130863798e-11,1.4597190787536114e-11,1.476679097920863e-11
sub-065,Control,T4,2.564033950033266e-10,3.502100735078086e-11,1.3766931095986426e-11,1.6036449139988088e-11
sub-065,Control,T5,2.591885339446086e-10,3.455395944722552e-11,3.4455505718691054e-11,1.762532666120326e-11
sub-065,Control,T6,2.5982315332810397e-10,3.425307204988428e-11,2.9991556989298375e-11,1.5579221612014148e-11
sub-065,Control,Fz,2.562006967271561e-10,3.313181069061717e-11,1.0534515959521449e-11,9.221888156561889e-12
sub-065,Control,Cz,2.5502056551020784e-10,3.2643518054156663e-11,1.0019101609780359e-11,8.904616157334766e-12
sub-065,Control,Pz,2.5539264421913176e-10,3.2842754814087145e-11,1.3652497594448943e-11,1.04863427931512e-11
