Subject,Group,Channel,Delta Power,Theta Power,Alpha Power,Beta Power
sub-001,Alzheimer's Disease,Fp1,1.195847069879136e-10,1.8404105405207965e-11,3.3851945095413004e-12,9.019130783743251e-13
sub-001,Alzheimer's Disease,Fp2,1.343941471822309e-10,1.9115630588235416e-11,3.795102087756e-12,1.0535434512849133e-12
sub-001,Alzheimer's Disease,F3,8.764227197258804e-11,1.0785983487417263e-11,2.4941538707340778e-12,6.286869402174994e-13
sub-001,Alzheimer's Disease,F4,8.505734583990499e-11,9.917540528823558e-12,2.471508767849489e-12,6.254667770217577e-13
sub-001,Alzheimer's Disease,C3,8.286616221007765e-11,8.467927917900328e-12,2.0648084769969932e-12,4.942061652743028e-13
sub-001,Alzheimer's Disease,C4,8.284722685077875e-11,8.567119634971568e-12,2.0929083853349792e-12,4.988293417705145e-13
sub-001,Alzheimer's Disease,P3,8.396968973246263e-11,9.077135683948528e-12,2.1426971435966145e-12,4.860913652070918e-13
sub-001,Alzheimer's Disease,P4,8.498322970504256e-11,9.709122131311192e-12,2.279373933313508e-12,5.079174821712849e-13
sub-001,Alzheimer's Disease,O1,8.733389515107354e-11,1.0378393877982442e-11,2.570213496702692e-12,6.471142098931034e-13
sub-001,Alzheimer's Disease,O2,8.749408638803044e-11,1.0642882987675671e-11,2.552865247008456e-12,5.993880511139023e-13
sub-001,Alzheimer's Disease,F7,9.421068239341692e-11,1.2756882075682538e-11,2.756762990200447e-12,7.294877197373889e-13
sub-001,Alzheimer's Disease,F8,9.311249733429504e-11,1.2455010403342168e-11,2.955105507895234e-12,7.172382145441726e-13
sub-001,Alzheimer's Disease,T3,8.520975313766653e-11,9.765217485147113e-12,2.3475619807148035e-12,6.045118868728099e-13
sub-001,Alzheimer's Disease,T4,8.482497168101435e-11,9.856922459955042e-12,2.3982603089925774e-12,6.448231745734801e-13
sub-001,Alzheimer's Disease,T5,8.67664594492021e-11,1.0221163058600516e-11,2.739077936842839e-12,7.638822886260967e-13
sub-001,Alzheimer's Disease,T6,8.659606543997636e-11,1.0149384031711245e-11,2.4942365201027875e-12,5.854875724384408e-13
sub-001,Alzheimer's Disease,Fz,8.616252969779445e-11,1.0167829856098662e-11,2.4105814302290263e-12,5.436166198184801e-13
sub-001,Alzheimer's Disease,Cz,8.295999612435085e-11,8.710198480852433e-12,2.0895621205601802e-12,5.037235962611527e-13
sub-001,Alzheimer's Disease,Pz,8.496476526347048e-11,9.987770824307358e-12,2.2250491669312877e-12,4.825738025382757e-13
sub-002,Alzheimer's Disease,Fp1,9.968801112201563e-11,1.077386954628293e-11,6.459401581144209e-12,9.009734279002885e-13
sub-002,Alzheimer's Disease,Fp2,8.92010345500151e-11,1.0269856259512861e-11,6.836666397588079e-12,1.0511315941037842e-12
sub-002,Alzheimer's Disease,F3,7.635528977425127e-11,8.784485503181468e-12,4.363176858493251e-12,7.747424254790842e-13
sub-002,Alzheimer's Disease,F4,7.617202364155449e-11,8.966954049028315e-12,5.267431914974161e-12,8.890096408056925e-13
sub-002,Alzheimer's Disease,C3,7.458809637079599e-11,7.878821301425084e-12,2.464305874952647e-12,5.301191040308701e-13
sub-002,Alzheimer's Disease,C4,7.407040085951776e-11,8.028056327880788e-12,2.4631873608843153e-12,5.336617297196027e-13
sub-002,Alzheimer's Disease,P3,7.583889179265216e-11,9.416198794173947e-12,6.609400578143154e-12,6.638410927354208e-13
sub-002,Alzheimer's Disease,P4,7.58062790961401e-11,9.20715164905817e-12,6.0292953944703416e-12,6.395509534962945e-13
sub-002,Alzheimer's Disease,O1,7.692104080479266e-11,1.0585494968792798e-11,1.168833336415872e-11,7.586676516250141e-13
sub-002,Alzheimer's Disease,O2,7.635825034646667e-11,1.0355164783904919e-11,1.0376924106612057e-11,7.234922835689485e-13
sub-002,Alzheimer's Disease,F7,7.771800572148183e-11,1.0882101238031458e-11,5.946118016067794e-12,9.878615924350002e-13
sub-002,Alzheimer's Disease,F8,7.661253731801592e-11,1.0017897446163692e-11,5.076352323724743e-12,8.781521256311871e-13
sub-002,Alzheimer's Disease,T3,7.776748907498069e-11,1.0525123814849412e-11,5.60997440284511e-12,9.289642967780297e-13
sub-002,Alzheimer's Disease,T4,7.620237851641334e-11,9.472139437629016e-12,4.059717902391434e-12,8.756628774388645e-13
sub-002,Alzheimer's Disease,T5,7.754566349240772e-11,1.1372434787720347e-11,1.0090903008246088e-11,8.085043290202394e-13
sub-002,Alzheimer's Disease,T6,7.697908170964504e-11,1.1028665017605907e-11,1.0268119096978941e-11,7.643752207490636e-13
sub-002,Alzheimer's Disease,Fz,7.62822801295265e-11,8.88200258897202e-12,5.397132945435791e-12,7.079111923128091e-13
sub-002,Alzheimer's Disease,Cz,7.508872688929797e-11,8.136745124267937e-12,3.2175179243948804e-12,6.041876677371363e-13
sub-002,Alzheimer's Disease,Pz,7.551420461863214e-11,9.373771774597802e-12,6.429722293873959e-12,6.777363455391119e-13
sub-003,Alzheimer's Disease,Fp1,6.863200567506993e-11,1.4406115623394379e-11,8.012573734443742e-12,5.886790272066122e-13
sub-003,Alzheimer's Disease,Fp2,6.953000801264259e-11,1.4710216827362223e-11,7.546298110034536e-12,5.845876074013941e-13
sub-003,Alzheimer's Disease,F3,6.684194526160748e-11,1.16723563884927e-11,5.662816131557847e-12,5.697486510201074e-13
sub-003,Alzheimer's Disease,F4,6.609524608132119e-11,1.1906894457681276e-11,4.7204396284590175e-12,5.479687983333719e-13
sub-003,Alzheimer's Disease,C3,6.230578055912412e-11,9.20078928084825e-12,4.032171958274103e-12,5.12747489571102e-13
sub-003,Alzheimer's Disease,C4,6.210760313897755e-11,9.31608243894882e-12,4.0478025115192086e-12,5.012855556665664e-13
sub-003,Alzheimer's Disease,P3,6.613412394936116e-11,1.2654498262535076e-11,6.812358276988226e-12,6.048602089124938e-13
sub-003,Alzheimer's Disease,P4,6.474970780858788e-11,1.1805773595221304e-11,1.0396993831198985e-11,6.043683460268146e-13
sub-003,Alzheimer's Disease,O1,7.036947832048986e-11,1.6726755302383228e-11,1.108330657819755e-11,6.498609494397144e-13
sub-003,Alzheimer's Disease,O2,6.81993309801624e-11,1.5639350349013476e-11,1.2933074483704825e-11,6.900412052725494e-13
sub-003,Alzheimer's Disease,F7,6.959645228543175e-11,1.4218391566445935e-11,7.814167601871191e-12,6.085187549964827e-13
sub-003,Alzheimer's Disease,F8,6.954438558447795e-11,1.4610952175265253e-11,7.231609132334591e-12,6.084964458589751e-13
sub-003,Alzheimer's Disease,T3,6.699356737625991e-11,1.2872764780760641e-11,6.509117899027616e-12,5.675037980100013e-13
sub-003,Alzheimer's Disease,T4,6.545770214441696e-11,1.2431255420162592e-11,5.9134533350087355e-12,5.556966016842992e-13
sub-003,Alzheimer's Disease,T5,7.204498127412271e-11,1.9093687072626494e-11,1.304747505360876e-11,6.601446081765314e-13
sub-003,Alzheimer's Disease,T6,6.940673607755519e-11,1.7691783633394808e-11,2.0778162400194808e-11,6.768678689830868e-13
sub-003,Alzheimer's Disease,Fz,6.58314254205083e-11,1.3358209381875091e-11,6.156312854533449e-12,5.406872884220522e-13
sub-003,Alzheimer's Disease,Cz,6.408938611051432e-11,1.0234180925557292e-11,3.52784486975835e-12,5.281449264683571e-13
sub-003,Alzheimer's Disease,Pz,6.26848024180694e-11,1.218940091869362e-11,7.0266235662713275e-12,5.670702371552481e-13
sub-004,Alzheimer's Disease,Fp1,2.0179564426909174e-10,1.3904752882402932e-11,3.0326044748859953e-12,1.4930504382734333e-12
sub-004,Alzheimer's Disease,Fp2,1.0479046877757087e-10,1.240028100245455e-11,2.9006243826849606e-12,1.373213088495944e-12
sub-004,Alzheimer's Disease,F3,8.734731859898582e-11,1.0540672900918047e-11,2.5946311788531685e-12,1.4860676487503232e-12
sub-004,Alzheimer's Disease,F4,8.542276397925525e-11,1.0432986132041637e-11,2.42230383825554e-12,8.722864580195028e-13
sub-004,Alzheimer's Disease,C3,8.145680349969653e-11,9.375250062851597e-12,2.104653201326675e-12,5.838007479304742e-13
sub-004,Alzheimer's Disease,C4,8.08173766873561e-11,9.52936708282811e-12,2.026322168594769e-12,5.695898209814733e-13
sub-004,Alzheimer's Disease,P3,8.437786400156681e-11,9.64180848502925e-12,2.1320280018990667e-12,5.41768894326979e-13
sub-004,Alzheimer's Disease,P4,8.454985981678873e-11,9.79717877413844e-12,2.1021979988923156e-12,6.084656320576918e-13
sub-004,Alzheimer's Disease,O1,8.809569155964742e-11,1.0188505689571808e-11,2.298436134486354e-12,6.396967370220092e-13
sub-004,Alzheimer's Disease,O2,8.92787850231257e-11,1.0250910439049356e-11,2.2207076753960026e-12,6.620842547146457e-13
sub-004,Alzheimer's Disease,F7,1.0079333993036121e-10,1.2857146181130663e-11,2.8681911638548774e-12,1.4538100186138125e-12
sub-004,Alzheimer's Disease,F8,8.883219216390327e-11,1.2185034392759249e-11,2.893847840344381e-12,9.770264126288535e-13
sub-004,Alzheimer's Disease,T3,9.132526219258884e-11,1.2242097649699136e-11,2.470342634694007e-12,1.0901428969026185e-12
sub-004,Alzheimer's Disease,T4,8.49409484257012e-11,1.1026626069315526e-11,2.5139812806771305e-12,1.2484101260107448e-12
sub-004,Alzheimer's Disease,T5,8.592744340811331e-11,1.0028128302066448e-11,2.1900410643205208e-12,6.123855816308227e-13
sub-004,Alzheimer's Disease,T6,8.539227943974399e-11,1.01480380166518e-11,2.1691719870168975e-12,6.658952764812418e-13
sub-004,Alzheimer's Disease,Fz,8.781463970003398e-11,1.0651204479327558e-11,2.3600105806743884e-12,6.182031052226913e-13
sub-004,Alzheimer's Disease,Cz,8.433444704495159e-11,9.090518367607796e-12,2.127485935055273e-12,5.660940990448804e-13
sub-004,Alzheimer's Disease,Pz,8.371384846273453e-11,9.3468074027163e-12,2.0794269934108655e-12,5.445455719225306e-13
sub-005,Alzheimer's Disease,Fp1,1.673600500139316e-10,1.3484876766638737e-11,3.4376562101228574e-12,1.5777567192071306e-12
sub-005,Alzheimer's Disease,Fp2,1.3527910528185685e-10,1.2999407663501695e-11,3.4374286412746027e-12,1.3888831938264702e-12
sub-005,Alzheimer's Disease,F3,1.1768758252903238e-10,1.3795018788337723e-11,3.905622694652945e-12,1.1203578320405357e-12
sub-005,Alzheimer's Disease,F4,1.2945483710022818e-10,1.488628499366323e-11,4.148942161150499e-12,1.1117660238589792e-12
sub-005,Alzheimer's Disease,C3,8.912463599703417e-11,9.812036531279588e-12,2.5861531019109302e-12,5.799196276428639e-13
sub-005,Alzheimer's Disease,C4,8.78228379758849e-11,9.814878782639461e-12,2.5438684466285884e-12,5.662766145968906e-13
sub-005,Alzheimer's Disease,P3,9.927256599112694e-11,1.0138944379179838e-11,3.074787794663569e-12,6.537064397296593e-13
sub-005,Alzheimer's Disease,P4,9.198727352364351e-11,9.972307269546665e-12,2.9497490031634923e-12,6.777895512051566e-13
sub-005,Alzheimer's Disease,O1,1.0042195689944314e-10,1.0897347224674899e-11,3.729625072543814e-12,8.84621293509117e-13
sub-005,Alzheimer's Disease,O2,9.09398388740428e-11,1.0499187672112823e-11,3.715626959707909e-12,9.40645144471382e-13
sub-005,Alzheimer's Disease,F7,1.285696674307926e-10,1.2633730982798772e-11,3.40680889090887e-12,1.2777672467255635e-12
sub-005,Alzheimer's Disease,F8,1.0630550824981632e-10,1.281332498369109e-11,3.548283180742767e-12,9.675749742574514e-13
sub-005,Alzheimer's Disease,T3,9.358001002576237e-11,1.208539064340039e-11,3.283062007967893e-12,1.2033518335535703e-12
sub-005,Alzheimer's Disease,T4,9.071766851009368e-11,1.1428712786548156e-11,3.193105928221082e-12,8.55014326736185e-13
sub-005,Alzheimer's Disease,T5,9.313974040574454e-11,1.1372550191590081e-11,3.8390901206547916e-12,8.497868702046229e-13
sub-005,Alzheimer's Disease,T6,9.046701129679454e-11,1.053289771923881e-11,3.4886766447956503e-12,8.714800702436362e-13
sub-005,Alzheimer's Disease,Fz,9.225843138547195e-11,1.0195033581448019e-11,2.71728610970602e-12,6.550513644036092e-13
sub-005,Alzheimer's Disease,Cz,9.160209332580238e-11,9.611609442360457e-12,2.460312937159967e-12,5.628197214398375e-13
sub-005,Alzheimer's Disease,Pz,9.149729385184384e-11,9.697133358593027e-12,2.796534211012274e-12,6.248575802891212e-13
sub-006,Alzheimer's Disease,Fp1,1.0039645060721772e-10,9.749930448617572e-12,1.399161035746467e-11,1.3650101823848865e-12
sub-006,Alzheimer's Disease,Fp2,9.65736049532835e-11,9.368426793695564e-12,1.3904107765792243e-11,1.2247714437456493e-12
sub-006,Alzheimer's Disease,F3,8.542777582957053e-11,8.569134750825152e-12,9.634945781178838e-12,1.2048649805364639e-12
sub-006,Alzheimer's Disease,F4,8.515478352021382e-11,8.528276475853595e-12,8.818941709053477e-12,1.1185048564083105e-12
sub-006,Alzheimer's Disease,C3,8.257586783692418e-11,7.926746894204435e-12,3.1969703344220796e-12,7.414988446060798e-13
sub-006,Alzheimer's Disease,C4,8.275724357623988e-11,7.906887257587094e-12,3.338928898267487e-12,7.643926208198725e-13
sub-006,Alzheimer's Disease,P3,8.380552739198811e-11,8.137668594928587e-12,1.3285654791958752e-11,7.929933735351319e-13
sub-006,Alzheimer's Disease,P4,8.36569161863382e-11,8.291644129993922e-12,1.420509882356842e-11,8.32894160379467e-13
sub-006,Alzheimer's Disease,O1,8.549499342272577e-11,8.577533288067587e-12,1.840907931790429e-11,9.235692989304955e-13
sub-006,Alzheimer's Disease,O2,8.61671818573837e-11,8.569778362632126e-12,1.2569776289328646e-11,8.587994833682479e-13
sub-006,Alzheimer's Disease,F7,8.976291795276849e-11,9.41253774804833e-12,1.3366228075927206e-11,1.348792050369264e-12
sub-006,Alzheimer's Disease,F8,9.04807898228448e-11,8.885039162929691e-12,1.3683719453846882e-11,1.020187161931985e-12
sub-006,Alzheimer's Disease,T3,8.619261389860287e-11,8.565195187177916e-12,8.071438933586623e-12,1.0904599993094926e-12
sub-006,Alzheimer's Disease,T4,8.58603880128265e-11,8.422306974053091e-12,7.724482380504362e-12,8.894738626104392e-13
sub-006,Alzheimer's Disease,T5,8.523955593220231e-11,8.548324397061516e-12,9.464662903874977e-12,9.538727725558683e-13
sub-006,Alzheimer's Disease,T6,8.487685869547313e-11,8.578102371550004e-12,1.004217551945947e-11,9.735941763751824e-13
sub-006,Alzheimer's Disease,Fz,8.507260661385572e-11,8.43555236162176e-12,9.265576442897287e-12,9.835461036916654e-13
sub-006,Alzheimer's Disease,Cz,8.305917501911146e-11,7.950818439822736e-12,2.471638302165979e-12,6.692686400718043e-13
sub-006,Alzheimer's Disease,Pz,8.3305529463987e-11,7.973000171921072e-12,1.2047517902416312e-11,6.316555329394628e-13
sub-007,Alzheimer's Disease,Fp1,1.1341299592365938e-10,1.4904153202964843e-11,3.034611522712598e-12,7.90827568941871e-13
sub-007,Alzheimer's Disease,Fp2,1.1458588436452508e-10,1.4310187421746343e-11,3.0793079761105697e-12,8.802828577640301e-13
sub-007,Alzheimer's Disease,F3,8.754827719632198e-11,1.132957636343714e-11,2.701393374445448e-12,7.315181172557296e-13
sub-007,Alzheimer's Disease,F4,8.559657961973941e-11,1.0146610811086185e-11,2.446926981677685e-12,6.536868256027635e-13
sub-007,Alzheimer's Disease,C3,8.151843286228757e-11,8.932374942012278e-12,2.2452526656689126e-12,5.349182185726291e-13
sub-007,Alzheimer's Disease,C4,8.207929426632054e-11,9.018250502673278e-12,2.1734015261011003e-12,5.409923411498634e-13
sub-007,Alzheimer's Disease,P3,8.484642494719028e-11,1.089180852050154e-11,2.6514778087181087e-12,5.694619502138038e-13
sub-007,Alzheimer's Disease,P4,8.485586421595541e-11,9.745516248641582e-12,2.438333498103218e-12,5.783994315700166e-13
sub-007,Alzheimer's Disease,O1,8.62963668734035e-11,1.0944866694648993e-11,2.7485732910847796e-12,5.893731997791414e-13
sub-007,Alzheimer's Disease,O2,8.713182144324616e-11,1.0404265940906138e-11,2.630329781690361e-12,6.208721837819591e-13
sub-007,Alzheimer's Disease,F7,9.245352546550805e-11,1.220439584764757e-11,3.0071901635262762e-12,7.270058758734083e-13
sub-007,Alzheimer's Disease,F8,9.182199821273593e-11,1.1667149824177886e-11,2.9650691012729788e-12,7.051210666616351e-13
sub-007,Alzheimer's Disease,T3,8.873167785742923e-11,1.1782257899899657e-11,2.9096068188899003e-12,6.815229977444877e-13
sub-007,Alzheimer's Disease,T4,8.713591251833976e-11,1.0908486946511351e-11,2.779001882606572e-12,6.94731662333978e-13
sub-007,Alzheimer's Disease,T5,8.810361915697771e-11,1.2041372155699064e-11,3.0163321101468468e-12,6.559929111939143e-13
sub-007,Alzheimer's Disease,T6,8.602220260054937e-11,1.080210479698667e-11,2.8512200390576607e-12,6.823567056321505e-13
sub-007,Alzheimer's Disease,Fz,8.868090838888027e-11,1.2599512538135088e-11,2.682940920424667e-12,6.117657469000555e-13
sub-007,Alzheimer's Disease,Cz,8.30006469314599e-11,9.121486494131259e-12,2.3327809217023187e-12,5.399828231034476e-13
sub-007,Alzheimer's Disease,Pz,8.419129029574971e-11,9.006673569717615e-12,2.2087848911915405e-12,5.016983476516644e-13
sub-008,Alzheimer's Disease,Fp1,2.543389589752468e-09,3.8305894993828115e-10,5.5682446761951694e-11,8.159394113664158e-12
sub-008,Alzheimer's Disease,Fp2,2.4776969743025363e-09,3.8301415921057685e-10,5.51614729148589e-11,8.000324982804805e-12
sub-008,Alzheimer's Disease,F3,2.4495923532271053e-09,3.816295158267159e-10,5.544788213213778e-11,8.0603440373252e-12
sub-008,Alzheimer's Disease,F4,2.447544438966217e-09,3.805361516897827e-10,5.438016167228227e-11,7.58243345950218e-12
sub-008,Alzheimer's Disease,C3,2.415381835032302e-09,3.8003891289185554e-10,5.4430337411859e-11,7.535112826560222e-12
sub-008,Alzheimer's Disease,C4,2.425089817381673e-09,3.793219722330369e-10,5.4305014075934426e-11,7.539620729504941e-12
sub-008,Alzheimer's Disease,P3,2.426023164756782e-09,3.8119522531778285e-10,5.4860501599118565e-11,7.47271861272125e-12
sub-008,Alzheimer's Disease,P4,3.57746522546848e-09,1.4465693402555596e-09,4.0790549290103704e-10,9.774716994879687e-11
sub-008,Alzheimer's Disease,O1,2.4624166398283064e-09,3.8597955606624287e-10,5.6537800647091266e-11,7.798836569369698e-12
sub-008,Alzheimer's Disease,O2,2.447882611295317e-09,3.8137667902944105e-10,5.4531388582931256e-11,7.008394388316504e-12
sub-008,Alzheimer's Disease,F7,2.570420542315398e-09,4.1584408368620577e-10,7.015950873856163e-11,1.1890109337662306e-11
sub-008,Alzheimer's Disease,F8,2.447968983981102e-09,3.804349898644535e-10,5.462122330556369e-11,7.648127571172676e-12
sub-008,Alzheimer's Disease,T3,2.4541615174268552e-09,3.808361820734178e-10,5.40255451976279e-11,7.071536531064483e-12
sub-008,Alzheimer's Disease,T4,2.703817498132951e-09,4.555153042943837e-10,6.735116435632879e-11,9.044566168227604e-12
sub-008,Alzheimer's Disease,T5,2.4434483589690327e-09,3.818074463029226e-10,5.455621366960531e-11,7.264975018384976e-12
sub-008,Alzheimer's Disease,T6,2.488647131622331e-09,3.8043683513206605e-10,5.4687571534478127e-11,7.249280531134932e-12
sub-008,Alzheimer's Disease,Fz,2.455700696052869e-09,3.8326265850491404e-10,5.5007157843100853e-11,7.768283365734648e-12
sub-008,Alzheimer's Disease,Cz,2.434281419892086e-09,3.8200882175474024e-10,5.5247808436600504e-11,7.698617357142373e-12
sub-008,Alzheimer's Disease,Pz,2.478318490354938e-09,3.8227567993404536e-10,5.566179354837226e-11,7.380381679701263e-12
sub-009,Alzheimer's Disease,Fp1,1.0986330119729181e-10,1.2622239267448684e-11,8.105978194219397e-12,1.2407268860361738e-12
sub-009,Alzheimer's Disease,Fp2,1.1273364230076732e-10,1.2414504101442271e-11,7.71368204245942e-12,1.3439178432121942e-12
sub-009,Alzheimer's Disease,F3,8.577834085797782e-11,1.1217065171439583e-11,6.650864423049766e-12,9.442836409396328e-13
sub-009,Alzheimer's Disease,F4,8.607685598857664e-11,1.015695096402667e-11,5.371395667650546e-12,1.0768970159368067e-12
sub-009,Alzheimer's Disease,C3,8.464379323251125e-11,8.386524121574421e-12,3.2516823356757718e-12,6.470665753445951e-13
sub-009,Alzheimer's Disease,C4,8.511726178559363e-11,8.47598315108186e-12,3.480301974153936e-12,6.69636037343351e-13
sub-009,Alzheimer's Disease,P3,8.619110823465583e-11,8.824484016290303e-12,4.360232526800426e-12,6.941545324553003e-13
sub-009,Alzheimer's Disease,P4,8.641327804360699e-11,9.243445214223384e-12,7.436181114084554e-12,7.60438259179921e-13
sub-009,Alzheimer's Disease,O1,8.717566496355336e-11,9.359763780161771e-12,6.1902689701827055e-12,8.247472031604676e-13
sub-009,Alzheimer's Disease,O2,8.650857827164057e-11,9.250203449163982e-12,8.367160950829591e-12,8.162018108073848e-13
sub-009,Alzheimer's Disease,F7,9.02725434166315e-11,1.0498581143159723e-11,8.127053295664367e-12,1.100609781265918e-12
sub-009,Alzheimer's Disease,F8,9.233607785192756e-11,1.036299710258819e-11,7.0897178671930785e-12,1.2340523771547487e-12
sub-009,Alzheimer's Disease,T3,8.781876516754203e-11,1.0119296020136617e-11,6.8390022847974325e-12,8.347434044151678e-13
sub-009,Alzheimer's Disease,T4,8.735424237129272e-11,9.428334776888834e-12,5.101322282924581e-12,1.8950932412878967e-12
sub-009,Alzheimer's Disease,T5,8.776515785623231e-11,9.842440525470463e-12,6.2801380010471044e-12,8.974039956291197e-13
sub-009,Alzheimer's Disease,T6,8.75418004729267e-11,9.968716698703486e-12,7.557914191063742e-12,9.355595395228684e-13
sub-009,Alzheimer's Disease,Fz,8.589347569973056e-11,1.2870971437512124e-11,7.468103315742947e-12,9.574315659865758e-13
sub-009,Alzheimer's Disease,Cz,8.477762201201441e-11,9.677776159261683e-12,4.542916786840933e-12,7.040740525091439e-13
sub-009,Alzheimer's Disease,Pz,8.567832324972546e-11,8.30275349476324e-12,4.01022332109895e-12,5.997876892964835e-13
sub-010,Alzheimer's Disease,Fp1,8.259425970687203e-11,7.9395713826988e-12,2.4407183658493056e-12,6.979229770163942e-13
sub-010,Alzheimer's Disease,Fp2,8.13839362288772e-11,7.81694680910056e-12,2.3652855152033585e-12,6.747309967856907e-13
sub-010,Alzheimer's Disease,F3,7.497477071037607e-11,7.391765997388072e-12,2.183914453721099e-12,5.733454099934578e-13
sub-010,Alzheimer's Disease,F4,7.463868432191034e-11,7.424357776384398e-12,2.1668945769833898e-12,5.853576700244127e-13
sub-010,Alzheimer's Disease,C3,7.330619859608124e-11,7.2192408607193155e-12,1.9811031478849875e-12,5.195835070105308e-13
sub-010,Alzheimer's Disease,C4,7.376372727492305e-11,7.200578095026951e-12,2.012490388342951e-12,5.273174058096686e-13
sub-010,Alzheimer's Disease,P3,7.420047702070398e-11,7.32606055849654e-12,2.504649257041844e-12,5.823516301346482e-13
sub-010,Alzheimer's Disease,P4,7.454306813412892e-11,7.320742018501268e-12,3.0910165309704995e-12,6.523466915181574e-13
sub-010,Alzheimer's Disease,O1,7.473664080834495e-11,7.422505200045822e-12,4.225397109898129e-12,7.278759171782918e-13
sub-010,Alzheimer's Disease,O2,7.544438561162505e-11,7.51775918468495e-12,4.7029964530610546e-12,8.531291569708547e-13
sub-010,Alzheimer's Disease,F7,7.500752435642338e-11,7.624193919574852e-12,2.661031612048006e-12,7.45644581561342e-13
sub-010,Alzheimer's Disease,F8,7.456230032022453e-11,7.555804359513743e-12,2.6464280624881195e-12,8.081858736850372e-13
sub-010,Alzheimer's Disease,T3,7.530070050168969e-11,7.682845083504331e-12,3.0438310455640947e-12,7.533637508211546e-13
sub-010,Alzheimer's Disease,T4,7.552513775152603e-11,7.670617544184769e-12,3.640359598213736e-12,1.0844810733730053e-12
sub-010,Alzheimer's Disease,T5,7.516996131710498e-11,7.49422011280481e-12,4.050884256031471e-12,7.298075302753216e-13
sub-010,Alzheimer's Disease,T6,7.533941827624022e-11,7.568524586786265e-12,5.828386584632562e-12,9.643738919929077e-13
sub-010,Alzheimer's Disease,Fz,7.521204952115299e-11,7.469211548866158e-12,2.225279469310961e-12,5.388814174734098e-13
sub-010,Alzheimer's Disease,Cz,7.443093487227081e-11,7.420067935153146e-12,2.069223146976569e-12,4.900959862647977e-13
sub-010,Alzheimer's Disease,Pz,7.472261365201441e-11,7.356537221669307e-12,2.4280284569101913e-12,5.65563312546803e-13
sub-011,Alzheimer's Disease,Fp1,5.513648142011888e-10,9.614034943250253e-11,5.173351950959891e-11,2.2072036419734743e-11
sub-011,Alzheimer's Disease,Fp2,6.305665035313699e-10,1.1592478080823133e-10,6.126938021224367e-11,2.3153907937798137e-11
sub-011,Alzheimer's Disease,F3,3.970440261713505e-10,1.1397479036530708e-10,6.388567260666183e-11,2.3547180406166667e-11
sub-011,Alzheimer's Disease,F4,4.03323832061079e-10,1.0849957716848801e-10,5.880735066156975e-11,2.159681409733148e-11
sub-011,Alzheimer's Disease,C3,3.8947711122036415e-10,1.1151310206859225e-10,6.149428573384708e-11,2.1622158576373393e-11
sub-011,Alzheimer's Disease,C4,4.286334903508764e-10,1.1192374188874005e-10,6.022124131516542e-11,2.165663243207986e-11
sub-011,Alzheimer's Disease,P3,4.0282643773444697e-10,1.1696745732179645e-10,6.835515053416677e-11,2.206989071977657e-11
sub-011,Alzheimer's Disease,P4,8.321912769525207e-10,2.679338645005312e-10,9.797832965993103e-11,3.3371693990982315e-11
sub-011,Alzheimer's Disease,O1,3.8213964332587733e-10,1.0893692185088824e-10,6.400029582133886e-11,2.0649188784101965e-11
sub-011,Alzheimer's Disease,O2,4.203676046694674e-10,1.3890796203825006e-10,8.507021911989108e-11,2.7509353510056786e-11
sub-011,Alzheimer's Disease,F7,4.033704120241324e-10,1.1653441722988414e-10,6.510465315221224e-11,2.2667596506493697e-11
sub-011,Alzheimer's Disease,F8,4.694794211168234e-10,1.2136217545925536e-10,6.700556449505919e-11,2.350210120744838e-11
sub-011,Alzheimer's Disease,T3,4.50007279964841e-10,1.3719165442995657e-10,7.670651422546623e-11,2.6376810677355806e-11
sub-011,Alzheimer's Disease,T4,4.043170913372346e-10,1.217403881673079e-10,6.646118785426204e-11,2.2349932650420606e-11
sub-011,Alzheimer's Disease,T5,4.1158393464686997e-10,1.2864796906697537e-10,7.533308102884914e-11,2.5056650691059868e-11
sub-011,Alzheimer's Disease,T6,5.116866809875334e-10,1.490443734488342e-10,8.015462672150176e-11,2.3871466716864747e-11
sub-011,Alzheimer's Disease,Fz,4.410002726756187e-10,1.2032901925753149e-10,6.335903234385448e-11,2.202020741346052e-11
sub-011,Alzheimer's Disease,Cz,4.2885430244943684e-10,1.065898168055544e-10,5.768504717533674e-11,1.9954861368687347e-11
sub-011,Alzheimer's Disease,Pz,4.405204096958033e-10,1.2453466081176815e-10,6.665720580894014e-11,2.3209209599515265e-11
sub-012,Alzheimer's Disease,Fp1,9.057570855947652e-10,1.4711125610214013e-10,6.103246369249245e-11,3.894911867154081e-11
sub-012,Alzheimer's Disease,Fp2,1.0069018383302063e-09,1.4543544028362438e-10,6.537965120631143e-11,3.9290765669017614e-11
sub-012,Alzheimer's Disease,F3,8.41679260972577e-10,1.3469498501504027e-10,5.974768888104286e-11,3.8341005661992733e-11
sub-012,Alzheimer's Disease,F4,8.647267112590345e-10,1.343838451648221e-10,6.201043335263198e-11,3.884122669977916e-11
sub-012,Alzheimer's Disease,C3,8.464247641923493e-10,1.1078292180748631e-10,5.284076626671137e-11,3.432331846679817e-11
sub-012,Alzheimer's Disease,C4,8.091187884227739e-10,1.3174240070644667e-10,5.555876418310577e-11,3.3258657114108096e-11
sub-012,Alzheimer's Disease,P3,2.3129014977987965e-09,5.140938228979009e-10,1.0498469377503279e-10,4.793244906757419e-11
sub-012,Alzheimer's Disease,P4,1.0173641106840808e-09,1.4493686225084333e-10,5.814919696849909e-11,3.311744748020256e-11
sub-012,Alzheimer's Disease,O1,8.674526176842744e-09,1.5304622905402128e-09,8.917317243233756e-10,9.884441474596383e-11
sub-012,Alzheimer's Disease,O2,2.1718506107463524e-09,4.3045829294183953e-10,1.3749683029082991e-10,5.035369919127709e-11
sub-012,Alzheimer's Disease,F7,8.48115109242378e-10,1.3682045363909827e-10,6.18413540812879e-11,3.525901839418485e-11
sub-012,Alzheimer's Disease,F8,8.41310377762865e-10,1.3835878219338393e-10,6.244226644734833e-11,3.716524583253084e-11
sub-012,Alzheimer's Disease,T3,8.404676523612707e-10,1.428182450428963e-10,6.32482146984809e-11,3.76176687744218e-11
sub-012,Alzheimer's Disease,T4,8.43305836639454e-10,1.3603331574272333e-10,6.088431797948663e-11,3.512195352282939e-11
sub-012,Alzheimer's Disease,T5,2.0917283918168437e-08,1.8101544033171003e-09,4.712967703522523e-10,9.381054439611754e-11
sub-012,Alzheimer's Disease,T6,8.367751582652618e-10,1.412681586144916e-10,6.374489741187623e-11,3.671420783935853e-11
sub-012,Alzheimer's Disease,Fz,9.394623467876703e-10,1.5905824389930807e-10,6.061137590243572e-11,3.567067887125047e-11
sub-012,Alzheimer's Disease,Cz,1.35223213257332e-09,1.4943504939538407e-10,6.252717010371411e-11,3.0852177668554085e-11
sub-012,Alzheimer's Disease,Pz,1.039071729474262e-09,1.3350414581907519e-10,6.032529173321223e-11,3.445492753743633e-11
sub-013,Alzheimer's Disease,Fp1,2.4216854781837266e-10,2.0681628999795347e-11,4.580826153351429e-12,1.189364735739463e-12
sub-013,Alzheimer's Disease,Fp2,2.07542419668191e-10,1.8756144514591756e-11,4.605611426224835e-12,1.0298509291542477e-12
sub-013,Alzheimer's Disease,F3,1.32796620487334e-10,1.5864262579558062e-11,3.5120860187046102e-12,7.279930303862683e-13
sub-013,Alzheimer's Disease,F4,2.2183941216514628e-10,1.8736341982556418e-11,4.335147864440572e-12,8.787770418912774e-13
sub-013,Alzheimer's Disease,C3,1.288016547444603e-10,1.4748875611178064e-11,3.491425787037372e-12,6.287409409941002e-13
sub-013,Alzheimer's Disease,C4,1.2700742905755672e-10,1.5043923067344625e-11,3.664115205660187e-12,6.455501768044315e-13
sub-013,Alzheimer's Disease,P3,1.6705008185146717e-10,1.6570655318301385e-11,3.9546193195631446e-12,7.090165329969592e-13
sub-013,Alzheimer's Disease,P4,1.4497517397813738e-10,1.8274749080330165e-11,5.875513693268916e-12,8.966674586884922e-13
sub-013,Alzheimer's Disease,O1,2.72311599633282e-10,2.4215126963648588e-11,6.372643297436484e-12,1.043580539781395e-12
sub-013,Alzheimer's Disease,O2,1.4203529691909437e-10,1.8413271139455076e-11,7.375648823564776e-12,9.124593140410534e-13
sub-013,Alzheimer's Disease,F7,1.488443767952355e-10,1.803981039720016e-11,3.961241581695712e-12,1.007450759709018e-12
sub-013,Alzheimer's Disease,F8,1.653536083364782e-10,1.6709820177413732e-11,4.241005532553537e-12,9.921932195841065e-13
sub-013,Alzheimer's Disease,T3,1.3573414425806463e-10,1.695493836430951e-11,4.0597214971984774e-12,1.0098345622591002e-12
sub-013,Alzheimer's Disease,T4,1.2763691930502585e-10,1.611389685845004e-11,4.158266231202381e-12,8.81764668696741e-13
sub-013,Alzheimer's Disease,T5,3.3297490081700324e-10,9.823385326892791e-11,2.378082984281924e-11,2.313522366450459e-12
sub-013,Alzheimer's Disease,T6,3.214380733298554e-10,3.1878128013000315e-11,6.415801850854434e-12,1.234833606247919e-12
sub-013,Alzheimer's Disease,Fz,1.2966327365290787e-10,1.6241669562587798e-11,3.5154730055164617e-12,6.483557811508865e-13
sub-013,Alzheimer's Disease,Cz,1.2995798959163872e-10,1.490806794297283e-11,3.573196849568813e-12,6.315080391328971e-13
sub-013,Alzheimer's Disease,Pz,2.0435743519873767e-10,1.7465783614087404e-11,4.37740261784604e-12,7.46950106728599e-13
sub-014,Alzheimer's Disease,Fp1,4.856607943919755e-10,4.034115979937793e-11,1.3245712258667237e-11,5.165594158322641e-12
sub-014,Alzheimer's Disease,Fp2,2.6394579192821124e-09,6.059536610647861e-10,1.8367398964540495e-10,4.565217793423707e-11
sub-014,Alzheimer's Disease,F3,2.415355833583457e-10,3.509429968294831e-11,1.3521380701804447e-11,5.629915508605184e-12
sub-014,Alzheimer's Disease,F4,2.5126467138813225e-10,3.3517240990454124e-11,1.1795649745835443e-11,4.631126869185671e-12
sub-014,Alzheimer's Disease,C3,2.2810549474998677e-10,3.376093796121706e-11,1.2733877820453946e-11,5.0000360862661025e-12
sub-014,Alzheimer's Disease,C4,2.2645176746165782e-10,3.2961588242456325e-11,1.1682376390238843e-11,4.297447733847044e-12
sub-014,Alzheimer's Disease,P3,2.306284463429871e-10,3.546059191179854e-11,1.4075578329863377e-11,5.698315193851627e-12
sub-014,Alzheimer's Disease,P4,2.285134536624042e-10,3.3599006820180274e-11,1.2038551961800194e-11,4.271246289883907e-12
sub-014,Alzheimer's Disease,O1,2.3542781220328045e-10,3.504978756337897e-11,1.2695860912596932e-11,4.493146186199951e-12
sub-014,Alzheimer's Disease,O2,2.338208006292418e-10,3.4626241733709994e-11,1.262410628132504e-11,4.4899556089544756e-12
sub-014,Alzheimer's Disease,F7,2.4764411562697293e-10,3.620387598580539e-11,1.3303981215920811e-11,5.127936187456089e-12
sub-014,Alzheimer's Disease,F8,3.1059269136644364e-10,3.726956181589488e-11,1.267148951555421e-11,4.2993195713396996e-12
sub-014,Alzheimer's Disease,T3,2.350170710499657e-10,3.539995570085515e-11,1.2845912148445689e-11,4.81118144162029e-12
sub-014,Alzheimer's Disease,T4,2.3305500199383266e-10,3.437330392010078e-11,1.215908193719844e-11,4.3544509497518576e-12
sub-014,Alzheimer's Disease,T5,2.33548365851858e-10,3.518546845618118e-11,1.2913140923565669e-11,4.8967832601524416e-12
sub-014,Alzheimer's Disease,T6,2.334936159827431e-10,3.447297220163138e-11,1.251170068124801e-11,4.4078655955421465e-12
sub-014,Alzheimer's Disease,Fz,2.3122904720971405e-10,3.314435232016253e-11,1.122032907876346e-11,4.152010835036712e-12
sub-014,Alzheimer's Disease,Cz,2.2695958579558572e-10,3.322423282082532e-11,1.177140570389204e-11,4.445386800636944e-12
sub-014,Alzheimer's Disease,Pz,2.2905311174031607e-10,3.364945382415597e-11,1.1942760463215873e-11,4.444788848198429e-12
sub-015,Alzheimer's Disease,Fp1,1.0446438413387248e-10,1.008801378796181e-11,3.833579580540238e-12,9.917973129348453e-13
sub-015,Alzheimer's Disease,Fp2,1.1316691257606835e-10,1.0705705257969743e-11,3.729460095389882e-12,1.2966047881100391e-12
sub-015,Alzheimer's Disease,F3,9.563629574322007e-11,9.408688032819725e-12,3.2535715974330073e-12,6.531841988176581e-13
sub-015,Alzheimer's Disease,F4,9.697007567978922e-11,9.720667379122266e-12,3.191446251151523e-12,6.943166908361407e-13
sub-015,Alzheimer's Disease,C3,9.405527103850506e-11,8.964139608019984e-12,2.602331713275069e-12,5.075963598267043e-13
sub-015,Alzheimer's Disease,C4,9.440184169947994e-11,9.124186148746696e-12,2.528934721387677e-12,5.04102574605192e-13
sub-015,Alzheimer's Disease,P3,9.488619896010018e-11,9.742618582936646e-12,6.44984757845553e-12,6.063658440998795e-13
sub-015,Alzheimer's Disease,P4,9.4393457621772e-11,9.46387379076447e-12,5.064866365723062e-12,5.684376391622075e-13
sub-015,Alzheimer's Disease,O1,9.573826675319404e-11,1.028461780166343e-11,9.784037657847678e-12,7.109045282533781e-13
sub-015,Alzheimer's Disease,O2,9.589694872646952e-11,1.0310141650552156e-11,1.056455900386823e-11,7.324033385461189e-13
sub-015,Alzheimer's Disease,F7,9.727809232522454e-11,9.910935961561878e-12,4.0049809551807246e-12,7.0970362305559e-13
sub-015,Alzheimer's Disease,F8,1.0033157098003715e-10,1.0154513768987e-11,3.964186895016128e-12,6.373019103155629e-13
sub-015,Alzheimer's Disease,T3,9.562958994893781e-11,9.981185265462674e-12,5.3241468090237095e-12,6.100420319598285e-13
sub-015,Alzheimer's Disease,T4,9.517321519555814e-11,9.901003139058861e-12,3.968166796108141e-12,8.260098574505781e-13
sub-015,Alzheimer's Disease,T5,9.615253587825436e-11,1.0986966528232084e-11,1.3516666410432775e-11,7.204344548718878e-13
sub-015,Alzheimer's Disease,T6,9.56040479732352e-11,1.041507747853886e-11,9.826604670011197e-12,6.735925983749366e-13
sub-015,Alzheimer's Disease,Fz,9.598185638878466e-11,9.704686086930954e-12,3.50469632096413e-12,5.763460263676532e-13
sub-015,Alzheimer's Disease,Cz,9.417688145610338e-11,9.022687347183676e-12,2.9096955616688494e-12,5.058202976932769e-13
sub-015,Alzheimer's Disease,Pz,9.439323678517742e-11,9.430103450509419e-12,6.0609247108206035e-12,5.96574872857111e-13
sub-016,Alzheimer's Disease,Fp1,2.194247756926567e-10,2.5949333619479122e-11,5.780021954275453e-12,1.0859755764041315e-12
sub-016,Alzheimer's Disease,Fp2,2.0480627931054994e-10,2.6478295987722756e-11,5.730943426839444e-12,1.0621863407899912e-12
sub-016,Alzheimer's Disease,F3,2.2740220406579603e-10,3.1398986275926384e-11,7.609320964091716e-12,1.5497975950399639e-12
sub-016,Alzheimer's Disease,F4,1.899102368865094e-10,2.4373493787644574e-11,5.440713970798974e-12,9.405050788402799e-13
sub-016,Alzheimer's Disease,C3,2.0484066360078858e-10,2.4718998220399094e-11,5.844198418103191e-12,9.385502408240071e-13
sub-016,Alzheimer's Disease,C4,1.7727785826828838e-10,2.389118847658033e-11,5.349371605572786e-12,9.165689695105437e-13
sub-016,Alzheimer's Disease,P3,1.7604357854566435e-10,2.410668198802241e-11,5.389621288128769e-12,9.050110595288172e-13
sub-016,Alzheimer's Disease,P4,1.980927220747563e-10,2.5673672227958065e-11,5.7752971515506836e-12,9.858211738163025e-13
sub-016,Alzheimer's Disease,O1,1.808273419372294e-10,2.5595294294877263e-11,5.740355852795496e-12,9.87861609141974e-13
sub-016,Alzheimer's Disease,O2,2.0613178008787453e-10,2.7605799366668073e-11,6.128060320663155e-12,1.084548643018828e-12
sub-016,Alzheimer's Disease,F7,1.956391245342731e-09,4.737359099817721e-10,7.88416084154914e-11,2.6531842915280092e-11
sub-016,Alzheimer's Disease,F8,2.0917466790161955e-10,2.5792320695209132e-11,5.815170388321384e-12,1.0222159070653684e-12
sub-016,Alzheimer's Disease,T3,1.7694758571293623e-10,2.5102236090230865e-11,5.713965526761665e-12,9.762035089827798e-13
sub-016,Alzheimer's Disease,T4,4.772548786579725e-09,7.90321497334984e-10,3.084613980071797e-10,1.3764911032265627e-10
sub-016,Alzheimer's Disease,T5,1.8857823017915753e-10,2.4897270058450466e-11,5.606804986633556e-12,9.517160595002613e-13
sub-016,Alzheimer's Disease,T6,1.8742685709847772e-10,2.6216879872846623e-11,5.978089615111494e-12,1.0468884246535451e-12
sub-016,Alzheimer's Disease,Fz,1.7883211064443044e-10,2.5372044040022216e-11,5.4870609541118155e-12,9.244329327149777e-13
sub-016,Alzheimer's Disease,Cz,1.799081484441169e-10,2.4088154196863368e-11,5.318451977628911e-12,9.125666349924049e-13
sub-016,Alzheimer's Disease,Pz,1.7872761496249135e-10,2.4304378529628195e-11,5.422761448675458e-12,9.270520174345697e-13
sub-017,Alzheimer's Disease,Fp1,1.5121920847038706e-10,1.591639577004582e-11,3.4408768985699017e-12,7.157293455002272e-13
sub-017,Alzheimer's Disease,Fp2,1.5427361983719997e-10,1.5250617457734906e-11,3.364082073156311e-12,7.670528435120931e-13
sub-017,Alzheimer's Disease,F3,1.2251419436032027e-10,1.607588456352924e-11,3.430328085939764e-12,6.900117270105634e-13
sub-017,Alzheimer's Disease,F4,1.180707810027704e-10,1.3032728134771197e-11,2.951181399397203e-12,6.418587979973454e-13
sub-017,Alzheimer's Disease,C3,1.0827846202800725e-10,1.0816437541825344e-11,2.4750542251968024e-12,5.461708518204357e-13
sub-017,Alzheimer's Disease,C4,1.1047865754164962e-10,1.1495140802219074e-11,2.5388726198360738e-12,5.502894447832894e-13
sub-017,Alzheimer's Disease,P3,1.1488150048733048e-10,1.1236374135590629e-11,3.045244056718425e-12,5.885724444538033e-13
sub-017,Alzheimer's Disease,P4,1.0856630449400969e-10,1.176851664782654e-11,3.155257103578259e-12,5.50188658842901e-13
sub-017,Alzheimer's Disease,O1,1.863467197171954e-10,1.5931460531015185e-11,4.8036585135229555e-12,8.597094935048374e-13
sub-017,Alzheimer's Disease,O2,1.3417838184586053e-10,1.3774722545529758e-11,4.6381822031822135e-12,7.10274201058272e-13
sub-017,Alzheimer's Disease,F7,1.2854139529891762e-10,1.524735054605715e-11,3.4626335065238973e-12,8.126118269398714e-13
sub-017,Alzheimer's Disease,F8,1.4145391949235515e-10,1.5261070098483388e-11,3.5588398971965477e-12,8.822227075839026e-13
sub-017,Alzheimer's Disease,T3,1.1750837594570175e-10,1.367347685273067e-11,3.0161551228709873e-12,6.805092159687111e-13
sub-017,Alzheimer's Disease,T4,2.0163544871349534e-10,1.526202964130763e-11,3.604214433144061e-12,9.653925964085868e-13
sub-017,Alzheimer's Disease,T5,1.1612128709767316e-10,1.2513547698450445e-11,3.139292583049815e-12,6.52840384260886e-13
sub-017,Alzheimer's Disease,T6,1.259292024103367e-10,1.465356534536358e-11,4.0286442434578525e-12,6.967023803492469e-13
sub-017,Alzheimer's Disease,Fz,1.1314850434627936e-10,1.442452946361156e-11,3.001018766382583e-12,5.863301134937443e-13
sub-017,Alzheimer's Disease,Cz,1.2174618819116523e-10,1.0704980891874996e-11,2.7109371099891814e-12,7.66749955011182e-13
sub-017,Alzheimer's Disease,Pz,1.1177125881849366e-10,1.106679365966758e-11,3.2214368048812774e-12,5.885582287003486e-13
sub-018,Alzheimer's Disease,Fp1,1.2236136021224515e-10,1.5169693825644087e-11,5.596360991106738e-12,1.4848001131653674e-12
sub-018,Alzheimer's Disease,Fp2,1.1001982311319263e-10,1.3859362350230006e-11,5.280561087620484e-12,1.773502753079014e-12
sub-018,Alzheimer's Disease,F3,1.0977096615779321e-10,1.524573920108371e-11,6.204695138363472e-12,1.4889998436452826e-12
sub-018,Alzheimer's Disease,F4,1.0240174705360518e-10,1.41878472363987e-11,5.554435064937212e-12,1.5904763215721946e-12
sub-018,Alzheimer's Disease,C3,1.0219412078710415e-10,1.1581542825067268e-11,4.2498889368675735e-12,1.0035055040379123e-12
sub-018,Alzheimer's Disease,C4,9.975521843899323e-11,1.1923556393643037e-11,4.1634959156527365e-12,1.0072657858450325e-12
sub-018,Alzheimer's Disease,P3,1.0719027971184861e-10,1.6426591724896445e-11,6.133783338112693e-12,9.795735545775307e-13
sub-018,Alzheimer's Disease,P4,1.0243498341879457e-10,1.3360304403784443e-11,4.620610993301132e-12,8.508955346571403e-13
sub-018,Alzheimer's Disease,O1,1.0936202042869486e-10,1.705442482168943e-11,7.0564838123293585e-12,1.0504023107750826e-12
sub-018,Alzheimer's Disease,O2,1.1060118509286364e-10,1.8320607222654754e-11,8.415393295371852e-12,1.1328556683644953e-12
sub-018,Alzheimer's Disease,F7,1.203575356496724e-10,1.8879599915426326e-11,6.254293610927248e-12,1.4765125264116677e-12
sub-018,Alzheimer's Disease,F8,1.0510778207372433e-10,1.4711585404856604e-11,6.613547903627111e-12,1.82362177876883e-12
sub-018,Alzheimer's Disease,T3,1.1556599050859202e-10,2.2470330272398457e-11,5.823211094550616e-12,1.1732450563361145e-12
sub-018,Alzheimer's Disease,T4,1.0383926229987054e-10,1.4810069732769022e-11,6.60592338772795e-12,1.2064972428334326e-12
sub-018,Alzheimer's Disease,T5,1.1198253026618817e-10,2.2783282657087365e-11,6.685429597446891e-12,1.101920440503232e-12
sub-018,Alzheimer's Disease,T6,1.0399536950385678e-10,1.8594048384374592e-11,8.437264851799746e-12,1.0284982777620117e-12
sub-018,Alzheimer's Disease,Fz,1.0446560755040082e-10,1.447371629373027e-11,5.149189449309079e-12,1.4180396133997112e-12
sub-018,Alzheimer's Disease,Cz,1.0120354491670684e-10,1.1669115654673908e-11,3.997426059044037e-12,1.8661141939831807e-12
sub-018,Alzheimer's Disease,Pz,1.0443073428839527e-10,1.4757002181670696e-11,5.9557651333883346e-12,8.98560072372025e-13
sub-019,Alzheimer's Disease,Fp1,1.077716954847282e-10,9.983124498092492e-12,3.0201128426720758e-12,8.352424639994689e-13
sub-019,Alzheimer's Disease,Fp2,1.0187024362498303e-10,9.576138168570514e-12,2.965334785640779e-12,8.181854571997332e-13
sub-019,Alzheimer's Disease,F3,8.600971292059176e-11,8.580317792912439e-12,2.4153212438391287e-12,8.579945643100154e-13
sub-019,Alzheimer's Disease,F4,8.689057997278026e-11,8.66910574027254e-12,2.5415188816431146e-12,7.612664010517528e-13
sub-019,Alzheimer's Disease,C3,8.461639610284019e-11,8.397940533043308e-12,2.241115764950604e-12,5.385830913294973e-13
sub-019,Alzheimer's Disease,C4,8.436504083479349e-11,8.389502129656286e-12,2.2272206515024926e-12,5.45731387324014e-13
sub-019,Alzheimer's Disease,P3,8.463613516047617e-11,8.552916163423024e-12,2.693465407096093e-12,5.900015823537484e-13
sub-019,Alzheimer's Disease,P4,8.506222864847566e-11,8.503015665514826e-12,2.653431487096392e-12,5.686746914085712e-13
sub-019,Alzheimer's Disease,O1,8.64914484178576e-11,8.897995947575102e-12,4.2396366398666384e-12,7.576334067264061e-13
sub-019,Alzheimer's Disease,O2,8.778790559817894e-11,8.9964362107292e-12,4.489462760825508e-12,7.646629305874249e-13
sub-019,Alzheimer's Disease,F7,9.044390365416554e-11,9.0017000698362e-12,3.3865150691050654e-12,2.316584477540065e-12
sub-019,Alzheimer's Disease,F8,9.379968841743432e-11,9.26260224756723e-12,3.3739568716604947e-12,1.0021529079683447e-12
sub-019,Alzheimer's Disease,T3,8.614258819262181e-11,8.817317661975385e-12,2.801745240695025e-12,9.267182901548757e-13
sub-019,Alzheimer's Disease,T4,8.615057625427447e-11,8.804645032210377e-12,3.206039253327357e-12,2.0874956822165943e-12
sub-019,Alzheimer's Disease,T5,8.568509228083404e-11,8.750509953690362e-12,2.9754706894002678e-12,6.970540429418357e-13
sub-019,Alzheimer's Disease,T6,8.643217176459595e-11,8.739715049626882e-12,3.1069235300414205e-12,7.186983390958007e-13
sub-019,Alzheimer's Disease,Fz,8.59690986307145e-11,8.551446246459048e-12,2.357406033515862e-12,6.077114213105057e-13
sub-019,Alzheimer's Disease,Cz,8.456952711388203e-11,8.40803509300884e-12,2.1768569498536815e-12,5.063169375607747e-13
sub-019,Alzheimer's Disease,Pz,8.492007387487352e-11,8.499688334655886e-12,2.7073474046091674e-12,5.576761834955221e-13
sub-020,Alzheimer's Disease,Fp1,1.5349727840018846e-10,1.2717108132678208e-11,2.9808094776605693e-12,8.032796067609133e-13
sub-020,Alzheimer's Disease,Fp2,1.595163698727846e-10,1.3646507254094816e-11,3.145651440963433e-12,8.50035713724528e-13
sub-020,Alzheimer's Disease,F3,1.0529630323701981e-10,9.813779042695929e-12,2.4912466072380476e-12,6.363367573538645e-13
sub-020,Alzheimer's Disease,F4,1.0608475743055417e-10,1.0055916312213302e-11,2.569455875778213e-12,6.373243831735331e-13
sub-020,Alzheimer's Disease,C3,9.875970286942694e-11,9.036290267817189e-12,2.121804613969498e-12,5.010882005676475e-13
sub-020,Alzheimer's Disease,C4,9.881395257748517e-11,8.95255180414063e-12,2.1291080941251764e-12,5.013175130863785e-13
sub-020,Alzheimer's Disease,P3,9.884340717522756e-11,9.405910324444393e-12,2.3642456866622467e-12,5.166406589299656e-13
sub-020,Alzheimer's Disease,P4,9.92200066827753e-11,9.402760105571806e-12,2.4926661483271935e-12,5.3177549968222e-13
sub-020,Alzheimer's Disease,O1,1.003750714319409e-10,1.0217544287932421e-11,3.1280588322384992e-12,6.33348245725759e-13
sub-020,Alzheimer's Disease,O2,1.0062492549761274e-10,1.0242050683806928e-11,3.2607274618423176e-12,6.43799031669371e-13
sub-020,Alzheimer's Disease,F7,1.1276979515901174e-10,1.2235232053330672e-11,3.275203951723356e-12,1.2599621069354119e-12
sub-020,Alzheimer's Disease,F8,1.0946254425094567e-10,1.165592745885857e-11,3.1195215594451337e-12,8.524326153227497e-13
sub-020,Alzheimer's Disease,T3,1.0234623867547292e-10,1.1180899893325189e-11,2.8065265431958298e-12,7.837572862608038e-13
sub-020,Alzheimer's Disease,T4,1.0232366161853079e-10,1.0403614696968199e-11,2.8248663281548165e-12,8.28847144047396e-13
sub-020,Alzheimer's Disease,T5,9.969463837798586e-11,1.0422310926785424e-11,2.9367660682199305e-12,6.545443427016871e-13
sub-020,Alzheimer's Disease,T6,1.0069125072923263e-10,1.0328846883382518e-11,3.1872266660210547e-12,6.770364742503505e-13
sub-020,Alzheimer's Disease,Fz,1.057631840452903e-10,9.591296417050929e-12,2.4699649252755615e-12,5.405052771496173e-13
sub-020,Alzheimer's Disease,Cz,9.976076685550279e-11,9.076696998668342e-12,2.2025950692524045e-12,4.916251424787856e-13
sub-020,Alzheimer's Disease,Pz,9.885554153149725e-11,9.196287063313382e-12,2.268649406344904e-12,4.961855586351132e-13
sub-021,Alzheimer's Disease,Fp1,1.2584939057962596e-10,1.2898446014840056e-11,3.2082353196721137e-12,1.425675085113886e-12
sub-021,Alzheimer's Disease,Fp2,1.1991809772015088e-10,1.1554387080113188e-11,2.988832168414246e-12,1.3061024501840904e-12
sub-021,Alzheimer's Disease,F3,1.0018718973977517e-10,1.0164294528983024e-11,2.729796170782027e-12,8.564633056301603e-13
sub-021,Alzheimer's Disease,F4,1.0116628362693644e-10,1.0089251577805389e-11,2.682252010130304e-12,1.046184956698746e-12
sub-021,Alzheimer's Disease,C3,9.753156835771017e-11,9.348474617801207e-12,2.316076436009549e-12,5.627417937439961e-13
sub-021,Alzheimer's Disease,C4,9.83363055146899e-11,9.456154856360247e-12,2.310557600441143e-12,5.771971864029991e-13
sub-021,Alzheimer's Disease,P3,1.0701903467032268e-10,1.0525172614836442e-11,3.032259488326523e-12,7.960399858807969e-13
sub-021,Alzheimer's Disease,P4,9.98459032633352e-11,9.928686988325686e-12,2.7396493368190058e-12,6.97841654877289e-13
sub-021,Alzheimer's Disease,O1,1.0252953465966808e-10,1.0773242095138245e-11,3.5489181388791225e-12,1.1513917413331388e-12
sub-021,Alzheimer's Disease,O2,1.0221072607846498e-10,1.0741948972293712e-11,3.39567954707774e-12,1.0051467121953404e-12
sub-021,Alzheimer's Disease,F7,1.0638563302374533e-10,1.1612788506389773e-11,4.3047182044104e-12,1.068193854329344e-12
sub-021,Alzheimer's Disease,F8,1.1389640372921918e-10,1.2006807495083836e-11,3.81238164619638e-12,1.1515986417585105e-12
sub-021,Alzheimer's Disease,T3,1.0077288419102746e-10,1.076130683643863e-11,4.007687953679059e-12,8.90075357822239e-13
sub-021,Alzheimer's Disease,T4,1.025054229219635e-10,1.0855897670697778e-11,3.570470305286195e-12,9.097729062181066e-13
sub-021,Alzheimer's Disease,T5,9.9734625957445e-11,1.0418179166945299e-11,3.948278659086251e-12,1.0679445631623556e-12
sub-021,Alzheimer's Disease,T6,1.0319283097105325e-10,1.1105011686885094e-11,3.800890473187968e-12,9.990854046273038e-13
sub-021,Alzheimer's Disease,Fz,9.898042246954503e-11,1.0348899234642963e-11,2.7435831189275933e-12,6.943033217080804e-13
sub-021,Alzheimer's Disease,Cz,9.817261618081336e-11,9.403020937465272e-12,2.2775532905958155e-12,5.716536811577525e-13
sub-021,Alzheimer's Disease,Pz,9.92657649877293e-11,9.702296573160133e-12,2.5180295216938613e-12,6.540400829289496e-13
sub-022,Alzheimer's Disease,Fp1,1.5106931301120756e-10,1.724141059940952e-11,4.210290075203279e-12,1.3216401538588193e-12
sub-022,Alzheimer's Disease,Fp2,1.6145312609662176e-10,1.7159188912751256e-11,4.503626412608462e-12,1.3322856211263537e-12
sub-022,Alzheimer's Disease,F3,1.1046150467541979e-10,1.4828661408661096e-11,3.7765738184999494e-12,1.1216659581170188e-12
sub-022,Alzheimer's Disease,F4,1.1001544925567014e-10,1.469058608508271e-11,3.76385620967989e-12,1.0753643123493263e-12
sub-022,Alzheimer's Disease,C3,9.514272451704455e-11,1.2655435101332193e-11,3.0196344527288768e-12,8.16743756413843e-13
sub-022,Alzheimer's Disease,C4,9.834769392757239e-11,1.2671548964407403e-11,3.0749210465357294e-12,8.11395538818711e-13
sub-022,Alzheimer's Disease,P3,9.936707626319946e-11,1.5113947515258846e-11,4.5120938753626454e-12,8.493711659200132e-13
sub-022,Alzheimer's Disease,P4,1.0405622490907163e-10,1.4371115861808657e-11,4.03874990258602e-12,7.855152811847111e-13
sub-022,Alzheimer's Disease,O1,1.1558440147246415e-10,1.8885120955370504e-11,8.216829239070553e-12,1.0015356182631106e-12
sub-022,Alzheimer's Disease,O2,1.126647838615196e-10,1.610493937962447e-11,5.189526117548669e-12,9.009587712625579e-13
sub-022,Alzheimer's Disease,F7,1.1944727671276493e-10,1.6556024538816253e-11,4.339418170300925e-12,2.356999845172106e-12
sub-022,Alzheimer's Disease,F8,2.874579138379241e-10,1.1581420595543406e-10,3.075010950546574e-11,6.649888398766708e-12
sub-022,Alzheimer's Disease,T3,1.0419676816542832e-10,1.523803910838248e-11,4.243867558971108e-12,1.0000980552119875e-12
sub-022,Alzheimer's Disease,T4,1.0956398980354544e-10,1.5492988240815595e-11,4.475999704883662e-12,1.0540873380556092e-12
sub-022,Alzheimer's Disease,T5,1.0969343654340897e-10,1.923084526903131e-11,9.80127610814358e-12,1.0871044656538477e-12
sub-022,Alzheimer's Disease,T6,1.074386704130577e-10,1.6207630480496794e-11,5.498227996272384e-12,9.210512242072131e-13
sub-022,Alzheimer's Disease,Fz,1.070668379079283e-10,1.4173045433186825e-11,3.594775084091408e-12,8.891009299794543e-13
sub-022,Alzheimer's Disease,Cz,9.508569458873637e-11,1.3042194569960958e-11,3.49249824905067e-12,8.879946459232458e-13
sub-022,Alzheimer's Disease,Pz,1.1053892580139444e-10,1.5896979462034225e-11,4.38448333182902e-12,9.542341960911827e-13
sub-023,Alzheimer's Disease,Fp1,5.769187306054314e-10,1.3398020876360026e-10,3.066055476841071e-11,9.229241866426479e-12
sub-023,Alzheimer's Disease,Fp2,5.764528886117642e-10,1.346812098852687e-10,3.078165806071694e-11,8.982621909572755e-12
sub-023,Alzheimer's Disease,F3,5.330395555784463e-10,1.3547036067602757e-10,3.0593618230702795e-11,8.8451398005323e-12
sub-023,Alzheimer's Disease,F4,5.06481480131579e-10,1.1590316217064747e-10,2.4545574286475952e-11,7.013057882547244e-12
sub-023,Alzheimer's Disease,C3,5.390080772780557e-10,1.4290531903638343e-10,3.18106874552328e-11,9.152700094334094e-12
sub-023,Alzheimer's Disease,C4,6.225173601336831e-10,1.518599757157189e-10,4.6702553665124645e-11,7.379087725542586e-12
sub-023,Alzheimer's Disease,P3,5.404305597343992e-10,1.39143049214703e-10,3.217641412060718e-11,8.578579082510377e-12
sub-023,Alzheimer's Disease,P4,1.7474115116211129e-09,4.116279369289637e-10,1.5737590210560383e-10,5.010394791628005e-11
sub-023,Alzheimer's Disease,O1,7.729045084293745e-10,1.2567435340894738e-10,3.782983430652474e-11,7.341754843359238e-12
sub-023,Alzheimer's Disease,O2,3.1145719236017303e-09,5.447218266333273e-10,1.1586745037713012e-10,2.302091918370031e-11
sub-023,Alzheimer's Disease,F7,5.216915982598802e-10,1.2349125689191091e-10,2.721715390375884e-11,8.107020122802812e-12
sub-023,Alzheimer's Disease,F8,7.188662723141106e-10,2.6037678543714224e-10,7.468879778876355e-11,1.186891085386952e-11
sub-023,Alzheimer's Disease,T3,5.383869894591481e-10,1.4358067858148742e-10,3.2341645741668046e-11,9.758985888133412e-12
sub-023,Alzheimer's Disease,T4,5.247495871134075e-10,1.3882281526420166e-10,3.2107546640452736e-11,1.0011720202541248e-11
sub-023,Alzheimer's Disease,T5,5.409767099100901e-10,1.4695286458461672e-10,3.705248391996583e-11,9.40748078864255e-12
sub-023,Alzheimer's Disease,T6,9.603924789897613e-10,3.0491017576651125e-10,1.0241376811230659e-10,2.4830544318354705e-11
sub-023,Alzheimer's Disease,Fz,5.419292849028366e-10,1.4452517858743468e-10,3.3321413395303207e-11,9.005648722085853e-12
sub-023,Alzheimer's Disease,Cz,5.271723141057434e-10,1.3356317851344984e-10,2.924364335493058e-11,8.592520949926341e-12
sub-023,Alzheimer's Disease,Pz,5.976122452725087e-10,1.4288233356560302e-10,3.1345717754108036e-11,8.230983993580013e-12
sub-024,Alzheimer's Disease,Fp1,1.285826158267759e-10,1.973643906818963e-11,4.563896915481942e-12,1.1315852012453494e-12
sub-024,Alzheimer's Disease,Fp2,1.322214173554439e-10,2.0221103045077733e-11,4.312811031760085e-12,9.196575277940371e-13
sub-024,Alzheimer's Disease,F3,9.516855658778194e-11,1.5527626719436544e-11,3.718727971708942e-12,7.269707729830457e-13
sub-024,Alzheimer's Disease,F4,9.420933186232176e-11,1.4301553036581846e-11,3.5130254659665773e-12,6.820698064958175e-13
sub-024,Alzheimer's Disease,C3,8.98844659215676e-11,1.106762985003482e-11,2.5672540671243212e-12,5.441392991011844e-13
sub-024,Alzheimer's Disease,C4,8.791505098682619e-11,1.0500063528997857e-11,2.5692082911605355e-12,5.47994929359539e-13
sub-024,Alzheimer's Disease,P3,9.130943945968688e-11,1.1719640298485851e-11,3.0302105988930363e-12,5.694661108065277e-13
sub-024,Alzheimer's Disease,P4,9.040196481234702e-11,1.1764142560629286e-11,2.963222895656348e-12,5.628990641041788e-13
sub-024,Alzheimer's Disease,O1,9.212171378694598e-11,1.2112153139791752e-11,3.478911686166645e-12,6.703890699328667e-13
sub-024,Alzheimer's Disease,O2,9.197619302776166e-11,1.2516233658584173e-11,3.5393375635566303e-12,6.779799612807681e-13
sub-024,Alzheimer's Disease,F7,1.1047570660318916e-10,1.847487819646554e-11,4.294830230385744e-12,7.968703048474568e-13
sub-024,Alzheimer's Disease,F8,1.0382144670554589e-10,1.6321895191710103e-11,3.9176497809852825e-12,7.672863533781176e-13
sub-024,Alzheimer's Disease,T3,1.0099910872169684e-10,1.7032786015895426e-11,3.909750664017262e-12,7.115262299051528e-13
sub-024,Alzheimer's Disease,T4,9.506563659168182e-11,1.4729258740872815e-11,3.5566944930122294e-12,6.979301447871112e-13
sub-024,Alzheimer's Disease,T5,9.400342966928099e-11,1.4394767691410457e-11,3.696635723154773e-12,7.041900146843257e-13
sub-024,Alzheimer's Disease,T6,9.127326107392685e-11,1.4067160852858036e-11,3.55602044545344e-12,6.896797105160685e-13
sub-024,Alzheimer's Disease,Fz,9.402309915136084e-11,1.5152418225393725e-11,3.55946829606527e-12,6.37782313156743e-13
sub-024,Alzheimer's Disease,Cz,8.820509463712032e-11,9.60397211703015e-12,2.4881733887149024e-12,5.690872787870815e-13
sub-024,Alzheimer's Disease,Pz,9.054363999573162e-11,1.0638222654197113e-11,2.7646791353060454e-12,5.227056102729208e-13
sub-025,Alzheimer's Disease,Fp1,1.4962433279996427e-10,1.3158379591452791e-11,5.82626721524052e-12,1.2408509289814802e-12
sub-025,Alzheimer's Disease,Fp2,2.15546325814358e-10,1.4144472567814563e-11,5.905538811617011e-12,1.1766444839249406e-12
sub-025,Alzheimer's Disease,F3,1.1836226100186508e-10,1.1441125710062596e-11,4.291173451573969e-12,9.905642026176728e-13
sub-025,Alzheimer's Disease,F4,1.2901196011450927e-10,1.284041135506078e-11,4.793755174857216e-12,1.2264401937233455e-12
sub-025,Alzheimer's Disease,C3,1.178226224123609e-10,1.1215909649581182e-11,2.7981355927302678e-12,7.63790323463856e-13
sub-025,Alzheimer's Disease,C4,1.1786253334333018e-10,1.1272937027069192e-11,2.8019008073064618e-12,7.297848008107322e-13
sub-025,Alzheimer's Disease,P3,1.1874450642312563e-10,1.155752436081637e-11,9.057761007112229e-12,8.41309375895256e-13
sub-025,Alzheimer's Disease,P4,1.2089818523594538e-10,1.1917919326285758e-11,1.1565545789416676e-11,9.166354137393682e-13
sub-025,Alzheimer's Disease,O1,1.295982248676509e-10,1.3611652623299577e-11,2.8819241151919764e-11,1.3419458051775365e-12
sub-025,Alzheimer's Disease,O2,1.25344271857963e-10,1.3596644534777573e-11,3.027320587689665e-11,1.338018282040466e-12
sub-025,Alzheimer's Disease,F7,1.202870725999527e-10,1.1658014470683016e-11,4.504968287091907e-12,3.253984264898951e-12
sub-025,Alzheimer's Disease,F8,1.2385375668182168e-10,1.1985996457118406e-11,4.4050498837160995e-12,2.7423902439076857e-12
sub-025,Alzheimer's Disease,T3,1.1939435175344098e-10,1.1956278654543561e-11,4.84127468818307e-12,2.817584790543305e-12
sub-025,Alzheimer's Disease,T4,1.2212984985920373e-10,1.2129827210417462e-11,5.031380983828152e-12,2.0994299792514378e-12
sub-025,Alzheimer's Disease,T5,1.2065122637490688e-10,1.284123289518791e-11,1.5855100015820795e-11,1.3996600501082386e-12
sub-025,Alzheimer's Disease,T6,1.2119700872808718e-10,1.3134093776420566e-11,2.0126316002095635e-11,1.3029824380955777e-12
sub-025,Alzheimer's Disease,Fz,1.1807702513671732e-10,1.1391079454257373e-11,4.7947735947902935e-12,7.377684213551847e-13
sub-025,Alzheimer's Disease,Cz,1.1849454384795677e-10,1.125714035931188e-11,3.0437799633706615e-12,6.486440919100135e-13
sub-025,Alzheimer's Disease,Pz,1.1917170532539968e-10,1.1443002561182811e-11,7.990600105227772e-12,7.599444277695203e-13
sub-026,Alzheimer's Disease,Fp1,1.892534519787088e-10,2.5776494299136765e-11,5.465648805744038e-12,2.355315081381287e-12
sub-026,Alzheimer's Disease,Fp2,2.3358797486946877e-10,2.9173461407667967e-11,5.604061546594629e-12,2.3469573185985603e-12
sub-026,Alzheimer's Disease,F3,9.889380607843378e-11,1.2895035648979953e-11,3.1204670273384907e-12,2.100773955311993e-12
sub-026,Alzheimer's Disease,F4,1.0501270076425817e-10,1.3191315230905935e-11,3.370778088227897e-12,3.046204008149154e-12
sub-026,Alzheimer's Disease,C3,9.225519151812446e-11,9.732150512926751e-12,2.5088367759078685e-12,1.4301205267595944e-12
sub-026,Alzheimer's Disease,C4,9.196803406683644e-11,9.541088172421123e-12,2.481033536418792e-12,1.4667906332435297e-12
sub-026,Alzheimer's Disease,P3,9.655396344992853e-11,1.107750363044115e-11,2.8222730035714653e-12,1.3035234851519136e-12
sub-026,Alzheimer's Disease,P4,9.455678120416652e-11,1.1313598248123745e-11,2.849128559761736e-12,1.4155412483657627e-12
sub-026,Alzheimer's Disease,O1,1.0217171570635404e-10,1.3864953020982523e-11,4.113611821706375e-12,2.1591179022079884e-12
sub-026,Alzheimer's Disease,O2,1.0960870412297535e-10,1.5632069466419932e-11,4.533575693246516e-12,2.293045767877873e-12
sub-026,Alzheimer's Disease,F7,1.1378578920341591e-10,1.6987533515521526e-11,6.0683430304659825e-12,1.0689360195039234e-11
sub-026,Alzheimer's Disease,F8,1.3705779409111583e-10,1.7137792170248527e-11,4.868986961017406e-12,5.358918902403168e-12
sub-026,Alzheimer's Disease,T3,9.842612917439157e-11,1.1820918267845164e-11,3.5502467883574506e-12,3.5725208634366624e-12
sub-026,Alzheimer's Disease,T4,1.0350639420497574e-10,1.2043398957358318e-11,3.819893787149378e-12,3.80273032140662e-12
sub-026,Alzheimer's Disease,T5,9.609719545696196e-11,1.1486130024893916e-11,3.1631860754274776e-12,1.8300861393829387e-12
sub-026,Alzheimer's Disease,T6,1.002873315512595e-10,1.4297245494420216e-11,3.873620123809952e-12,1.9427418866615104e-12
sub-026,Alzheimer's Disease,Fz,9.692318270684978e-11,1.2036452169581814e-11,2.9038598810633967e-12,1.1940896558938697e-12
sub-026,Alzheimer's Disease,Cz,9.284945547047046e-11,1.0013988962628965e-11,2.7147250969809496e-12,1.1992715970914006e-12
sub-026,Alzheimer's Disease,Pz,9.855243399975064e-11,1.1023961538998377e-11,2.8677287401805422e-12,1.4197891075777548e-12
sub-027,Alzheimer's Disease,Fp1,3.543533998990895e-10,3.155780499619163e-11,6.427186559511246e-12,1.9578061464078542e-12
sub-027,Alzheimer's Disease,Fp2,2.1794046221537712e-10,3.4089843335187176e-11,6.464214020878985e-12,1.8172573412002347e-12
sub-027,Alzheimer's Disease,F3,1.734077417363068e-10,3.427301115133996e-11,5.923051333316786e-12,1.6060455888219187e-12
sub-027,Alzheimer's Disease,F4,1.655257632989195e-10,3.245584105537505e-11,6.036623238569013e-12,1.7101449489513237e-12
sub-027,Alzheimer's Disease,C3,1.340565849098534e-10,1.7857517317622678e-11,5.368048278849114e-12,1.4812373240954026e-12
sub-027,Alzheimer's Disease,C4,1.338438495252919e-10,1.778229889197395e-11,5.583604832099431e-12,1.4892074150426197e-12
sub-027,Alzheimer's Disease,P3,1.3754484379309713e-10,2.1073943958438688e-11,5.946204543387484e-12,1.5139272791194651e-12
sub-027,Alzheimer's Disease,P4,1.434466432208493e-10,2.3052786828405705e-11,5.815663895833719e-12,1.4159877253461549e-12
sub-027,Alzheimer's Disease,O1,1.4422115926546624e-10,2.582145833560807e-11,7.182037488646639e-12,1.6670295642623232e-12
sub-027,Alzheimer's Disease,O2,1.489676674278778e-10,2.7429817407650387e-11,6.88912216860058e-12,1.5673297730786751e-12
sub-027,Alzheimer's Disease,F7,1.838688059888243e-10,2.6368454430625995e-11,7.244864295022765e-12,2.456794831082778e-12
sub-027,Alzheimer's Disease,F8,1.900892868010445e-10,3.1025151450798015e-11,7.101529213272475e-12,2.7234061001599805e-12
sub-027,Alzheimer's Disease,T3,1.5039173421951183e-10,2.204469630304883e-11,6.576425586068578e-12,2.132059143203059e-12
sub-027,Alzheimer's Disease,T4,5.548280484048642e-10,9.534937188884719e-11,4.3844595901043696e-11,1.7831125620866392e-11
sub-027,Alzheimer's Disease,T5,1.412566765822126e-10,2.2138553976688673e-11,6.359281189142712e-12,1.8480666734831627e-12
sub-027,Alzheimer's Disease,T6,1.4301901753388794e-10,2.6054210194303624e-11,6.559616289140029e-12,1.627605859948826e-12
sub-027,Alzheimer's Disease,Fz,1.6929232502005296e-10,4.232498858092994e-11,7.56241432060178e-12,1.6684435951206065e-12
sub-027,Alzheimer's Disease,Cz,1.5805519690144728e-10,1.942006487280183e-11,6.024712917064444e-12,1.7687173577694585e-12
sub-027,Alzheimer's Disease,Pz,1.4336655771560177e-10,2.2667893260628248e-11,5.902140040805064e-12,1.4660739699785544e-12
sub-028,Alzheimer's Disease,Fp1,1.3358689863839171e-10,1.9579187192138974e-11,4.0661113533842474e-12,8.519835030969363e-13
sub-028,Alzheimer's Disease,Fp2,1.1762618732127347e-10,1.8501919367975907e-11,3.916961621148886e-12,7.879370952938823e-13
sub-028,Alzheimer's Disease,F3,8.787090765379668e-11,1.450504072954473e-11,3.1693905962872136e-12,6.235506666215742e-13
sub-028,Alzheimer's Disease,F4,8.541766461063015e-11,1.2729211447093137e-11,3.065236607838176e-12,6.405968432287981e-13
sub-028,Alzheimer's Disease,C3,8.13966194047469e-11,9.923255274483011e-12,2.3444643557035084e-12,4.850699871370978e-13
sub-028,Alzheimer's Disease,C4,8.136248920975356e-11,9.928676710608701e-12,2.3716699560385943e-12,5.295189831539919e-13
sub-028,Alzheimer's Disease,P3,8.340991183066624e-11,1.086991416919042e-11,2.7948219024785383e-12,5.875967502335856e-13
sub-028,Alzheimer's Disease,P4,8.323078270325835e-11,1.0299744724190458e-11,2.4651368442473437e-12,5.38229771529376e-13
sub-028,Alzheimer's Disease,O1,8.239259116257327e-11,1.1052056273951037e-11,3.0034940325633878e-12,6.459029002381469e-13
sub-028,Alzheimer's Disease,O2,8.242602624982232e-11,1.0302525962749637e-11,2.7218505731729625e-12,6.017327548843858e-13
sub-028,Alzheimer's Disease,F7,9.69234078410337e-11,1.7073076628320035e-11,3.5528720498048936e-12,6.768239786406725e-13
sub-028,Alzheimer's Disease,F8,9.517251427971727e-11,1.514809450808342e-11,3.5021856206490715e-12,7.151224852257135e-13
sub-028,Alzheimer's Disease,T3,8.812543831539263e-11,1.52964484097909e-11,3.328772628081642e-12,6.386626845068742e-13
sub-028,Alzheimer's Disease,T4,8.364674102661746e-11,1.1919284713224175e-11,2.8916808857593213e-12,6.076608055858405e-13
sub-028,Alzheimer's Disease,T5,8.22065416452986e-11,1.2125404525949088e-11,2.9907848746147563e-12,6.355422025993802e-13
sub-028,Alzheimer's Disease,T6,8.271510094474159e-11,1.0852511715902141e-11,2.7815844819487228e-12,5.882660638846686e-13
sub-028,Alzheimer's Disease,Fz,8.698059951122452e-11,1.3796726516141167e-11,3.1216599876822575e-12,5.94922140017672e-13
sub-028,Alzheimer's Disease,Cz,8.129980746916361e-11,9.289567444528704e-12,2.4249657859034416e-12,5.73080275081191e-13
sub-028,Alzheimer's Disease,Pz,8.110261018763061e-11,9.365388023713726e-12,2.3979513567292894e-12,5.213519335768315e-13
sub-029,Alzheimer's Disease,Fp1,1.9145940603764573e-09,1.0095476495714211e-10,1.2592178766076558e-11,2.7476526423252553e-12
sub-029,Alzheimer's Disease,Fp2,1.885879479724234e-09,9.170212740641109e-11,1.205901603739864e-11,2.611480393405352e-12
sub-029,Alzheimer's Disease,F3,1.9101554924269094e-09,9.219817070599142e-11,1.2267629862929087e-11,2.422791935317534e-12
sub-029,Alzheimer's Disease,F4,1.8697934456379254e-09,9.07522628409846e-11,1.1933757379761972e-11,2.615485768183352e-12
sub-029,Alzheimer's Disease,C3,1.862168137416682e-09,8.677832379837525e-11,1.1211632715957782e-11,2.2006706477966874e-12
sub-029,Alzheimer's Disease,C4,1.8710271222278963e-09,8.669448409502433e-11,1.1016575891912332e-11,2.2251389203839203e-12
sub-029,Alzheimer's Disease,P3,1.8554067174564444e-09,8.734043141062518e-11,1.14550698920296e-11,2.2195292018315026e-12
sub-029,Alzheimer's Disease,P4,1.8520721213475193e-09,8.712238788749745e-11,1.1343305112264529e-11,2.2354042352635177e-12
sub-029,Alzheimer's Disease,O1,1.8667163802012935e-09,8.866200054158642e-11,1.245860872595156e-11,2.4112989320638827e-12
sub-029,Alzheimer's Disease,O2,1.873417232621397e-09,8.815131599000291e-11,1.2349644119444815e-11,2.4454864006403923e-12
sub-029,Alzheimer's Disease,F7,1.8536891263577923e-09,8.968050801082697e-11,1.178703121625511e-11,2.4551169078689776e-12
sub-029,Alzheimer's Disease,F8,2.5233057630640025e-09,4.435916416221129e-10,1.1901440792770123e-10,3.9349285338038485e-11
sub-029,Alzheimer's Disease,T3,1.8667287430861406e-09,9.006934352104478e-11,1.1517596221149153e-11,2.340727948738002e-12
sub-029,Alzheimer's Disease,T4,1.858419186944337e-09,9.014372325615454e-11,1.1329097123096243e-11,2.3766065523288777e-12
sub-029,Alzheimer's Disease,T5,1.853993118192442e-09,8.814832733467384e-11,1.1568331175833075e-11,2.2408719855692828e-12
sub-029,Alzheimer's Disease,T6,1.8852582895757517e-09,8.967897900456717e-11,1.1771920940774709e-11,2.34072427319577e-12
sub-029,Alzheimer's Disease,Fz,1.8708167780357667e-09,8.981012739905434e-11,1.1454024798227084e-11,2.2623734166460834e-12
sub-029,Alzheimer's Disease,Cz,1.861058331495207e-09,8.560202639360171e-11,1.1282536984611e-11,2.3096798969233763e-12
sub-029,Alzheimer's Disease,Pz,1.8682284799715157e-09,8.738786449073238e-11,1.1583274273947438e-11,2.2602839202863945e-12
sub-030,Alzheimer's Disease,Fp1,3.433268279982813e-10,3.637288830026338e-11,7.899902534936589e-12,2.4255156138951878e-12
sub-030,Alzheimer's Disease,Fp2,2.9546053501380956e-10,3.376665436059742e-11,7.354736003454204e-12,3.791350031406322e-12
sub-030,Alzheimer's Disease,F3,2.161274038541612e-10,3.258242718657318e-11,6.054981078210995e-12,1.030277478584617e-12
sub-030,Alzheimer's Disease,F4,1.6933600753102062e-10,2.654575626302916e-11,5.469014591392705e-12,1.6600500072417435e-12
sub-030,Alzheimer's Disease,C3,1.3929856634229914e-10,1.5943638301546917e-11,4.069497666257372e-12,7.527513435848584e-13
sub-030,Alzheimer's Disease,C4,1.3701952366337512e-10,1.5674396272964552e-11,4.194193166474202e-12,7.316058031221637e-13
sub-030,Alzheimer's Disease,P3,1.4244124152042178e-10,1.710215154569077e-11,4.430325701543278e-12,7.911676935123732e-13
sub-030,Alzheimer's Disease,P4,1.5546252008199695e-10,1.89673326579476e-11,5.130252744433124e-12,1.070624267421437e-12
sub-030,Alzheimer's Disease,O1,1.5626527283831948e-10,2.1767650039754656e-11,5.818163959254107e-12,1.5412265908598087e-12
sub-030,Alzheimer's Disease,O2,1.4470671822228997e-08,1.980715291832033e-09,6.238936008707494e-10,1.8808602267677422e-10
sub-030,Alzheimer's Disease,F7,2.530864058161465e-10,3.506852958240371e-11,8.353689168852298e-12,1.2274732495082174e-12
sub-030,Alzheimer's Disease,F8,1.916886217938012e-10,3.0060343797244534e-11,7.185081814441294e-12,1.4064989055228823e-12
sub-030,Alzheimer's Disease,T3,2.355803258242317e-10,3.102516283278681e-11,7.331854396874973e-12,1.003040075336221e-12
sub-030,Alzheimer's Disease,T4,1.7413044420285265e-10,2.4077102048905416e-11,6.2242518732698146e-12,1.2045197253271615e-12
sub-030,Alzheimer's Disease,T5,1.800205157766869e-10,2.4196019063329497e-11,6.512900240695854e-12,1.0385531116609392e-12
sub-030,Alzheimer's Disease,T6,1.6043680592241904e-10,2.03047138384647e-11,5.5099786152594195e-12,1.1719197063575457e-12
sub-030,Alzheimer's Disease,Fz,2.0277831660529e-10,3.9067406447766135e-11,5.408951899473715e-12,9.207164434469252e-13
sub-030,Alzheimer's Disease,Cz,1.5566004990664096e-10,1.7300468499818767e-11,3.6327264389068294e-12,8.108914838884779e-13
sub-030,Alzheimer's Disease,Pz,1.3914629016570436e-10,1.6739721473425294e-11,3.965904411981013e-12,8.44936363685012e-13
sub-031,Alzheimer's Disease,Fp1,3.6007847294793834e-10,4.431172067760065e-11,1.4275814875165758e-11,4.0626201075451275e-12
sub-031,Alzheimer's Disease,Fp2,3.7348791714437437e-10,4.5063120572806795e-11,1.4474657368279783e-11,4.213031150153991e-12
sub-031,Alzheimer's Disease,F3,3.4509506696568095e-10,4.20272443164987e-11,1.3198453901057574e-11,3.666239216213182e-12
sub-031,Alzheimer's Disease,F4,3.5288219513783216e-10,4.3010356994420985e-11,1.3611905109053098e-11,3.85075717695036e-12
sub-031,Alzheimer's Disease,C3,3.4458019482572747e-10,4.143192155204107e-11,1.2654206590156256e-11,3.623132996159659e-12
sub-031,Alzheimer's Disease,C4,3.5034716789801763e-10,4.234006453358599e-11,1.3061840209609776e-11,3.703660711754262e-12
sub-031,Alzheimer's Disease,P3,3.2515957828296835e-10,3.916803628688121e-11,1.4020730348746318e-11,3.466590560880027e-12
sub-031,Alzheimer's Disease,P4,3.5184583062513954e-10,4.253927031499254e-11,1.4018987027750629e-11,3.5735032161886834e-12
sub-031,Alzheimer's Disease,O1,3.511766134392015e-10,4.36714948866005e-11,1.903543464276562e-11,3.988156728407826e-12
sub-031,Alzheimer's Disease,O2,3.600065873963832e-10,4.4111943882340377e-11,2.24484263790719e-11,3.9740644125831925e-12
sub-031,Alzheimer's Disease,F7,3.560718089439211e-10,4.327952324147623e-11,1.3818536823401126e-11,4.461893268152332e-12
sub-031,Alzheimer's Disease,F8,3.5608148630379363e-10,4.346209312977895e-11,1.3606861895979539e-11,3.956832941329478e-12
sub-031,Alzheimer's Disease,T3,3.5170245037353826e-10,4.349817460955941e-11,1.4562036886640838e-11,4.214135773318127e-12
sub-031,Alzheimer's Disease,T4,3.507997956665701e-10,4.268587930122994e-11,1.376961153091699e-11,4.54796914545822e-12
sub-031,Alzheimer's Disease,T5,3.465980203306045e-10,4.344543722327148e-11,2.0093815557245306e-11,3.890071066799972e-12
sub-031,Alzheimer's Disease,T6,3.585408745362142e-10,4.4128476277535206e-11,1.8355017305714307e-11,3.886862644195913e-12
sub-031,Alzheimer's Disease,Fz,3.521784118617644e-10,4.3343506489158564e-11,1.4169838711796412e-11,3.800812448786494e-12
sub-031,Alzheimer's Disease,Cz,3.509439824536917e-10,4.2449339611933e-11,1.347144122923771e-11,3.750239756365347e-12
sub-031,Alzheimer's Disease,Pz,3.4428554585226147e-10,4.117127531310225e-11,1.4124226281129747e-11,3.650714742558173e-12
sub-032,Alzheimer's Disease,Fp1,7.731875040494221e-10,2.9660972236202444e-10,1.869590676086283e-10,6.900827420213729e-11
sub-032,Alzheimer's Disease,Fp2,7.521035575610953e-10,2.9700291266767536e-10,1.867405424778587e-10,6.929948330827083e-11
sub-032,Alzheimer's Disease,F3,7.138261939579663e-10,2.898051515879243e-10,1.8553113274538422e-10,6.870477283331941e-11
sub-032,Alzheimer's Disease,F4,7.124774749760622e-10,2.916036829545546e-10,1.8615297019695914e-10,6.882326071822315e-11
sub-032,Alzheimer's Disease,C3,7.073515884124195e-10,2.8700954555211955e-10,1.8475010174726564e-10,6.872399948820174e-11
sub-032,Alzheimer's Disease,C4,7.072926959733352e-10,2.883872149285358e-10,1.8532751100483553e-10,6.878193556924191e-11
sub-032,Alzheimer's Disease,P3,7.070702684113631e-10,2.882559191917812e-10,1.8479500762335829e-10,6.884813375722821e-11
sub-032,Alzheimer's Disease,P4,7.068759153183868e-10,2.9031433283305675e-10,1.8557796491506052e-10,6.89462841606753e-11
sub-032,Alzheimer's Disease,O1,7.102715750284007e-10,2.919369498823557e-10,1.86147566275629e-10,6.905242382041603e-11
sub-032,Alzheimer's Disease,O2,7.11566067779159e-10,2.9315980110911787e-10,1.8754642496345794e-10,6.92050890513112e-11
sub-032,Alzheimer's Disease,F7,7.2087600609945e-10,2.914656874629451e-10,1.8650083887975681e-10,6.890374429179815e-11
sub-032,Alzheimer's Disease,F8,7.34466491888523e-10,2.950693178476279e-10,1.8710382364832418e-10,6.91450501612811e-11
sub-032,Alzheimer's Disease,T3,7.133807088552606e-10,2.905113334471391e-10,1.8640187021816954e-10,6.887848162145924e-11
sub-032,Alzheimer's Disease,T4,7.145234124658493e-10,2.931306436752617e-10,1.8650256588189843e-10,6.897265595263207e-11
sub-032,Alzheimer's Disease,T5,7.107642860192501e-10,2.909281330396834e-10,1.8567778773726067e-10,6.899682283478067e-11
sub-032,Alzheimer's Disease,T6,7.121629674813111e-10,2.9529432068504186e-10,1.874743927220795e-10,6.924319861777326e-11
sub-032,Alzheimer's Disease,Fz,7.144726597522286e-10,2.9144273146714827e-10,1.8600502771627905e-10,6.869049048833389e-11
sub-032,Alzheimer's Disease,Cz,7.078232668427065e-10,2.869801100466374e-10,1.8492557372593197e-10,6.859461254414273e-11
sub-032,Alzheimer's Disease,Pz,7.069560875871132e-10,2.890287894154429e-10,1.8493053604312124e-10,6.87692074624569e-11
sub-033,Alzheimer's Disease,Fp1,9.491057558194682e-11,1.0075095297559395e-11,3.840197723486319e-12,1.9541180059240315e-12
sub-033,Alzheimer's Disease,Fp2,9.766761206593268e-11,1.0370440431004147e-11,3.7294339094263605e-12,2.2103905357904274e-12
sub-033,Alzheimer's Disease,F3,8.298081315776052e-11,9.210764153400085e-12,3.1920462356488107e-12,1.4774596151012173e-12
sub-033,Alzheimer's Disease,F4,8.222164155010055e-11,9.435958933828458e-12,3.0052632658380558e-12,1.6237177406245085e-12
sub-033,Alzheimer's Disease,C3,7.941521512081698e-11,8.384062314315661e-12,2.6312830217393536e-12,7.33944723273348e-13
sub-033,Alzheimer's Disease,C4,7.937635642240985e-11,8.513270437101011e-12,2.712781456927899e-12,7.432879956502298e-13
sub-033,Alzheimer's Disease,P3,7.995636605378044e-11,8.706959803133841e-12,3.3959954633787876e-12,8.807281720978629e-13
sub-033,Alzheimer's Disease,P4,8.003529795198318e-11,9.040293555887592e-12,3.653555845998457e-12,8.732046531773726e-13
sub-033,Alzheimer's Disease,O1,8.115267451838846e-11,9.622449373110052e-12,4.603340758165506e-12,1.1116027562856413e-12
sub-033,Alzheimer's Disease,O2,8.12930217195932e-11,9.540536534225715e-12,3.60556990954293e-12,9.288304660224255e-13
sub-033,Alzheimer's Disease,F7,8.821754537867875e-11,1.0807784043810516e-11,6.2286384115499656e-12,1.2906233144416608e-12
sub-033,Alzheimer's Disease,F8,8.653698111252377e-11,9.96053566513019e-12,4.2153484680123265e-12,1.7035271909961985e-12
sub-033,Alzheimer's Disease,T3,8.311552495911183e-11,1.0178712239621121e-11,7.008111138345399e-12,1.3049322392955563e-12
sub-033,Alzheimer's Disease,T4,8.271376296028619e-11,1.0455375184178673e-11,6.203549192858662e-12,1.2710440290543534e-12
sub-033,Alzheimer's Disease,T5,8.123459955578768e-11,9.60719283070061e-12,5.545482883651147e-12,1.148309509711738e-12
sub-033,Alzheimer's Disease,T6,8.068888309609224e-11,9.695116504558131e-12,4.694034365117828e-12,1.0633200516193793e-12
sub-033,Alzheimer's Disease,Fz,8.232850100758896e-11,1.0295091664072434e-11,3.141753806844719e-12,1.2721769444600622e-12
sub-033,Alzheimer's Disease,Cz,7.99961081549307e-11,8.997971346598728e-12,2.508607537459139e-12,7.878551883163943e-13
sub-033,Alzheimer's Disease,Pz,7.970923671829734e-11,8.798695825961432e-12,2.609416733780035e-12,6.75685800116171e-13
sub-034,Alzheimer's Disease,Fp1,1.32908851368754e-10,1.3446823241386328e-11,2.699077779429991e-12,7.237057738573414e-13
sub-034,Alzheimer's Disease,Fp2,1.255142262154675e-10,1.2593377007974286e-11,2.722978464402381e-12,7.317144250057489e-13
sub-034,Alzheimer's Disease,F3,1.1077875981854956e-10,1.1162626608143972e-11,2.5265268681794947e-12,6.523480233805354e-13
sub-034,Alzheimer's Disease,F4,1.0197995727035244e-10,1.017601024848372e-11,2.397707745796823e-12,5.852893395158151e-13
sub-034,Alzheimer's Disease,C3,1.0247339460316531e-10,9.958103158521688e-12,2.3653960921169245e-12,5.904772213250816e-13
sub-034,Alzheimer's Disease,C4,1.0555031227016086e-10,1.0218209152782782e-11,2.523660365697243e-12,6.432117148500128e-13
sub-034,Alzheimer's Disease,P3,1.122366317632105e-10,1.1402064724304137e-11,2.9258746230418104e-12,7.859958039017708e-13
sub-034,Alzheimer's Disease,P4,1.042638052220416e-10,1.0290013683629135e-11,2.7238298723424852e-12,7.032490261728129e-13
sub-034,Alzheimer's Disease,O1,1.0282839434953778e-10,1.1148796871472061e-11,3.1855797181997757e-12,7.727073034199525e-13
sub-034,Alzheimer's Disease,O2,1.0816211932623513e-10,1.163568486693029e-11,3.403755879193574e-12,8.075621488784274e-13
sub-034,Alzheimer's Disease,F7,1.185249354716549e-08,1.2025279745738127e-09,3.161846909258509e-10,4.6569559684312754e-11
sub-034,Alzheimer's Disease,F8,1.0594249617984396e-10,1.1575118575548386e-11,2.722928896910958e-12,6.63594580332584e-13
sub-034,Alzheimer's Disease,T3,1.0384725927407859e-10,1.1364115147486187e-11,2.5860981790602776e-12,7.757557567057661e-13
sub-034,Alzheimer's Disease,T4,1.0192741172053383e-10,1.1703438096785195e-11,2.7615746760614005e-12,6.285414018478689e-13
sub-034,Alzheimer's Disease,T5,1.0231193902769815e-10,1.1066069382699074e-11,2.8680520688743734e-12,7.307287251776516e-13
sub-034,Alzheimer's Disease,T6,1.023289277642056e-10,1.1761841493293669e-11,3.190297981070063e-12,7.316359230705577e-13
sub-034,Alzheimer's Disease,Fz,1.0230789953145134e-10,1.0034736228648131e-11,2.3107255108616852e-12,5.593533701953617e-13
sub-034,Alzheimer's Disease,Cz,1.0163568285830299e-10,9.662206159405502e-12,2.2236190670674624e-12,5.174597492468699e-13
sub-034,Alzheimer's Disease,Pz,1.0203658323426706e-10,1.0000566947661398e-11,2.392914149127881e-12,6.042414218319935e-13
sub-035,Alzheimer's Disease,Fp1,1.1066485874768691e-10,1.1022454174922667e-11,3.4805149535874776e-12,8.770208741614024e-13
sub-035,Alzheimer's Disease,Fp2,1.0547565850793318e-10,1.1208211011667966e-11,3.502502758233345e-12,1.0183106535329586e-12
sub-035,Alzheimer's Disease,F3,8.704869742290033e-11,9.660278213749937e-12,2.7320599432512074e-12,6.218052896724251e-13
sub-035,Alzheimer's Disease,F4,8.450304034936878e-11,9.792319732519485e-12,2.7152351141685647e-12,6.313605759480999e-13
sub-035,Alzheimer's Disease,C3,8.108047101930444e-11,8.80989323358098e-12,2.157867920272854e-12,4.747602253180352e-13
sub-035,Alzheimer's Disease,C4,8.084887047705104e-11,8.852024695160192e-12,2.138227675227784e-12,4.779254492144894e-13
sub-035,Alzheimer's Disease,P3,8.329113562916948e-11,9.08734337023917e-12,2.317972579875681e-12,5.310548845948225e-13
sub-035,Alzheimer's Disease,P4,8.393698800664061e-11,9.072894649336641e-12,2.3064968175655483e-12,4.904022649026432e-13
sub-035,Alzheimer's Disease,O1,8.602771474870225e-11,9.59550415131444e-12,2.505511200581989e-12,6.360696488631109e-13
sub-035,Alzheimer's Disease,O2,8.670008441359889e-11,9.520581470355675e-12,2.460637779240816e-12,5.493102327644468e-13
sub-035,Alzheimer's Disease,F7,9.478943408354019e-11,1.3203823658415195e-11,3.8523401851897514e-12,7.878707703426863e-13
sub-035,Alzheimer's Disease,F8,9.176687530012643e-11,1.3310739732575e-11,3.5071322068087355e-12,7.931370750143091e-13
sub-035,Alzheimer's Disease,T3,8.853248902732992e-11,1.1432853069252542e-11,3.1406502842718983e-12,1.0440397388011706e-12
sub-035,Alzheimer's Disease,T4,8.459978962626822e-11,1.1473394952141177e-11,3.1025963677269854e-12,9.640730292154652e-13
sub-035,Alzheimer's Disease,T5,8.643482167166367e-11,9.85388430887177e-12,2.6189894887867118e-12,7.330717407582536e-13
sub-035,Alzheimer's Disease,T6,8.865255621984195e-11,9.867507308661275e-12,2.610045789972695e-12,6.168247703988295e-13
sub-035,Alzheimer's Disease,Fz,8.588524146038306e-11,9.60210896445431e-12,2.784007811917758e-12,5.228052428303659e-13
sub-035,Alzheimer's Disease,Cz,8.084611584222925e-11,8.67683373523687e-12,2.2607627936688696e-12,4.584996328587384e-13
sub-035,Alzheimer's Disease,Pz,8.326459246023146e-11,8.910844457605904e-12,2.256419048746054e-12,4.629284100014524e-13
sub-036,Alzheimer's Disease,Fp1,9.519040255777235e-11,1.185412098807384e-11,9.224825821502615e-12,2.074622797925545e-12
sub-036,Alzheimer's Disease,Fp2,8.870113412076216e-11,1.1181374364652413e-11,8.002207212640421e-12,2.041602079274595e-12
sub-036,Alzheimer's Disease,F3,8.002082843350631e-11,1.0033130080796274e-11,6.8042236131037214e-12,1.7323173278595536e-12
sub-036,Alzheimer's Disease,F4,7.938187340882773e-11,1.0023665941504195e-11,6.531343584935696e-12,1.7426331069327663e-12
sub-036,Alzheimer's Disease,C3,7.939606790091495e-11,9.448624906585107e-12,6.843443509035063e-12,1.3978353860436805e-12
sub-036,Alzheimer's Disease,C4,7.853592379525359e-11,9.391466383334296e-12,7.0301553495579355e-12,1.382671557239637e-12
sub-036,Alzheimer's Disease,P3,8.030296760845166e-11,1.023621584088392e-11,9.274699563510426e-12,2.040387605342335e-12
sub-036,Alzheimer's Disease,P4,8.035485971378937e-11,1.0773833831058071e-11,1.0853233409263956e-11,1.7928150696250317e-12
sub-036,Alzheimer's Disease,O1,8.112675376736535e-11,1.0878427257510293e-11,1.0083749787330363e-11,2.0340554343139387e-12
sub-036,Alzheimer's Disease,O2,8.112688590549717e-11,1.146108189974303e-11,1.0322173863040868e-11,1.8086916782060997e-12
sub-036,Alzheimer's Disease,F7,9.489512674778395e-11,1.276646471854322e-11,1.1669745222122984e-11,1.962012547381181e-12
sub-036,Alzheimer's Disease,F8,8.856431699438177e-11,1.1837228855128367e-11,9.466383852551276e-12,1.881597301142153e-12
sub-036,Alzheimer's Disease,T3,8.54108410180842e-11,1.2699848088338277e-11,1.3841100838759953e-11,2.129931050988584e-12
sub-036,Alzheimer's Disease,T4,8.275639787984658e-11,1.2273993734348835e-11,1.1810140007261142e-11,1.884626204441213e-12
sub-036,Alzheimer's Disease,T5,8.098167614328932e-11,1.1043497238516096e-11,9.722703340880434e-12,1.8067533633369162e-12
sub-036,Alzheimer's Disease,T6,8.1097316337742e-11,1.2476210344801855e-11,1.5017096351814627e-11,2.3710546834994415e-12
sub-036,Alzheimer's Disease,Fz,7.80607270794232e-11,1.0492131638388627e-11,6.8834004377442156e-12,1.7984160987801187e-12
sub-036,Alzheimer's Disease,Cz,8.000291289945944e-11,9.612799588062157e-12,5.913655994954573e-12,1.5330657823076268e-12
sub-036,Alzheimer's Disease,Pz,8.038859124909426e-11,9.97939641458077e-12,7.153007164398644e-12,1.4898024155053315e-12
sub-037,Control,Fp1,1.2135687035980446e-10,1.6860314879537547e-11,9.656570235650444e-12,1.1087346522069885e-12
sub-037,Control,Fp2,1.2296353623797703e-10,1.6315965964004886e-11,9.464307189415617e-12,1.0815275401181098e-12
sub-037,Control,F3,1.0968824876710195e-10,1.51113654025403e-11,6.570600765366987e-12,1.0162091519684492e-12
sub-037,Control,F4,1.1159095473283564e-10,1.5475647731725536e-11,7.422719031750198e-12,9.537292171855716e-13
sub-037,Control,C3,1.0678413171957366e-10,1.3633415988293121e-11,4.469619121465252e-12,7.447808334542355e-13
sub-037,Control,C4,1.0761581531405845e-10,1.4590570431952712e-11,4.654672497577173e-12,8.116564215025954e-13
sub-037,Control,P3,1.1052521790384863e-10,1.7112764192636644e-11,1.6692775196122583e-11,9.028901376488085e-13
sub-037,Control,P4,1.093081832715137e-10,1.603257737659216e-11,1.0505346573892482e-11,9.118887340480922e-13
sub-037,Control,O1,1.0697413767724007e-10,1.9925787900980026e-11,2.974093654835532e-11,1.0359995597069622e-12
sub-037,Control,O2,1.0934268241262561e-10,1.8935923388135523e-11,2.5542139018341528e-11,1.0504121352885779e-12
sub-037,Control,F7,1.168604089329756e-10,1.770577681698392e-11,8.676937949738531e-12,1.378704792313206e-12
sub-037,Control,F8,1.14014111081519e-10,1.6473896274177308e-11,9.144891925128552e-12,1.0574964724539919e-12
sub-037,Control,T3,1.1144734286995754e-10,1.6695131359487678e-11,7.262277762499889e-12,1.0761033534923262e-12
sub-037,Control,T4,1.1182101847467767e-10,1.5873604363199412e-11,6.8510703108565525e-12,1.0237012028079155e-12
sub-037,Control,T5,3.214403054692472e-10,2.760986121989256e-11,2.211139655427166e-11,1.4089196969549836e-12
sub-037,Control,T6,1.0935184011898807e-10,1.774705091598399e-11,1.4460556044889406e-11,1.0841232328929973e-12
sub-037,Control,Fz,1.0964779585159794e-10,1.5205664108951554e-11,7.45226230981907e-12,9.038952799841421e-13
sub-037,Control,Cz,1.0673375771315606e-10,1.3793452930787677e-11,5.14784243119016e-12,7.573149810561136e-13
sub-037,Control,Pz,1.0399968456735796e-10,1.5153740836995994e-11,1.6811611887964636e-11,6.953654933645737e-13
sub-038,Control,Fp1,9.774420840269918e-11,1.0136645108566049e-11,4.113615103699913e-12,1.1187509303814222e-12
sub-038,Control,Fp2,9.863610958906899e-11,1.0099581978870292e-11,3.9694776453894754e-12,1.2566702558866725e-12
sub-038,Control,F3,8.77715075253831e-11,9.618292277294094e-12,3.0923532146964526e-12,1.0330606108321977e-12
sub-038,Control,F4,8.918274319169547e-11,9.68063955807342e-12,3.1587632668799036e-12,1.1401150192771196e-12
sub-038,Control,C3,8.576755891323448e-11,9.169838525823357e-12,2.4806305435025634e-12,8.187664934238163e-13
sub-038,Control,C4,8.526320928546708e-11,9.100073365107586e-12,2.539517648703778e-12,7.999476895334161e-13
sub-038,Control,P3,1.2116415103935407e-10,1.1329850302201904e-11,4.311568363559281e-12,9.4831512688706e-13
sub-038,Control,P4,1.7861385189111648e-10,1.1983100169810357e-11,4.682752498189439e-12,9.719871845872571e-13
sub-038,Control,O1,9.012588395972103e-11,1.0673445028179283e-11,7.971429188304133e-12,1.1151877184250985e-12
sub-038,Control,O2,1.0960291380416069e-10,1.1759301389156154e-11,1.0925179575077624e-11,1.148699431178436e-12
sub-038,Control,F7,9.052807270905409e-11,9.725001571673727e-12,4.141206936577502e-12,1.2180991585202284e-12
sub-038,Control,F8,9.2611803521468e-11,1.0094235935589194e-11,4.1524950822854634e-12,1.3655171159023075e-12
sub-038,Control,T3,8.743680487826117e-11,9.546511431840286e-12,3.594823889912916e-12,8.989063329416663e-13
sub-038,Control,T4,9.457736014659679e-11,9.74764319554441e-12,3.5431428385454462e-12,1.0577248323221006e-12
sub-038,Control,T5,1.4333141042144895e-10,1.5862535812466246e-11,7.088683807796592e-12,1.169125524836912e-12
sub-038,Control,T6,1.9349500687510363e-10,1.2721216319290718e-11,7.677456741984213e-12,1.2396844679633989e-12
sub-038,Control,Fz,8.711455848870414e-11,9.613489641895164e-12,2.9040720880302173e-12,9.744082880658601e-13
sub-038,Control,Cz,1.3080226576738392e-10,1.1057181920340328e-11,3.0263221392488206e-12,8.462407848464218e-13
sub-038,Control,Pz,1.9913818925464492e-10,1.0964572958032019e-11,3.977374517497709e-12,8.18020566144767e-13
sub-039,Control,Fp1,1.0219727839956339e-10,1.127935240648751e-11,1.745575819322839e-11,2.0110475102036244e-12
sub-039,Control,Fp2,1.0193848957562129e-10,1.1403627592584273e-11,1.76260240143448e-11,2.0349579972413705e-12
sub-039,Control,F3,9.910406743279288e-11,1.059035474685283e-11,1.1622016430764065e-11,1.1987468649204984e-12
sub-039,Control,F4,9.680442242554468e-11,1.0717173461734503e-11,1.3946457524591595e-11,1.274515752054164e-12
sub-039,Control,C3,9.53737833383796e-11,9.667488000220639e-12,8.223852009426593e-12,8.661763011325818e-13
sub-039,Control,C4,9.006351326339185e-11,9.375994450466114e-12,8.00485692376506e-12,8.614890768410485e-13
sub-039,Control,P3,9.604437060095028e-11,1.1715669139677371e-11,2.3724900154677958e-11,1.1609136493954764e-12
sub-039,Control,P4,1.5391290448887637e-10,1.2928724936572558e-11,1.3270749943948474e-11,1.0029174722587726e-12
sub-039,Control,O1,9.727430470052831e-11,1.4806050143280574e-11,4.2835423040899104e-11,1.3218351533699399e-12
sub-039,Control,O2,1.6713808448745845e-10,1.4670459367194256e-11,3.624531670527752e-11,1.5741917669279172e-12
sub-039,Control,F7,9.864791554028411e-11,1.0740070182154559e-11,1.4809115789090934e-11,1.3352200538198668e-12
sub-039,Control,F8,9.988307425768074e-11,1.12722112319289e-11,1.641871323930125e-11,1.3551677848355894e-12
sub-039,Control,T3,9.748186732256264e-11,1.1146191594134548e-11,1.5284322206443525e-11,1.017281844467978e-12
sub-039,Control,T4,2.7926520661484743e-10,1.1463064610622754e-11,1.4313120618596878e-11,1.2005730131395226e-12
sub-039,Control,T5,9.73332786866315e-11,1.4203487930669795e-11,3.55075472508913e-11,1.261583892083406e-12
sub-039,Control,T6,3.073244540271205e-10,2.525286059488737e-11,3.257627195559341e-11,1.352348442090176e-12
sub-039,Control,Fz,9.92658877900263e-11,1.1191329391286322e-11,1.46464994680769e-11,1.0918186525308672e-12
sub-039,Control,Cz,9.472495944048375e-11,9.313878882847843e-12,4.187727758509743e-12,8.037985735970777e-13
sub-039,Control,Pz,9.602622603467764e-11,1.1831173932042161e-11,2.149120679605244e-11,9.63052456415251e-13
sub-040,Control,Fp1,1.7916854891896633e-10,2.0358739130330277e-11,6.4615103612739546e-12,1.0101264644858143e-12
sub-040,Control,Fp2,1.8142239140356534e-10,2.0173480231464286e-11,6.203823202895436e-12,1.2284027341365857e-12
sub-040,Control,F3,1.6684610937497433e-10,1.9091706719136806e-11,5.100692528012872e-12,8.293550143893556e-13
sub-040,Control,F4,1.862784053612044e-10,2.8808862862891034e-11,7.505257959318149e-12,1.3426204580808076e-12
sub-040,Control,C3,1.681519098939559e-10,1.936344618516742e-11,3.403745376291519e-12,7.39432913116904e-13
sub-040,Control,C4,1.8208302794355722e-10,2.3617671564872022e-11,4.240974728535222e-12,8.26502686629737e-13
sub-040,Control,P3,1.732340630241563e-10,2.000757091602038e-11,8.048284090229293e-12,8.739699733992312e-13
sub-040,Control,P4,1.6846915937947092e-10,1.9062805094682176e-11,7.62074880285203e-12,8.823507965537134e-13
sub-040,Control,O1,1.9553072433923194e-10,2.6908983119183364e-11,2.218186931194257e-11,1.421951929135042e-12
sub-040,Control,O2,1.7931797164616923e-10,2.0711562168762535e-11,2.1833251124178564e-11,1.3905473330030678e-12
sub-040,Control,F7,1.7063294465429284e-10,1.9828483073856405e-11,6.503507611493946e-12,1.0407521670384739e-12
sub-040,Control,F8,1.8033481290895173e-10,2.140315118620718e-11,6.227259621574944e-12,1.1373039538739785e-12
sub-040,Control,T3,1.6733865601574746e-10,2.0042130024640565e-11,7.605597400277647e-12,1.2312611902218106e-12
sub-040,Control,T4,4.721732043522647e-10,1.2204062485512985e-10,2.7825325326941313e-11,3.871908539084954e-12
sub-040,Control,T5,1.6133249971259744e-10,1.907846504709865e-11,1.3870552744107386e-11,1.1172912923044333e-12
sub-040,Control,T6,1.0451989411169522e-09,9.294424219943086e-11,2.1554779399087903e-11,3.6293798802016392e-12
sub-040,Control,Fz,1.6440221938667154e-10,1.870899261421502e-11,4.459202607692459e-12,6.762982158104758e-13
sub-040,Control,Cz,1.6909019717804193e-10,1.8908111092949075e-11,3.3142783695592956e-12,6.676390489323824e-13
sub-040,Control,Pz,1.641312389970804e-10,1.6600414654141378e-11,8.774880416725505e-12,8.64340962895164e-13
sub-041,Control,Fp1,9.916946686000074e-11,9.353964977548315e-12,3.158772916788111e-12,1.0482011754854003e-12
sub-041,Control,Fp2,9.941125171690834e-11,9.145394491397961e-12,3.0554686212737332e-12,9.758334760844753e-13
sub-041,Control,F3,8.993627466777683e-11,8.40085077536378e-12,2.774137197081865e-12,1.0720423047279797e-12
sub-041,Control,F4,9.08740810744221e-11,8.386094446359188e-12,2.7841873754185414e-12,9.133906549628173e-13
sub-041,Control,C3,8.865998417331365e-11,8.068088506314945e-12,2.238110870703102e-12,5.895074714573548e-13
sub-041,Control,C4,8.854538299549688e-11,8.19589384046693e-12,2.2759556280954458e-12,5.909250505453033e-13
sub-041,Control,P3,8.898704262009661e-11,8.36649567363889e-12,4.337284869664254e-12,9.534131146540285e-13
sub-041,Control,P4,8.906650030218207e-11,8.354722350471457e-12,4.4914111364347695e-12,9.540909948980154e-13
sub-041,Control,O1,8.984748568804591e-11,8.596739318015137e-12,7.96930086409587e-12,1.5724761553399315e-12
sub-041,Control,O2,8.955859244412678e-11,8.723723991334147e-12,1.0959388722871254e-11,2.4604074076499094e-12
sub-041,Control,F7,9.142144171791131e-11,8.571587043584511e-12,3.1047867204517844e-12,1.8658677710249665e-12
sub-041,Control,F8,9.125052623035092e-11,8.630594603714604e-12,3.080031463813702e-12,1.0016478902920567e-12
sub-041,Control,T3,8.89466067487926e-11,8.312959406305787e-12,3.2071511837646184e-12,1.0471969651674463e-12
sub-041,Control,T4,8.888414185227621e-11,8.4344538050892e-12,3.3828985831842417e-12,1.2055911810821954e-12
sub-041,Control,T5,8.91136708521781e-11,8.475288424503612e-12,7.915066101321856e-12,1.3078916796853297e-12
sub-041,Control,T6,8.896485852577984e-11,8.570510287387948e-12,8.429477029966213e-12,1.3049671069268591e-12
sub-041,Control,Fz,9.033671285892798e-11,8.435697504744441e-12,2.8453977009452823e-12,8.476036613705475e-13
sub-041,Control,Cz,9.006890983449085e-11,8.368710111645037e-12,2.3535484947481383e-12,6.104777709470914e-13
sub-041,Control,Pz,9.02637480220853e-11,8.368165649188197e-12,4.63282113806828e-12,8.270266579582384e-13
sub-042,Control,Fp1,1.0341710236507624e-10,1.0270150644499348e-11,5.7866380326199334e-12,1.1495952478841547e-12
sub-042,Control,Fp2,1.0599397669078429e-10,1.0481458373311454e-11,5.564894099809852e-12,1.213207125775974e-12
sub-042,Control,F3,9.036154124870537e-11,9.075001516706456e-12,4.304759551693379e-12,9.416297397591867e-13
sub-042,Control,F4,9.288169727183639e-11,9.087742425125674e-12,4.334896559491483e-12,8.352927525443323e-13
sub-042,Control,C3,8.500047452602904e-11,8.120509586360147e-12,3.2813562425389617e-12,6.787479476050163e-13
sub-042,Control,C4,8.524381215266383e-11,8.085464713389282e-12,3.073007843772997e-12,6.888547602576058e-13
sub-042,Control,P3,8.950379174541311e-11,9.067734237284033e-12,7.934823988631252e-12,1.0968692392285497e-12
sub-042,Control,P4,8.907884855771638e-11,8.691392364869153e-12,5.6716015786571815e-12,1.0299862312748721e-12
sub-042,Control,O1,9.604430708808336e-11,1.0289277866642382e-11,1.263076480472658e-11,1.4737689992745603e-12
sub-042,Control,O2,9.300872798010435e-11,1.0562072482733165e-11,1.6939500222816718e-11,1.5576722183666527e-12
sub-042,Control,F7,9.577905305518545e-11,9.782998384886802e-12,5.668901731934067e-12,1.1710761138782833e-12
sub-042,Control,F8,9.988961915684185e-11,1.0396670773532888e-11,5.2634548259065606e-12,1.2594358405378181e-12
sub-042,Control,T3,9.285361968487659e-11,9.375488110531028e-12,7.56444661263663e-12,1.311592398473456e-12
sub-042,Control,T4,9.759521125563588e-11,1.0157519141737336e-11,5.907431305887074e-12,1.3995015088014807e-12
sub-042,Control,T5,9.097866565164934e-11,9.831520522181283e-12,2.068264492615323e-11,1.752188313076086e-12
sub-042,Control,T6,9.061896306504225e-11,9.531715126632081e-12,1.0889656270639259e-11,1.3011088881816577e-12
sub-042,Control,Fz,8.868405336999925e-11,8.683495788396139e-12,4.875669308258593e-12,7.011298398411967e-13
sub-042,Control,Cz,8.779676987888036e-11,8.296000252740163e-12,3.2252611228980922e-12,6.021331824552951e-13
sub-042,Control,Pz,8.865725921024715e-11,8.90936798780309e-12,4.2134879594558535e-12,9.238909147714221e-13
sub-043,Control,Fp1,3.119014954712364e-10,5.560381339163613e-11,1.4924999789452907e-11,3.020539059711285e-12
sub-043,Control,Fp2,3.050733274240636e-10,5.328843919029072e-11,1.4026133675960466e-11,2.611575447684325e-12
sub-043,Control,F3,3.111916163161724e-10,5.626367514252289e-11,1.5174920199925203e-11,2.975835367377211e-12
sub-043,Control,F4,3.0939436155646914e-10,5.672559097749517e-11,1.5310760769043987e-11,3.1856996074684952e-12
sub-043,Control,C3,3.077610288631278e-10,5.600807731220988e-11,1.4446399400968197e-11,2.5851324061048046e-12
sub-043,Control,C4,3.070065322269007e-10,5.425481095041419e-11,1.381894482523622e-11,2.3122148640029794e-12
sub-043,Control,P3,2.8755765673890806e-10,4.265452407638615e-11,9.492374929088147e-12,9.1975321873496e-13
sub-043,Control,P4,3.0482366006967736e-10,5.440539104012474e-11,1.4272181046765297e-11,2.1048195763426544e-12
sub-043,Control,O1,2.903493793867618e-10,4.5927870522707787e-11,1.1734302779891102e-11,1.1243746683317977e-12
sub-043,Control,O2,5.486701082208457e-10,1.214107014805768e-10,5.895286136750228e-11,2.7092954873796547e-11
sub-043,Control,F7,3.080341010704881e-10,5.4974636203120584e-11,1.492182538641714e-11,2.674409422279972e-12
sub-043,Control,F8,2.984515149705676e-10,5.09366142389709e-11,1.2985722476781247e-11,1.7589947197697861e-12
sub-043,Control,T3,3.100364100556453e-10,5.7229197834758686e-11,1.6015084439741436e-11,3.8734009821808896e-12
sub-043,Control,T4,3.026858658280127e-10,5.238447441282468e-11,1.3806843828150703e-11,2.0393063221899738e-12
sub-043,Control,T5,2.4702950292699237e-10,2.709328304170811e-11,7.214563702065653e-12,7.967058582889092e-13
sub-043,Control,T6,4.679805143307475e-10,6.99818145389293e-11,1.585707372690485e-11,1.833675498136643e-12
sub-043,Control,Fz,2.9515747756448584e-10,4.868164278808138e-11,1.1829528373852915e-11,1.5997413764457645e-12
sub-043,Control,Cz,2.9376732777701653e-10,4.8611830765541767e-11,1.1534481392731942e-11,1.535940119453662e-12
sub-043,Control,Pz,2.7544893940064757e-10,3.991200618925898e-11,9.560996880462298e-12,1.0149774029053213e-12
sub-044,Control,Fp1,1.1457956767247975e-10,1.1795975691803234e-11,7.059965269193312e-12,8.811685505188164e-13
sub-044,Control,Fp2,1.0944128091404558e-10,1.1461049523822042e-11,9.691799733660483e-12,9.436723726279398e-13
sub-044,Control,F3,9.533779119189063e-11,9.879444116560689e-12,4.6735858480457475e-12,7.030965764419025e-13
sub-044,Control,F4,9.414799228772843e-11,1.0031017710805237e-11,8.471950541555353e-12,8.090943792428459e-13
sub-044,Control,C3,9.241504507557713e-11,9.03254841699839e-12,2.795439488393008e-12,5.881670691400104e-13
sub-044,Control,C4,9.176066345150297e-11,8.929896419503773e-12,2.842224917622465e-12,5.820316286787465e-13
sub-044,Control,P3,9.428192432624848e-11,9.505525384583148e-12,1.1278016457633287e-11,9.619460254218567e-13
sub-044,Control,P4,9.359384305005047e-11,9.358772531434451e-12,8.604191185192301e-12,8.712195649698521e-13
sub-044,Control,O1,9.73896355981975e-11,1.0229443052362392e-11,3.1472619647141135e-11,1.3134994067241858e-12
sub-044,Control,O2,9.736390952683296e-11,1.0132487170673582e-11,2.7758402062331398e-11,1.259329973871511e-12
sub-044,Control,F7,9.900718817973316e-11,1.0425566215500582e-11,4.693657756896766e-12,8.418180224999783e-13
sub-044,Control,F8,1.0029848365743498e-10,1.044556816225128e-11,6.516177540043253e-12,8.595615664441528e-13
sub-044,Control,T3,9.637299507516349e-11,9.993061808635333e-12,6.698291534473538e-12,9.63151784902701e-13
sub-044,Control,T4,9.632177531594085e-11,9.824628898628415e-12,5.037421470554603e-12,7.964733662267793e-13
sub-044,Control,T5,9.623063049142179e-11,1.0050094175899335e-11,2.2137756500134857e-11,1.247202835341139e-12
sub-044,Control,T6,9.556589496449228e-11,9.844019030877891e-12,1.3755671939361031e-11,1.0625663514243926e-12
sub-044,Control,Fz,9.428616316133676e-11,9.85346649834161e-12,6.6619378638421334e-12,7.601524713173596e-13
sub-044,Control,Cz,9.317348137917472e-11,9.219428024346435e-12,3.4366289574143687e-12,5.907481026208935e-13
sub-044,Control,Pz,9.472300405037173e-11,9.493655100917305e-12,1.1675990992044642e-11,9.453331590557784e-13
sub-045,Control,Fp1,2.659287779335369e-10,3.195451301703986e-11,6.660285662745435e-12,2.2031173991096254e-12
sub-045,Control,Fp2,2.532964051507237e-10,3.053211608458567e-11,8.643217519638733e-12,4.112910154857775e-12
sub-045,Control,F3,2.5973193183944367e-10,3.0651316306349076e-11,6.2721965305836794e-12,2.0752691068770586e-12
sub-045,Control,F4,3.4163010746687757e-10,4.781609518990306e-11,9.043665509357064e-12,5.524200383633193e-12
sub-045,Control,C3,2.545345633373638e-10,3.0556896242614633e-11,5.8284570068924795e-12,1.9392367784445217e-12
sub-045,Control,C4,2.63625599925508e-10,3.316905099372173e-11,7.240962890012793e-12,2.322649478711902e-12
sub-045,Control,P3,2.5203310683084707e-10,2.962910599998076e-11,6.669581278382703e-12,2.083216098289374e-12
sub-045,Control,P4,2.502603577133531e-10,2.928247193714848e-11,6.57272732105691e-12,2.0045494652090663e-12
sub-045,Control,O1,2.557317942820389e-10,3.076984721996256e-11,7.997926918445223e-12,2.256110229977124e-12
sub-045,Control,O2,2.5907043331336947e-10,3.538983268086234e-11,9.453715821735812e-12,2.3723616524238653e-12
sub-045,Control,F7,2.5651826645149087e-10,3.0628740779107736e-11,6.8007590049507346e-12,2.19750637709639e-12
sub-045,Control,F8,2.6683342429686086e-10,2.827663026737213e-11,6.886902322464966e-12,2.195035386748559e-12
sub-045,Control,T3,2.696367259839616e-10,3.2883682918831824e-11,9.141701924602484e-12,2.4748495886402203e-12
sub-045,Control,T4,2.1430930197276314e-09,6.918297542592651e-10,2.655446870199531e-10,5.884154417838804e-11
sub-045,Control,T5,2.5508799382361734e-10,3.0966773251612143e-11,8.47765999525817e-12,2.3987397324024326e-12
sub-045,Control,T6,2.529446188395932e-10,3.02741502909776e-11,7.392280247345767e-12,2.114286967886415e-12
sub-045,Control,Fz,2.5516094557683367e-10,3.037374044801461e-11,6.165104957477824e-12,2.0335220161454596e-12
sub-045,Control,Cz,2.5229169110980455e-10,2.9275309958175016e-11,5.432328867349874e-12,1.9272114892919445e-12
sub-045,Control,Pz,2.530314928268385e-10,2.967127375071643e-11,5.929492538858711e-12,1.9439769724543927e-12
sub-046,Control,Fp1,9.945312840784312e-11,1.3175419239437162e-11,7.43764641663091e-12,1.5659152123554226e-12
sub-046,Control,Fp2,1.1400842822556269e-10,1.4001276371297634e-11,7.893868849760696e-12,1.6709121423336986e-12
sub-046,Control,F3,9.14087013512201e-11,1.1935741092010674e-11,5.572861658340142e-12,1.4433778256228234e-12
sub-046,Control,F4,9.433643533652622e-11,1.2760324403185275e-11,6.425293513923089e-12,1.6008205441672566e-12
sub-046,Control,C3,9.086386151848374e-11,1.1095149284615695e-11,5.012973278483825e-12,1.0480954965163274e-12
sub-046,Control,C4,9.16518254075116e-11,1.140737803019277e-11,4.8846079262412105e-12,1.0671240263570258e-12
sub-046,Control,P3,9.240232957445922e-11,1.456987068313331e-11,1.1616818593029728e-11,1.5421321760888597e-12
sub-046,Control,P4,9.647911946054198e-11,1.4000450432036458e-11,1.2173350872419382e-11,1.5877299476294752e-12
sub-046,Control,O1,9.242462308098928e-11,1.56638946251462e-11,2.0162868906896954e-11,2.055395195646105e-12
sub-046,Control,O2,1.0229337618920795e-10,1.7497271807266403e-11,2.377983344204163e-11,2.3020831136114036e-12
sub-046,Control,F7,9.725792151263767e-11,1.3266572051981282e-11,7.574868524916365e-12,1.8906719144761478e-12
sub-046,Control,F8,9.833637405606087e-11,1.3413327710595908e-11,8.058293492822521e-12,1.594909413357365e-12
sub-046,Control,T3,9.3169119470994e-11,1.2514125185105796e-11,7.593786124634716e-12,1.6664756081841154e-12
sub-046,Control,T4,1.7044901234820363e-10,2.719132454364513e-11,1.4398632420860735e-11,3.646430381616424e-12
sub-046,Control,T5,9.20837580124522e-11,1.5486878706085804e-11,1.733627879239616e-11,2.159449222686574e-12
sub-046,Control,T6,1.835194119977441e-10,1.5909408926799787e-11,1.592214750803758e-11,1.8614931731996897e-12
sub-046,Control,Fz,9.163681567288944e-11,1.2820736242988508e-11,5.702615771765029e-12,1.3905949505155408e-12
sub-046,Control,Cz,2.502310051361494e-10,1.8128957399578285e-11,5.175525606081852e-12,1.8779335530418556e-12
sub-046,Control,Pz,9.140332516561944e-11,1.3494441963906356e-11,9.43600076859471e-12,1.444242845748812e-12
sub-047,Control,Fp1,1.0931990875407452e-10,1.1943517116976204e-11,7.82754214849608e-12,9.740882707948159e-13
sub-047,Control,Fp2,1.0373697970585835e-10,1.1682636846268348e-11,6.8908744078565895e-12,9.508817498867583e-13
sub-047,Control,F3,9.327571547718875e-11,9.925454525277904e-12,5.0179351071193855e-12,7.775763844225405e-13
sub-047,Control,F4,9.37047850811278e-11,1.0203407489043562e-11,4.693852398846744e-12,8.411978051296856e-13
sub-047,Control,C3,9.152970054442832e-11,9.508836763359626e-12,3.519482175779544e-12,6.290384530474925e-13
sub-047,Control,C4,9.142852798031915e-11,9.541002840514742e-12,3.4991278667094816e-12,6.510523223595596e-13
sub-047,Control,P3,4.766119059054932e-10,1.822207466053122e-11,7.916235169222002e-12,9.601997261270474e-13
sub-047,Control,P4,9.122738208433886e-11,9.856126953355414e-12,5.728783179255082e-12,7.456647118093948e-13
sub-047,Control,O1,8.017190131737403e-10,2.4597022703151174e-10,1.0733733475814422e-10,2.446699430842827e-11
sub-047,Control,O2,9.29726123191536e-11,1.1016116300365777e-11,1.5030709136194184e-11,1.1144646647803222e-12
sub-047,Control,F7,9.366521371219613e-11,1.0799376606325424e-11,7.232745193020525e-12,9.77027728500155e-13
sub-047,Control,F8,9.358549783172697e-11,1.0862410906169676e-11,6.4635879727366815e-12,9.482883988679535e-13
sub-047,Control,T3,9.255702715144408e-11,1.0677525835569287e-11,7.614962843985168e-12,1.1100328153150142e-12
sub-047,Control,T4,9.237092848601745e-11,1.0256014201085788e-11,5.186129887374973e-12,8.785586235707802e-13
sub-047,Control,T5,9.260284141187282e-11,1.1309186862470295e-11,1.3311681042165716e-11,1.310915618937621e-12
sub-047,Control,T6,9.252423667887146e-11,1.09440926768734e-11,1.2033627548828093e-11,1.1140278948871567e-12
sub-047,Control,Fz,9.671875571268349e-11,1.0279298159413848e-11,4.6858639335184124e-12,7.642113864438437e-13
sub-047,Control,Cz,2.7714144404799206e-10,3.465025524731788e-11,5.5966267514622395e-12,6.672280690654779e-13
sub-047,Control,Pz,9.159657455115414e-11,9.821165702336367e-12,5.295679638323948e-12,7.105954448385453e-13
sub-048,Control,Fp1,6.45302944274822e-10,1.486859133735618e-10,2.6771956961362155e-11,4.073180643601775e-12
sub-048,Control,Fp2,3.5582181912862055e-10,6.075898919519212e-11,1.6074811766077218e-11,3.373834061181608e-12
sub-048,Control,F3,3.482929537734124e-10,5.4510759894625514e-11,1.3848159809832827e-11,3.0294931963425386e-12
sub-048,Control,F4,3.362930072753775e-10,5.1207028035070274e-11,1.2573651195253818e-11,2.5596216137431354e-12
sub-048,Control,C3,3.414387242444047e-10,5.75184724580193e-11,1.2902689034028131e-11,2.3856738062350973e-12
sub-048,Control,C4,3.372495099325977e-10,5.831658522785103e-11,1.2793021354798389e-11,2.373553004523486e-12
sub-048,Control,P3,3.7043818166121827e-10,6.465580151366175e-11,1.6951764072825447e-11,2.7688854110741903e-12
sub-048,Control,P4,9.891325134661377e-10,1.637862925658428e-10,2.85227296610005e-11,4.434315013138368e-12
sub-048,Control,O1,3.66628028291546e-10,6.605714923091413e-11,2.842037526652169e-11,3.1979919126033347e-12
sub-048,Control,O2,2.4592328197276604e-09,2.8850434945495966e-10,1.1432584894167534e-10,2.3865957022975678e-11
sub-048,Control,F7,3.4548274320068065e-10,5.340041473745594e-11,1.4506153462533101e-11,3.3586707039872895e-12
sub-048,Control,F8,3.486249704400867e-10,5.929789661305173e-11,1.53364748967596e-11,3.0741260632754076e-12
sub-048,Control,T3,3.460904317752136e-10,6.074644455400964e-11,1.5776090548485564e-11,3.3800695080234297e-12
sub-048,Control,T4,3.441203114753502e-10,5.977713305969174e-11,1.4283278591547712e-11,2.8625444220057768e-12
sub-048,Control,T5,3.601736261448305e-10,6.240466563952481e-11,2.6803431822259402e-11,3.0357745821256467e-12
sub-048,Control,T6,4.3090577081797817e-10,6.375480189335903e-11,2.2481831835057947e-11,2.9077933686511113e-12
sub-048,Control,Fz,3.6030949049110005e-10,6.695014626362955e-11,1.9415346651532488e-11,4.528149374330385e-12
sub-048,Control,Cz,3.4669050711107483e-10,6.136078576791378e-11,1.3554243848331607e-11,2.4140625927154374e-12
sub-048,Control,Pz,8.587887734824224e-10,2.1774733882892286e-10,2.974560190929878e-11,5.403548923514805e-12
sub-049,Control,Fp1,9.387230174570759e-11,9.597791409814205e-12,4.420476296817347e-12,9.19929675098263e-13
sub-049,Control,Fp2,9.27694496084866e-11,9.445468574665298e-12,4.436318403061267e-12,1.0275568512972386e-12
sub-049,Control,F3,8.876757819311531e-11,8.922535651380981e-12,3.74537932322455e-12,6.59637924370219e-13
sub-049,Control,F4,8.855492113299826e-11,8.872164257168355e-12,3.6142503695370158e-12,6.838828895400164e-13
sub-049,Control,C3,8.759359579477768e-11,8.68051158133036e-12,2.6197960484903024e-12,6.005024623794565e-13
sub-049,Control,C4,8.718161457840801e-11,8.608629135126752e-12,2.504425739087066e-12,5.979220886615852e-13
sub-049,Control,P3,8.815215250329674e-11,9.148727714778473e-12,8.64601716991339e-12,8.648883243426509e-13
sub-049,Control,P4,8.784260531710951e-11,9.130770945373753e-12,9.452042784116333e-12,8.190869301178885e-13
sub-049,Control,O1,9.090548974455688e-11,1.0677975452702895e-11,2.4699701835555355e-11,1.6510652757127252e-12
sub-049,Control,O2,9.081634460040925e-11,1.1368439980659772e-11,3.0180765067982054e-11,1.7870210171048357e-12
sub-049,Control,F7,8.933873543620239e-11,8.47949832174011e-12,2.027304355820851e-12,4.3557656658544235e-13
sub-049,Control,F8,9.101385523912239e-11,9.341102579736986e-12,3.763379842531984e-12,8.017788179126655e-13
sub-049,Control,T3,8.853108058671672e-11,9.220069445262189e-12,3.917192363312464e-12,9.202066784883968e-13
sub-049,Control,T4,8.863377911915295e-11,9.129548651055968e-12,3.631373573828388e-12,1.010114340323592e-12
sub-049,Control,T5,8.957545630811065e-11,1.0131012760511003e-11,1.717476492763462e-11,1.47737205801602e-12
sub-049,Control,T6,8.919037412828376e-11,1.024672174032145e-11,2.2165482543313212e-11,1.459308585361729e-12
sub-049,Control,Fz,8.93551399321716e-11,9.039729645117454e-12,4.0764136107153724e-12,6.535980703071826e-13
sub-049,Control,Cz,8.828394876251279e-11,8.69407250081005e-12,2.5590601453321026e-12,5.585562774750761e-13
sub-049,Control,Pz,8.82330529549664e-11,9.09994353531658e-12,8.23393069676617e-12,7.642506516286324e-13
sub-050,Control,Fp1,1.1704938363445995e-10,1.1179393444053884e-11,3.5422793722303765e-12,8.115902549053854e-13
sub-050,Control,Fp2,1.2368482604544428e-10,1.1546716454208357e-11,3.498034749448839e-12,8.127013778667976e-13
sub-050,Control,F3,9.748522243431877e-11,9.729392307835119e-12,3.039325027152293e-12,7.97106546322082e-13
sub-050,Control,F4,9.488541343107896e-11,9.5687812901725e-12,2.9833055685317194e-12,7.203546629752371e-13
sub-050,Control,C3,9.163893866390246e-11,8.71357321937818e-12,2.34623785416201e-12,6.229701866796691e-13
sub-050,Control,C4,9.163946461721731e-11,8.6893447968009e-12,2.3718147742136777e-12,6.272064489175785e-13
sub-050,Control,P3,9.286971256852634e-11,1.0045678006771486e-11,5.4204020484182604e-12,6.890612529565234e-13
sub-050,Control,P4,9.398838754048798e-11,9.8575156407187e-12,4.8565546540749144e-12,6.509365709473909e-13
sub-050,Control,O1,9.425341622923815e-11,1.388687575655153e-11,9.524466590363412e-12,9.105152703926338e-13
sub-050,Control,O2,9.6674291084214e-11,1.478241662688021e-11,1.1991462218326827e-11,9.479587141003885e-13
sub-050,Control,F7,1.1058013380910602e-10,1.1380910116444162e-11,3.9941533963204186e-12,1.4413415678692654e-12
sub-050,Control,F8,9.769567356272296e-11,1.0085658137303618e-11,3.497164368426056e-12,9.927618492384253e-13
sub-050,Control,T3,9.404991202463711e-11,1.0572913830223065e-11,4.150061020146162e-12,1.6026866640311311e-12
sub-050,Control,T4,9.253152070702705e-11,1.070908298029066e-11,3.977261915661079e-12,1.5451349873530938e-12
sub-050,Control,T5,9.24280347914435e-11,1.4400659125813532e-11,7.752561508214215e-12,9.696581310034114e-13
sub-050,Control,T6,9.259549296958713e-11,1.4704003506350956e-11,8.210480384332436e-12,9.662695466383887e-13
sub-050,Control,Fz,9.433654469594756e-11,1.0062845035800945e-11,3.2041632356730216e-12,6.009208969860401e-13
sub-050,Control,Cz,9.223889899474005e-11,9.102558023931729e-12,2.619050941914281e-12,5.459531090365874e-13
sub-050,Control,Pz,9.210416258431009e-11,9.591654009441943e-12,5.548703142394388e-12,6.539010140511402e-13
sub-051,Control,Fp1,1.217428883413242e-10,1.2587626585641539e-11,4.298801771030343e-12,9.503516151197297e-13
sub-051,Control,Fp2,1.2349459962368242e-10,1.2923949082119022e-11,4.608447770886409e-12,9.215073250343812e-13
sub-051,Control,F3,9.995868459617726e-11,1.0522316662903335e-11,3.601675359415319e-12,7.987930273742332e-13
sub-051,Control,F4,9.561092461932253e-11,1.0027665494906635e-11,3.823548995996736e-12,7.116535366243199e-13
sub-051,Control,C3,8.970938756878895e-11,8.779236018087546e-12,2.411898042967971e-12,5.611031971710076e-13
sub-051,Control,C4,9.005420120394114e-11,8.870785189897362e-12,2.512045745558523e-12,5.507753714380093e-13
sub-051,Control,P3,9.025810643994966e-11,9.077868998540763e-12,4.027171165395845e-12,6.46859763400376e-13
sub-051,Control,P4,9.025194745417317e-11,8.978797395137908e-12,3.6887215749323895e-12,6.219165478135047e-13
sub-051,Control,O1,9.34476635433334e-11,1.016302671580709e-11,6.8508870226949e-12,1.1079290689395003e-12
sub-051,Control,O2,9.508377865024635e-11,1.0545058530730067e-11,7.59402462974796e-12,1.4621793991675306e-12
sub-051,Control,F7,9.682722338669378e-11,1.0452622842118121e-11,3.8251575458843e-12,9.690139185999188e-13
sub-051,Control,F8,9.533425820704955e-11,1.018947591291304e-11,3.9147991417273e-12,7.893202259396041e-13
sub-051,Control,T3,9.143707385076027e-11,9.552895030417285e-12,3.650795106898917e-12,9.68506221822948e-13
sub-051,Control,T4,9.421242354712719e-11,9.798074572282334e-12,3.6166256799425003e-12,9.06472460087436e-13
sub-051,Control,T5,9.184381949227733e-11,9.810053258859476e-12,5.424886549424847e-12,8.405103034339787e-13
sub-051,Control,T6,9.514006244046461e-11,1.030033405356778e-11,6.928410392294461e-12,1.0890380010441926e-12
sub-051,Control,Fz,9.186704186584837e-11,9.859071616400978e-12,3.7476799256844564e-12,6.686934693782606e-13
sub-051,Control,Cz,9.016527632669877e-11,9.111571586036664e-12,2.65931445813256e-12,5.696068475200447e-13
sub-051,Control,Pz,8.995176222084478e-11,8.981792038405432e-12,3.900980260974009e-12,5.841805343081334e-13
sub-052,Control,Fp1,1.1151455152528998e-10,1.1090275578593162e-11,5.296395827461617e-12,1.3623867943027935e-12
sub-052,Control,Fp2,1.1438118879878068e-10,1.11047928803126e-11,5.271607761764622e-12,1.6235073818397736e-12
sub-052,Control,F3,8.972482289519491e-11,9.732025886124017e-12,4.38560979594994e-12,1.0899316539467906e-12
sub-052,Control,F4,9.114393699623422e-11,9.531117194957036e-12,4.33333124278673e-12,1.1228356724182041e-12
sub-052,Control,C3,8.429653659634962e-11,9.080398141204852e-12,3.441726853560237e-12,7.689311305838273e-13
sub-052,Control,C4,8.376636086912842e-11,8.985001186985356e-12,3.3779497106787975e-12,7.499449830568079e-13
sub-052,Control,P3,8.505226533026839e-11,9.939869907021121e-12,6.869316392810831e-12,1.0027189223496794e-12
sub-052,Control,P4,8.372928869245584e-11,9.593002563543056e-12,5.373724361879197e-12,9.234422995087107e-13
sub-052,Control,O1,8.78796616186475e-11,1.1686550188704309e-11,1.819598512454404e-11,1.281397852487916e-12
sub-052,Control,O2,8.683161732879461e-11,1.1575551174907046e-11,1.5010265219142177e-11,1.262033350226246e-12
sub-052,Control,F7,9.16764275573596e-11,1.0332257046289898e-11,4.804205963181711e-12,1.3312025064210901e-12
sub-052,Control,F8,9.340228107709724e-11,1.0230486096701255e-11,5.099460207851347e-12,1.2852618724341302e-12
sub-052,Control,T3,8.681775692698182e-11,1.0305625405417208e-11,5.167678517718836e-12,1.3671077033899593e-12
sub-052,Control,T4,8.599403281674774e-11,9.775903489918062e-12,4.630251423637091e-12,1.3763266056802266e-12
sub-052,Control,T5,8.674205119299196e-11,1.0945618987432045e-11,1.1326383391708459e-11,1.3073338896591103e-12
sub-052,Control,T6,8.51998573635345e-11,1.0491626282903591e-11,7.963963738055142e-12,1.1736196539529168e-12
sub-052,Control,Fz,9.035593115661508e-11,9.574290950368547e-12,4.4815475808020575e-12,9.524720432541784e-13
sub-052,Control,Cz,8.580093969331771e-11,9.270736810390028e-12,3.0823418629561677e-12,8.945202659960127e-13
sub-052,Control,Pz,8.462483879156354e-11,9.522004524021748e-12,4.932870596830184e-12,8.488975026209771e-13
sub-053,Control,Fp1,3.393842960107784e-10,2.022601812688055e-11,9.40757180925899e-12,2.370917003315249e-12
sub-053,Control,Fp2,3.400113737168882e-10,1.9914338665862508e-11,8.909318955404721e-12,1.5540602832989606e-12
sub-053,Control,F3,3.0305502029802333e-10,1.5971492931524755e-11,5.990265199445052e-12,1.2081304346138835e-12
sub-053,Control,F4,3.0263214859639075e-10,1.538466930395075e-11,6.169162148771754e-12,1.2405925364385378e-12
sub-053,Control,C3,2.9582936504418966e-10,1.4136167203948453e-11,3.3465377156553635e-12,6.054750353161179e-13
sub-053,Control,C4,2.988214161167621e-10,1.4182771525424214e-11,3.510286415934333e-12,6.312817088517255e-13
sub-053,Control,P3,3.065000162228155e-10,1.7230100796479308e-11,1.0565424758483278e-11,9.104978401461491e-13
sub-053,Control,P4,3.0733374757064666e-10,1.393975250635258e-11,3.0366670390964345e-12,5.689570635658212e-13
sub-053,Control,O1,3.139541278070796e-10,2.1983125214839716e-11,2.3481075033120873e-11,1.4520749589663045e-12
sub-053,Control,O2,3.1579780653730496e-10,2.1885073901552823e-11,2.07219738075522e-11,1.593830773926605e-12
sub-053,Control,F7,1.3949424662326988e-08,2.286979094816121e-09,6.76513317594561e-10,1.332689040954482e-10
sub-053,Control,F8,3.1007500811986554e-10,1.9713109591991458e-11,9.32219911679602e-12,1.1633961207544457e-12
sub-053,Control,T3,3.1205578056607094e-10,2.0372959598334568e-11,1.0545517331128835e-11,1.937832126109538e-12
sub-053,Control,T4,3.0734839184510664e-10,1.8154467028802898e-11,8.076096465696553e-12,1.1345817828288653e-12
sub-053,Control,T5,3.0674857497267937e-10,2.171147064458102e-11,1.8754447979636686e-11,1.4224397124317037e-12
sub-053,Control,T6,3.0741388869720903e-10,1.954653003255115e-11,1.2316164491846738e-11,1.4534584952441155e-12
sub-053,Control,Fz,3.0556575126015466e-10,1.6604682744614925e-11,6.468637819372633e-12,8.26934997415272e-13
sub-053,Control,Cz,3.06755320248664e-10,1.5896684879223644e-11,4.376287468707476e-12,6.918309012818436e-13
sub-053,Control,Pz,3.101450394412462e-10,1.6725750208268852e-11,9.361954681136453e-12,8.38837082695725e-13
sub-054,Control,Fp1,1.094480739482985e-10,1.2779950557584014e-11,1.0100737549345563e-11,1.3651211270547134e-12
sub-054,Control,Fp2,9.86698685778773e-11,1.2868946344101722e-11,1.0731670385126688e-11,1.4402512659710126e-12
sub-054,Control,F3,8.80743639817022e-11,1.099770685936974e-11,6.220146394969145e-12,1.1633775596945625e-12
sub-054,Control,F4,9.145905855494873e-11,1.2182979244685803e-11,7.856353452144312e-12,1.178487487695797e-12
sub-054,Control,C3,8.552223234239485e-11,1.0425276392390606e-11,4.206601351251847e-12,7.981176939018485e-13
sub-054,Control,C4,8.572520717242646e-11,1.0702639928242127e-11,4.203439684370855e-12,7.828481859163463e-13
sub-054,Control,P3,8.601431426040416e-11,1.1658421797768784e-11,1.2523268741528594e-11,1.1541013348733312e-12
sub-054,Control,P4,8.584004319764194e-11,1.0786406394606279e-11,1.2290569481460226e-11,1.0764602634745298e-12
sub-054,Control,O1,8.780794527346306e-11,8.6922634611944e-12,2.139628852767263e-12,4.239794060871986e-13
sub-054,Control,O2,8.728986037253289e-11,1.2520704736799927e-11,2.459309915510104e-11,1.5735046740157661e-12
sub-054,Control,F7,9.467622056211585e-11,1.215266363372623e-11,8.581369861395122e-12,1.5196516204749153e-12
sub-054,Control,F8,9.339819279333331e-11,1.3695017036407432e-11,1.0222067927556079e-11,1.8167343542188111e-12
sub-054,Control,T3,8.7514324382625e-11,1.210217827726211e-11,8.525733721660338e-12,1.3482881830460996e-12
sub-054,Control,T4,8.677580099209417e-11,1.2376591797737694e-11,6.464467280425286e-12,1.144464863524794e-12
sub-054,Control,T5,8.700818977681246e-11,1.4531767473326989e-11,2.5512112939176094e-11,1.6416114709109592e-12
sub-054,Control,T6,8.697292222309461e-11,1.2718163772980291e-11,1.8364096045133017e-11,1.296185320138714e-12
sub-054,Control,Fz,8.676749088865089e-11,1.1043287404787619e-11,6.953209512829909e-12,1.0006945412231596e-12
sub-054,Control,Cz,8.62756196589996e-11,1.0076018200373218e-11,3.970746396038282e-12,7.957963927313295e-13
sub-054,Control,Pz,8.819192311364549e-11,1.040301165995293e-11,9.719624225426039e-12,1.1050072753969901e-12
sub-055,Control,Fp1,9.356059219150034e-11,1.1055056188217862e-11,4.422933282367404e-12,2.039160211796547e-12
sub-055,Control,Fp2,9.167916720125337e-11,1.0630295891558555e-11,4.260539038985895e-12,1.957740008796258e-12
sub-055,Control,F3,8.658952338595023e-11,9.910641098625649e-12,3.5033385995646097e-12,1.4012930396158643e-12
sub-055,Control,F4,8.715682604701183e-11,9.943910268714296e-12,3.426220045556174e-12,1.3210995836095513e-12
sub-055,Control,C3,8.379021031972564e-11,9.172385147584672e-12,3.020235988054295e-12,1.1039825739508403e-12
sub-055,Control,C4,8.320857302046419e-11,9.342704313469236e-12,3.044002085660316e-12,1.1105175401793771e-12
sub-055,Control,P3,8.364022249550074e-11,9.451433825202039e-12,5.67768985862861e-12,1.5483390158586442e-12
sub-055,Control,P4,8.359804772216567e-11,9.402961229917883e-12,5.110847858642462e-12,1.304247451544976e-12
sub-055,Control,O1,8.409730840129315e-11,1.0020205025802571e-11,2.1221877348017466e-11,1.85881687039369e-12
sub-055,Control,O2,8.40822987488859e-11,9.97728254979467e-12,2.0847347090614002e-11,1.8256197559066656e-12
sub-055,Control,F7,8.839341846352854e-11,1.0299362949594709e-11,4.226142358160988e-12,1.5074824257540803e-12
sub-055,Control,F8,8.736688548896083e-11,1.036450072222386e-11,4.6075851190876565e-12,1.4880791995648465e-12
sub-055,Control,T3,8.498087240977068e-11,1.0113950975597568e-11,4.4428133053550316e-12,1.5920495933653825e-12
sub-055,Control,T4,8.462449939058212e-11,1.010422806548956e-11,4.594511523244096e-12,1.5181103574530499e-12
sub-055,Control,T5,8.446379446048419e-11,1.0125460964065738e-11,1.1303317228542828e-11,2.1427890990661683e-12
sub-055,Control,T6,8.464613034094626e-11,9.972014283168098e-12,8.947332074572752e-12,2.089509531896334e-12
sub-055,Control,Fz,8.511559829846259e-11,9.794689986989905e-12,3.1729049600536824e-12,1.2541222919957792e-12
sub-055,Control,Cz,8.387167845607611e-11,9.22399864006162e-12,2.612213459127014e-12,1.0006171138852611e-12
sub-055,Control,Pz,8.451644988897638e-11,9.341367432785264e-12,6.115389976906736e-12,9.930897077595158e-13
sub-056,Control,Fp1,1.5753749058494263e-09,7.311477312770238e-10,2.7468763756118296e-10,8.08320223427839e-11
sub-056,Control,Fp2,1.5781386990758336e-09,7.307338597884758e-10,2.7624575441180227e-10,8.08469405828731e-11
sub-056,Control,F3,1.5641967233773632e-09,7.297964843273598e-10,2.696854536958713e-10,8.066560284318476e-11
sub-056,Control,F4,1.5604404222333604e-09,7.287759399552223e-10,2.7203237900753205e-10,8.064911091709055e-11
sub-056,Control,C3,1.5654041424778266e-09,7.284980871024935e-10,2.6593433663022203e-10,8.048588323235283e-11
sub-056,Control,C4,1.5587063219982072e-09,7.288409892309876e-10,2.676864025387892e-10,8.044839599810611e-11
sub-056,Control,P3,1.5647981542308893e-09,7.281966068357438e-10,2.7542050877739605e-10,8.047433666873398e-11
sub-056,Control,P4,1.5605478553664863e-09,7.293007955086293e-10,2.7492661188445257e-10,8.042155925212026e-11
sub-056,Control,O1,1.5654488202874475e-09,7.297472565685245e-10,2.8176019534101917e-10,8.053092942963477e-11
sub-056,Control,O2,1.5632052898328546e-09,7.302021710111725e-10,2.8287783215216065e-10,8.055950986574886e-11
sub-056,Control,F7,1.5672132210151488e-09,7.298738741648477e-10,2.7181843217205214e-10,8.083394223532023e-11
sub-056,Control,F8,1.563307735840152e-09,7.284580833956189e-10,2.7577991763147193e-10,8.086435462532883e-11
sub-056,Control,T3,1.5676747828528634e-09,7.29104126652706e-10,2.7201543747565385e-10,8.078182264571658e-11
sub-056,Control,T4,1.5606482058571065e-09,7.292165832430538e-10,2.7343966802479513e-10,8.068910754708696e-11
sub-056,Control,T5,1.5673350490425558e-09,7.299826693862011e-10,2.854920124854645e-10,8.067951042542706e-11
sub-056,Control,T6,1.5622300834338575e-09,7.308383217098848e-10,2.857424549562049e-10,8.071775755598718e-11
sub-056,Control,Fz,1.5617101700424152e-09,7.294937027153203e-10,2.713994319699044e-10,8.057363034750138e-11
sub-056,Control,Cz,1.5603440427290682e-09,7.290285497107588e-10,2.672047251266843e-10,8.036976533393293e-11
sub-056,Control,Pz,1.5613627161289105e-09,7.281974927312558e-10,2.72549931730875e-10,8.029802864965048e-11
sub-057,Control,Fp1,1.0141937991463706e-10,1.067846493203e-11,4.484695789158979e-12,1.0133046029567956e-12
sub-057,Control,Fp2,1.0171524954919854e-10,1.039246329570291e-11,4.2975906896488105e-12,9.92219614843661e-13
sub-057,Control,F3,8.777484682304009e-11,8.991198618475748e-12,3.4537049540306223e-12,8.04072399199283e-13
sub-057,Control,F4,8.940332586338596e-11,9.103222942776593e-12,3.421879543149908e-12,7.519187669730741e-13
sub-057,Control,C3,8.46842970942987e-11,8.236860001880481e-12,2.594276225359221e-12,5.890766967014649e-13
sub-057,Control,C4,8.573902809638913e-11,8.351308761213593e-12,2.526820204102997e-12,5.816901835541439e-13
sub-057,Control,P3,8.557068340191684e-11,8.762252575805082e-12,5.250382177114629e-12,8.305090593226454e-13
sub-057,Control,P4,8.614631138830584e-11,8.748652280827166e-12,5.710883563535573e-12,6.931666548312661e-13
sub-057,Control,O1,8.889034583611712e-11,1.0925480763498796e-11,1.6593643595488603e-11,1.2047340938683197e-12
sub-057,Control,O2,8.883830510180538e-11,1.1947577233867267e-11,2.1841151492109458e-11,1.2215551321788064e-12
sub-057,Control,F7,9.219289989645546e-11,1.044797182177545e-11,5.088354543468604e-12,1.0068673357231145e-12
sub-057,Control,F8,1.0185066941546026e-10,1.1080432796805577e-11,5.572354835987095e-12,1.036958699293118e-12
sub-057,Control,T3,8.757612336660849e-11,9.624667548089377e-12,4.567262393492724e-12,1.0725045433713534e-12
sub-057,Control,T4,8.99241718497505e-11,9.77993523826444e-12,4.767398500267462e-12,1.0127362824509336e-12
sub-057,Control,T5,8.718550163443544e-11,9.476901573855064e-12,5.855198794965755e-12,1.0546458942659216e-12
sub-057,Control,T6,8.776081033525185e-11,9.529869753622032e-12,6.0441996099136144e-12,8.855773642936011e-13
sub-057,Control,Fz,8.662809606351442e-11,9.114402383216672e-12,3.079931900884153e-12,6.559222182603545e-13
sub-057,Control,Cz,8.50689656392128e-11,8.49068757249111e-12,2.4592945758686094e-12,5.764756519045961e-13
sub-057,Control,Pz,8.5474266162733e-11,8.834409425136487e-12,6.2372988525616974e-12,6.906626844148486e-13
sub-058,Control,Fp1,9.239399668758008e-11,9.407712644221194e-12,6.815083256020757e-12,1.8380360662257982e-12
sub-058,Control,Fp2,9.390653789239415e-11,9.566432195712284e-12,6.374527791773346e-12,2.0070942957971597e-12
sub-058,Control,F3,8.655628587762006e-11,8.848890940626155e-12,5.281863534822528e-12,1.2963899244585538e-12
sub-058,Control,F4,8.718388576010163e-11,8.832374635861315e-12,4.718798299695167e-12,1.538353211991838e-12
sub-058,Control,C3,8.575822171897436e-11,8.43988017373319e-12,3.2926574188494105e-12,7.284777326788386e-13
sub-058,Control,C4,8.605934542809763e-11,8.507559509566979e-12,3.2883868539880644e-12,7.418554713231773e-13
sub-058,Control,P3,8.715904371010156e-11,8.769173939953273e-12,5.3122363508525985e-12,9.650745940766369e-13
sub-058,Control,P4,8.880709797527961e-11,9.19730330074797e-12,6.752817321318253e-12,9.378193571811725e-13
sub-058,Control,O1,8.758503984486392e-11,9.271901575808095e-12,1.2053151134341894e-11,1.5783865364255188e-12
sub-058,Control,O2,8.77941340383034e-11,9.494963217896534e-12,1.0195555110050014e-11,1.5304638178746938e-12
sub-058,Control,F7,8.946795739186971e-11,9.616483816175705e-12,5.9795104071687625e-12,1.4784289564957999e-12
sub-058,Control,F8,9.181771951424091e-11,9.668439023330822e-12,5.411112591030445e-12,1.5127126513020231e-12
sub-058,Control,T3,8.693301721319437e-11,9.295957951590863e-12,6.125346025827827e-12,1.6151527405982163e-12
sub-058,Control,T4,8.794871361095483e-11,9.453743881902493e-12,5.265941458903267e-12,1.1716403531536942e-12
sub-058,Control,T5,8.681247067593904e-11,9.375461488583423e-12,1.4171374763141893e-11,1.4866693715442052e-12
sub-058,Control,T6,8.887763564243045e-11,1.076439049931456e-11,1.7891850041519407e-11,1.6115355530427137e-12
sub-058,Control,Fz,8.653961724228217e-11,8.69366198408655e-12,5.732388265894534e-12,1.1617115210877279e-12
sub-058,Control,Cz,8.670216863412055e-11,8.443494790833989e-12,3.477243449888983e-12,9.67236653650053e-13
sub-058,Control,Pz,8.65864895444165e-11,8.482335167443514e-12,3.4855182859931917e-12,7.607644504128567e-13
sub-059,Control,Fp1,9.907732754842388e-11,1.0098495739693415e-11,3.037694813927801e-12,1.9549945322794436e-12
sub-059,Control,Fp2,1.0250955427602631e-10,1.0530878842608346e-11,2.8796283581856636e-12,9.305596765779442e-13
sub-059,Control,F3,9.001405945928918e-11,9.0551169094834e-12,2.5273448458096747e-12,8.787835325791146e-13
sub-059,Control,F4,9.022549420820694e-11,9.177771076673992e-12,2.519841144791629e-12,6.91731188060113e-13
sub-059,Control,C3,8.898417608646248e-11,8.820157528395452e-12,2.3138910705006704e-12,5.894367853372498e-13
sub-059,Control,C4,8.863157766340707e-11,8.85770568210868e-12,2.290224718964953e-12,5.835313805690128e-13
sub-059,Control,P3,8.826480418096222e-11,9.067536546741993e-12,3.072755360854368e-12,6.239326483756013e-13
sub-059,Control,P4,8.860148663629506e-11,9.074791792988067e-12,2.9362202976002206e-12,6.323728831754884e-13
sub-059,Control,O1,8.886062757071241e-11,9.283855361895344e-12,2.9476789294200566e-12,7.140752867197434e-13
sub-059,Control,O2,9.039207040308965e-11,9.381040543270909e-12,3.0392764705479923e-12,8.336036480575774e-13
sub-059,Control,F7,9.048127020724854e-11,9.199634945995601e-12,2.8364196108401077e-12,1.0431772471203735e-12
sub-059,Control,F8,9.112593691650487e-11,9.36613052244743e-12,2.7694147380154837e-12,7.316441724396775e-13
sub-059,Control,T3,8.886458337678417e-11,9.151291847566926e-12,2.7370775509321587e-12,7.708930132046273e-13
sub-059,Control,T4,8.857098283809899e-11,9.058064714993774e-12,2.580600651200577e-12,8.037194422999778e-13
sub-059,Control,T5,8.964375554175304e-11,9.382087467805136e-12,3.429834958547523e-12,7.54999541270919e-13
sub-059,Control,T6,8.868382263355418e-11,9.184660788766318e-12,3.0943180428116734e-12,8.010339083064949e-13
sub-059,Control,Fz,8.989332268694599e-11,9.050828243102288e-12,2.427429552078267e-12,6.40892902482347e-13
sub-059,Control,Cz,8.894301532619984e-11,8.830136442332107e-12,2.153309768080664e-12,5.55362640373078e-13
sub-059,Control,Pz,8.866585275431576e-11,8.963088425804923e-12,2.7043387263716652e-12,5.757283777992819e-13
sub-060,Control,Fp1,1.2066481256432504e-10,1.0363520767021692e-11,2.669711710764595e-12,1.098441009596398e-12
sub-060,Control,Fp2,1.3773303046473297e-10,1.0785128494846718e-11,2.927826946308496e-12,1.3151559593017782e-12
sub-060,Control,F3,9.120985871707748e-11,8.858981249544859e-12,2.3749036250220548e-12,8.450357085370419e-13
sub-060,Control,F4,9.221899761647919e-11,8.916050582303443e-12,2.5166985437815728e-12,9.631923276712356e-13
sub-060,Control,C3,8.944410093589362e-11,8.626419800497526e-12,2.2134203939621227e-12,6.739634152979651e-13
sub-060,Control,C4,9.044705337547488e-11,8.590072411312636e-12,2.220922852551931e-12,6.846080415069092e-13
sub-060,Control,P3,9.250050254195762e-11,9.128620226011434e-12,2.6939203190387307e-12,9.200878532935696e-13
sub-060,Control,P4,9.399351805379506e-11,9.116445409836741e-12,2.6061016712678004e-12,8.852773806865247e-13
sub-060,Control,O1,9.324362922966631e-11,9.40836970858835e-12,3.4652791471278826e-12,1.1994523632265958e-12
sub-060,Control,O2,9.754013828920489e-11,9.797754310728625e-12,3.699122142946502e-12,1.2954757229394368e-12
sub-060,Control,F7,9.267698385812466e-11,9.128232776892328e-12,2.4879861871423135e-12,8.865310062299671e-13
sub-060,Control,F8,9.434029848707187e-11,9.162163712374796e-12,2.6438590355121245e-12,1.0159726613359053e-12
sub-060,Control,T3,9.113195184560328e-11,9.02458902450765e-12,2.6799626160246623e-12,1.0023537553850472e-12
sub-060,Control,T4,9.08874555178614e-11,8.874209103422693e-12,2.6234156411255076e-12,9.280702570948612e-13
sub-060,Control,T5,9.239913623496637e-11,9.349686449953525e-12,3.537813697294822e-12,1.1881070469420122e-12
sub-060,Control,T6,9.257325237337749e-11,9.238271327121982e-12,3.4433980388585074e-12,1.2161536985071193e-12
sub-060,Control,Fz,9.554775389998463e-11,8.913457272260776e-12,2.4531209691943566e-12,8.045998559328418e-13
sub-060,Control,Cz,9.137120794482605e-11,8.74033301195919e-12,2.204294721079541e-12,6.902002182167369e-13
sub-060,Control,Pz,9.17201389060242e-11,8.858641058062516e-12,2.3951892626409713e-12,7.952749658028387e-13
sub-061,Control,Fp1,2.1140926745751196e-10,1.3030496190199578e-11,3.370196920899635e-12,6.993963010351077e-13
sub-061,Control,Fp2,2.2515821788111987e-10,1.8225341389327577e-11,3.7222745163580635e-12,6.718605071827713e-13
sub-061,Control,F3,9.350789166705078e-11,8.856550857208194e-12,2.4204862377422316e-12,5.644244940326522e-13
sub-061,Control,F4,9.536037789401834e-11,9.134642653832177e-12,2.533800775018028e-12,6.201038241088479e-13
sub-061,Control,C3,8.820093189814687e-11,8.525924278212875e-12,2.0461140363323222e-12,4.798366586140666e-13
sub-061,Control,C4,8.793359564793462e-11,8.424931057288799e-12,2.0685459628905316e-12,4.946020841850162e-13
sub-061,Control,P3,8.931246378109424e-11,8.761013318063242e-12,3.5432597457435118e-12,5.280646061511567e-13
sub-061,Control,P4,8.901768635185906e-11,8.643253725965196e-12,3.741869218978229e-12,5.005191383306866e-13
sub-061,Control,O1,9.049623568554058e-11,9.258114311377743e-12,1.0475605237704713e-11,6.675612208433229e-13
sub-061,Control,O2,9.196046695464899e-11,9.430500630654908e-12,1.1953474855724856e-11,6.799582153531553e-13
sub-061,Control,F7,9.832206842395769e-11,9.101364195344956e-12,2.6284526185972275e-12,6.623658317198219e-13
sub-061,Control,F8,1.0826420714981157e-10,1.0837534953718033e-11,3.1244674455862148e-12,8.601696667533843e-13
sub-061,Control,T3,8.970887256946237e-11,8.889404190354489e-12,2.5435947069248212e-12,6.609349724275939e-13
sub-061,Control,T4,8.881615254538908e-11,8.725191644025845e-12,2.782569577317639e-12,7.437737806917191e-13
sub-061,Control,T5,8.992860587089118e-11,9.107770848561726e-12,5.161916951593372e-12,6.475524475529424e-13
sub-061,Control,T6,9.001967446121059e-11,9.089220325453624e-12,7.930354739620961e-12,6.388195694308918e-13
sub-061,Control,Fz,9.118838389653584e-11,8.76189553486867e-12,2.4628331194680747e-12,4.656154589482176e-13
sub-061,Control,Cz,8.782858339801095e-11,8.514937482622346e-12,2.098452017736165e-12,4.48325738682621e-13
sub-061,Control,Pz,8.874839688494527e-11,8.704620275321547e-12,3.5051167433883862e-12,4.952780270096881e-13
sub-062,Control,Fp1,1.0099606291112469e-10,1.1795604835834782e-11,7.617773757198759e-12,1.247821290237899e-12
sub-062,Control,Fp2,8.998303450232886e-11,9.598191262547571e-12,7.030118428962757e-12,1.485166213316999e-12
sub-062,Control,F3,8.214727303381514e-11,9.006183358949191e-12,5.2873069169753576e-12,7.933492012049039e-13
sub-062,Control,F4,8.21283713712238e-11,9.061091586014297e-12,4.649203703053664e-12,7.943756371909438e-13
sub-062,Control,C3,8.064797059040132e-11,8.510522021001032e-12,2.9439988713682875e-12,5.731546920562341e-13
sub-062,Control,C4,8.104263811698059e-11,8.666907358502125e-12,2.868589315122965e-12,5.743468405227738e-13
sub-062,Control,P3,8.361847105638033e-11,9.387722925933193e-12,1.1973428443729638e-11,7.822469566199488e-13
sub-062,Control,P4,8.167347821061317e-11,9.224775122147026e-12,1.3661368677838395e-11,7.96457454637417e-13
sub-062,Control,O1,8.707250350751171e-11,1.0784637906652741e-11,2.956056179988652e-11,1.0081536453634757e-12
sub-062,Control,O2,1.0137604968211662e-10,1.2557632046822468e-11,3.013714402515475e-11,1.1572459919774833e-12
sub-062,Control,F7,8.25628152835621e-11,9.827053601647489e-12,5.601449093853713e-12,7.997494666380942e-13
sub-062,Control,F8,8.296367431657922e-11,9.588376557244659e-12,5.908736861956737e-12,8.098810823004366e-13
sub-062,Control,T3,8.364676514399882e-11,9.992829009157055e-12,6.4067714475785194e-12,7.880542722425638e-13
sub-062,Control,T4,1.0024527382639079e-10,1.1885133014941016e-11,7.990514785720079e-12,9.755267116154662e-13
sub-062,Control,T5,8.380203747653436e-11,1.0638942626604185e-11,2.783627564594335e-11,1.0824930828377495e-12
sub-062,Control,T6,9.235348047604027e-11,1.089303568112249e-11,1.9188204160550717e-11,9.56976987058356e-13
sub-062,Control,Fz,8.252623157218817e-11,9.118179090897157e-12,5.923937225071489e-12,6.794092241844313e-13
sub-062,Control,Cz,8.822189803785988e-11,9.625687151922752e-12,3.651631393094518e-12,6.631693318218951e-13
sub-062,Control,Pz,8.17671287700185e-11,9.134740117962202e-12,1.0926122404800115e-11,7.171472257534948e-13
sub-063,Control,Fp1,8.124243081876373e-11,9.590610310089386e-12,2.8134269177401915e-12,7.414564891116452e-13
sub-063,Control,Fp2,8.283077280698729e-11,9.597507984785684e-12,2.7591980118102496e-12,7.423023795474492e-13
sub-063,Control,F3,7.901963975775049e-11,9.212894135095826e-12,2.6027550555522322e-12,6.810793076415675e-13
sub-063,Control,F4,8.011522945287877e-11,9.207449675326861e-12,2.558199519797272e-12,6.679044815281335e-13
sub-063,Control,C3,7.87640633146395e-11,9.014678515546872e-12,2.431954503974507e-12,5.991058630703358e-13
sub-063,Control,C4,7.937938589569892e-11,8.957945977535171e-12,2.384535237598494e-12,6.161802871560832e-13
sub-063,Control,P3,7.960158403237026e-11,9.194198391306633e-12,3.1300421760970074e-12,7.748538226663636e-13
sub-063,Control,P4,8.047379415247526e-11,9.133862404412e-12,3.2906180039148653e-12,6.829726550299644e-13
sub-063,Control,O1,8.147151731129033e-11,9.783783120241217e-12,6.456346414031186e-12,9.476163655267608e-13
sub-063,Control,O2,8.31807999816673e-11,1.0047614680818513e-11,8.238858064703121e-12,9.54267187213074e-13
sub-063,Control,F7,8.147424281227631e-11,9.736610959190831e-12,3.1921368223729337e-12,8.560996953766946e-13
sub-063,Control,F8,8.361061960251372e-11,9.728556777284288e-12,2.9846500187511935e-12,9.334911178180045e-13
sub-063,Control,T3,8.240845895822634e-11,1.0028738461680778e-11,3.4029621670275294e-12,8.624767176662737e-13
sub-063,Control,T4,8.173623965882461e-11,9.588012025529877e-12,3.1831674027856484e-12,1.0298111382846473e-12
sub-063,Control,T5,7.973192841341268e-11,9.60026932710186e-12,4.9427768232193724e-12,9.293359888821211e-13
sub-063,Control,T6,8.185493464120196e-11,9.456371299498922e-12,4.95394133817703e-12,8.263491065469198e-13
sub-063,Control,Fz,7.915719046538895e-11,9.153801561947662e-12,2.574316104355551e-12,6.271338193639389e-13
sub-063,Control,Cz,7.957570894924565e-11,9.037805733221706e-12,2.4172060352778804e-12,5.876833579049762e-13
sub-063,Control,Pz,8.030675490606306e-11,9.223011222101893e-12,2.9370022085216334e-12,6.527124436644339e-13
sub-064,Control,Fp1,1.601056466612222e-10,1.6339971080373587e-11,1.558322223573704e-11,1.849511158374847e-12
sub-064,Control,Fp2,1.6065223195620043e-10,1.6109890732721005e-11,1.5726918991165694e-11,1.692289400434076e-12
sub-064,Control,F3,1.0036807132789219e-10,1.1078892484567743e-11,1.2271658285769861e-11,1.6774005978592627e-12
sub-064,Control,F4,1.0885321835854926e-10,1.1806790903641677e-11,1.3185488960904986e-11,1.6769041576070359e-12
sub-064,Control,C3,9.552613032936275e-11,1.0329855804306006e-11,7.425387079073297e-12,1.1294127142911793e-12
sub-064,Control,C4,9.613904508954372e-11,1.014109532225687e-11,7.0176974449157635e-12,1.1248469251491793e-12
sub-064,Control,P3,9.954288336599489e-11,1.1914472057674516e-11,2.6623800179877814e-11,1.841619448380835e-12
sub-064,Control,P4,9.750089316459114e-11,1.1251866843394653e-11,2.0065563256418868e-11,1.7372248976065894e-12
sub-064,Control,O1,1.0379772951757671e-10,1.37472344869177e-11,4.9012489470160913e-11,2.0297170908332522e-12
sub-064,Control,O2,1.040866695854726e-10,1.493331474564414e-11,7.45869941073352e-11,2.469538501918048e-12
sub-064,Control,F7,1.0712853394748047e-10,1.1993006803445102e-11,1.3389703792818549e-11,1.792554557706759e-12
sub-064,Control,F8,1.1486163154527888e-10,1.246299089493006e-11,1.4111466167154337e-11,1.668406792430762e-12
sub-064,Control,T3,9.942527994525477e-11,1.1544881625574967e-11,1.61520068413021e-11,1.7172742342567497e-12
sub-064,Control,T4,1.0425779903615077e-10,1.168847103529116e-11,1.283208526343562e-11,1.8162331672045334e-12
sub-064,Control,T5,1.0379091074090727e-10,1.5983177404894652e-11,8.67041760375655e-11,2.925145057740082e-12
sub-064,Control,T6,1.0112678226042111e-10,1.2715824991083807e-11,3.982081192745695e-11,1.950711173832584e-12
sub-064,Control,Fz,9.985749028722998e-11,1.1024091045798515e-11,1.3660133254734393e-11,1.2701643624084903e-12
sub-064,Control,Cz,9.649608934874646e-11,1.0285359685352012e-11,8.841298591485966e-12,1.3616883024385168e-12
sub-064,Control,Pz,9.88978031955188e-11,1.1008778801188198e-11,1.8231493027134807e-11,1.583043105650311e-12
sub-065,Control,Fp1,1.2311249802207932e-10,1.1494459010906513e-11,2.6828152478583096e-12,1.324782440401727e-12
sub-065,Control,Fp2,1.2936069643841223e-10,1.2335630129600064e-11,2.640903035560888e-12,1.049362163248821e-12
sub-065,Control,F3,9.220430096828756e-11,8.79607427513207e-12,2.2165759066942563e-12,8.174347632488505e-13
sub-065,Control,F4,9.261453192652745e-11,8.858908265968767e-12,2.2041513635247274e-12,7.552901925320467e-13
sub-065,Control,C3,8.761301885101592e-11,8.3417185719642e-12,2.074907014254613e-12,5.764449133882147e-13
sub-065,Control,C4,8.847749584208073e-11,8.475035584233306e-12,2.0478106573892657e-12,5.749099735818205e-13
sub-065,Control,P3,8.881906799419966e-11,8.549346964894993e-12,3.0778366078122614e-12,7.174845629978071e-13
sub-065,Control,P4,8.898215470151067e-11,8.527013399671784e-12,2.6922013574828274e-12,6.300799659613677e-13
sub-065,Control,O1,9.043170742219763e-11,8.976317797889731e-12,6.4303560683781036e-12,9.43051980448142e-13
sub-065,Control,O2,9.110851001950099e-11,9.010137446715393e-12,5.752470699522066e-12,9.290630440047886e-13
sub-065,Control,F7,9.59237592148427e-11,9.138311794592428e-12,2.5884498129055635e-12,1.0720548159069132e-12
sub-065,Control,F8,9.68110874590772e-11,9.380546321908652e-12,2.5439360263201713e-12,1.103929025340522e-12
sub-065,Control,T3,9.144439134132573e-11,9.008355984319277e-12,2.923019266653096e-12,9.208874800717407e-13
sub-065,Control,T4,9.1118415524853e-11,9.12482232828851e-12,2.927970779196664e-12,1.1435629234593132e-12
sub-065,Control,T5,8.998946570135054e-11,9.012765083683799e-12,6.6448744321090974e-12,1.031558055000838e-12
sub-065,Control,T6,9.02659892510465e-11,8.941249823945615e-12,5.703425291168047e-12,9.155647807087084e-13
sub-065,Control,Fz,9.284811969190562e-11,8.830793178020833e-12,2.128950492118183e-12,5.698765690062341e-13
sub-065,Control,Cz,8.825352811933625e-11,8.409851068974453e-12,2.0386338453123743e-12,5.259276483450033e-13
sub-065,Control,Pz,8.905480871190947e-11,8.54621311066218e-12,2.7088135313660927e-12,6.179611053088465e-13
